family,n,seed,K,m,edge_index,u,v,fractional_weight_change,epsilon,delta,epsilon_over_delta,DK_bound,DK_assumption_pass,rho,r,kappa_star,sigma_star,eta1,eta2,B_t,smallness_rhs_1,smallness_rhs_2,smallness_slack_1,smallness_slack_2,smallness_1,smallness_2,smallness_pass,P_act,P_cert,P_max,diameter,nontrivial_certificate,integer_radius_sharp,certificate_slack_hops,certificate_crossing_slack,min_positive_compression_eig_baseline,min_positive_compression_eig_perturbed,perturbed_top_two_objective_gap
grid,16,500,4,2,0,0,4,-0.2,0.41601835433354994,0.6610722863129022,0.629308417471063,1.697660392442113,False,0.054014246343453254,0.054014246343453254,0.35552130632074075,0.21811117824901485,0.6077188104695274,1.8189439397254294,2.4266627501949567,0.17776065316037037,0.059390776333224135,0.12374640681691712,0.005376529989770881,True,True,True,3,4.0,5,6,True,False,1.0,0.03976233881080837,0.008899797275595894,0.00964118699240315,0.016959284847457123
grid,16,500,4,2,0,0,4,-0.1,0.20800917716677514,0.6610722863129022,0.3146542087355318,0.4591174451585853,False,0.024352429507193504,0.024352429507193504,0.35552130632074075,0.21811117824901485,0.2739912244271905,0.5873774090207651,0.8613686334479556,0.17776065316037037,0.08291919005803165,0.15340822365317686,0.05856676055083815,True,True,True,0,4.0,5,6,True,False,4.0,1.6050564555578095,0.008899797275595894,0.009646517617597194,0.012096659305854018
grid,16,500,4,2,0,0,4,-0.05,0.1040045885833878,0.6610722863129022,0.15732710436776623,0.18670008870966254,True,0.0115992773492073,0.0115992773492073,0.35552130632074075,0.21811117824901485,0.13050444114584545,0.24237641586662223,0.37288085701246765,0.17776065316037037,0.09571292081148926,0.16616137581116308,0.08411364346228195,True,True,True,0,3.0,5,6,True,False,3.0,0.3114935828304447,0.008899797275595894,0.009256563925849878,0.010170887112765703
grid,16,500,4,2,0,0,4,-0.02,0.04160183543335538,0.6610722863129022,0.06293084174710689,0.06715709421536988,True,0.004510807461873476,0.004510807461873476,0.35552130632074075,0.21811117824901485,0.05075147263105474,0.08703169508022808,0.13778316771128282,0.17776065316037037,0.10365895913472203,0.17324984569849688,0.09914815167284856,True,True,True,0,3.0,5,6,True,False,3.0,0.5465912721316295,0.008899797275595894,0.009037368970147059,0.009125814976459479
grid,16,500,4,2,0,0,4,0.02,0.04160183543335471,0.6610722863129022,0.06293084174710588,0.06715709421536872,True,0.004349063124338596,0.004349063124338596,0.35552130632074075,0.21811117824901485,0.04893167353986937,0.08375843123288956,0.13269010477275894,0.17776065316037037,0.10384776936058093,0.17341159003603177,0.09949870623624234,True,True,True,0,3.0,5,6,True,False,3.0,0.5516843350701535,0.008899797275595894,0.008768560369573623,0.007844805718094205
grid,16,500,4,2,0,0,4,0.05,0.10400458858338715,0.6610722863129022,0.15732710436776526,0.18670008870966115,True,0.010586929032507015,0.010586929032507015,0.35552130632074075,0.21811117824901485,0.11911442542862173,0.21871713432110704,0.3378315597497288,0.17776065316037037,0.096809324659164,0.16717372412786335,0.08622239562665698,True,True,True,0,3.0,5,6,True,False,3.0,0.34654288009318357,0.008899797275595894,0.008582716136734213,0.006959614006194048
grid,16,500,4,2,0,0,4,0.1,0.2080091771667747,0.6610722863129022,0.3146542087355311,0.45911744515858394,False,0.020282300168934342,0.020282300168934342,0.35552130632074075,0.21811117824901485,0.22819785828122777,0.4673092137382866,0.6955070720195143,0.17776065316037037,0.08680462345984605,0.15747835299143603,0.0665223232909117,True,True,True,0,4.0,5,6,True,False,4.0,1.7709180169862506,0.008899797275595894,0.00829940757970545,0.0056110241937126215
grid,16,500,4,2,0,0,4,0.2,0.416018354333549,0.6610722863129022,0.6293084174710616,1.6976603924421025,False,0.03739730554164624,0.03739730554164624,0.35552130632074075,0.21811117824901485,0.42076021748083364,1.044614911050105,1.4653751285309387,0.17776065316037037,0.07160017561696949,0.14036334761872413,0.03420287007532325,True,True,True,0,4.0,5,6,True,False,4.0,1.0010499604748264,0.008899797275595894,0.007815546212173292,0.0033106832798157626
grid,16,500,4,2,1,0,1,-0.2,0.48495471720084027,0.6610722863129022,0.7335880315080989,2.753585117293257,False,0.04766848290265343,0.04766848290265343,0.35552130632074075,0.21811117824901485,0.5363220944023911,1.4946349172107076,2.030957011613099,0.17776065316037037,0.063786122421939,0.13009217025771694,0.01611763951928557,True,True,True,0,4.0,5,6,True,False,4.0,0.43546807739266624,0.008899797275595894,0.008873023310970462,0.011174898864229066
grid,16,500,4,2,1,0,1,-0.1,0.2424773586004201,0.6610722863129022,0.3667940157540494,0.5792649230737195,False,0.02151333094481995,0.02151333094481995,0.35552130632074075,0.21811117824901485,0.242048288666123,0.5025855081572123,0.7446337968233352,0.17776065316037037,0.08561062981581408,0.15624732221555043,0.06409729887099413,True,True,True,0,4.0,5,6,True,False,4.0,1.7217912921824299,0.008899797275595894,0.008884114345969002,0.019155782273292843
grid,16,500,4,2,1,0,1,-0.05,0.12123867930021005,0.6610722863129022,0.1833970078770247,0.22458527539831286,True,0.010252400530186952,0.010252400530186952,0.35552130632074075,0.21811117824901485,0.11535061722503394,0.211010355148087,0.32636097237312095,0.17776065316037037,0.09717438296326095,0.16750825263018343,0.086921982433074,True,True,True,0,3.0,5,6,True,False,3.0,0.3580134674697914,0.008899797275595894,0.008891687883128845,0.01350551668632427
grid,16,500,4,2,1,0,1,-0.02,0.04849547172008429,0.6610722863129022,0.0733588031508103,0.07916635198202761,True,0.003988279780036887,0.003988279780036887,0.35552130632074075,0.21811117824901485,0.0448724699097362,0.07649896339671027,0.12137143330644647,0.17776065316037037,0.10427016531856421,0.1737723733803335,0.10028188553852732,True,True,True,0,3.0,5,6,True,False,3.0,0.5630030065364658,0.008899797275595894,0.008896515021165334,0.010416539354905163
grid,16,500,4,2,1,0,1,0.02,0.04849547172008429,0.6610722863129022,0.0733588031508103,0.07916635198202761,True,0.003846862405618276,0.003846862405618276,0.35552130632074075,0.21811117824901485,0.04328137118339401,0.07366913676175182,0.11695050794514583,0.17776065316037037,0.10443620150074905,0.1739137907547521,0.10058933909513076,True,True,True,0,3.0,5,6,True,False,3.0,0.5674239318977665,0.008899797275595894,0.008903107817810793,0.006607763642810571
grid,16,500,4,2,1,0,1,0.05,0.12123867930021028,0.6610722863129022,0.18339700787702504,0.22458527539831336,True,0.009367268159717484,0.009367268159717484,0.35552130632074075,0.21811117824901485,0.10539191877593533,0.1908825153802958,0.2962744341562311,0.17776065316037037,0.09814694804346064,0.1683933850006529,0.08877967988374315,True,True,True,0,3.0,5,6,True,False,3.0,0.38810000568668124,0.008899797275595894,0.008908092058022081,0.003961112288964008
grid,16,500,4,2,1,0,1,0.1,0.24247735860042055,0.6610722863129022,0.3667940157540501,0.5792649230737211,False,0.017954524206949752,0.017954524206949752,0.35552130632074075,0.21811117824901485,0.2020078559314441,0.4029831297507715,0.6049909856822155,0.17776065316037037,0.08910806870775899,0.1598061289534206,0.07115354450080924,True,True,True,3,3.0,5,6,True,True,0.0,0.07938345416069681,0.008899797275595894,0.008916347232954992,9.477299663718242e-05
grid,16,500,4,2,1,0,1,0.2,0.48495471720084066,0.6610722863129022,0.7335880315080995,2.7535851172932655,False,0.033135808227922676,0.033135808227922676,0.35552130632074075,0.21811117824901485,0.37281375421172125,0.8822478157419524,1.2550615699536736,0.17776065316037037,0.0751167815588325,0.1446248449324477,0.041980973330909825,True,True,True,3,4.0,5,6,True,False,1.0,1.2113635190520915,0.008899797275595894,0.008932227727626162,0.007081110567916715
grid,16,500,4,2,2,1,5,-0.2,0.434885727783372,0.6610722863129022,0.6578489777705333,1.922685992530342,False,0.027628659734798396,0.027628659734798396,0.35552130632074075,0.21811117824901485,0.3108523651729907,0.6914222518109401,1.0022746169839307,0.17776065316037037,0.07991834125220798,0.15013199342557199,0.052289681517409585,True,True,True,0,4.0,5,6,True,False,4.0,1.4641504720218343,0.008899797275595894,0.009730241416241672,0.010240212090998346
grid,16,500,4,2,2,1,5,-0.1,0.21744286389168593,0.6610722863129022,0.32892448888526654,0.4901452719365146,False,0.012741640791426267,0.012741640791426267,0.35552130632074075,0.21811117824901485,0.14335726793185372,0.26969115007991995,0.41304841801177367,0.17776065316037037,0.09449061111312272,0.16501901236894412,0.08174897032169645,True,True,True,0,3.0,5,6,True,False,3.0,0.2713260218311387,0.008899797275595894,0.009691149845702917,0.009177019374971396
grid,16,500,4,2,2,1,5,-0.05,0.10872143194584297,0.6610722863129022,0.16446224444263327,0.1968340070197361,True,0.006132742707585719,0.006132742707585719,0.35552130632074075,0.21811117824901485,0.06900000195265868,0.12050446316193056,0.18950446511458924,0.17776065316037037,0.10178449074279862,0.17162791045278467,0.0956517480352129,True,True,True,0,3.0,5,6,True,False,3.0,0.4948699747283231,0.008899797275595894,0.009534410298319642,0.00878739243771487
grid,16,500,4,2,2,1,5,-0.02,0.04348857277833718,0.6610722863129022,0.0657848977770533,0.07041729214237644,True,0.0023993021877133235,0.0023993021877133235,0.35552130632074075,0.21811117824901485,0.026994749907323354,0.04520543871763331,0.07220018862495667,0.17776065316037037,0.10615104092673816,0.17536135097265704,0.10375173873902484,True,True,True,0,3.0,5,6,True,False,3.0,0.6121742512179557,0.008899797275595894,0.009145847084747881,0.008589217569903163
grid,16,500,4,2,2,1,5,0.02,0.043488572778337405,0.6610722863129022,0.06578489777705364,0.07041729214237682,True,0.002331143341095159,0.002331143341095159,0.35552130632074075,0.21811117824901485,0.026227889014247385,0.043887584019217954,0.07011547303346534,0.17776065316037037,0.10623247522918433,0.17542950981927521,0.10390133188808917,True,True,True,0,3.0,5,6,True,False,3.0,0.614258966809447,0.008899797275595894,0.00866350114659621,0.008360566790329704
grid,16,500,4,2,2,1,5,0.05,0.10872143194584316,0.6610722863129022,0.16446224444263358,0.19683400701973652,True,0.005706283601767549,0.005706283601767549,0.35552130632074075,0.21811117824901485,0.0642018748279408,0.11158811458135354,0.17578998940929436,0.17776065316037037,0.10227403918734325,0.17205436955860282,0.0965677555855757,True,True,True,0,3.0,5,6,True,False,3.0,0.508584450433618,0.008899797275595894,0.00832624202565964,0.00821260261538903
grid,16,500,4,2,2,1,5,0.1,0.21744286389168652,0.6610722863129022,0.32892448888526743,0.4901452719365166,False,0.011029109081715623,0.011029109081715623,0.35552130632074075,0.21811117824901485,0.12408943020439386,0.22898859601909505,0.35307802622348894,0.17776065316037037,0.09632889387029493,0.16673154407865476,0.0852997847885793,True,True,True,0,3.0,5,6,True,False,3.0,0.3312964136194234,0.008899797275595894,0.00780616241964848,0.00800462287734649
grid,16,500,4,2,2,1,5,0.2,0.4348857277833722,0.6610722863129022,0.6578489777705336,1.9226859925303446,False,0.02066926155532958,0.02066926155532958,0.35552130632074075,0.21811117824901485,0.23255159325593144,0.4783027767979913,0.7108543700539227,0.17776065316037037,0.0864275206332709,0.1570913916050408,0.06575825907794132,True,True,True,0,4.0,5,6,True,False,4.0,1.7555707189518424,0.008899797275595894,0.0069016183470049074,0.00770562820350662
grid,16,500,4,2,3,1,2,-0.2,0.3786776351052386,0.6610722863129022,0.5728233401180592,1.3409518681951655,False,0.045832934703742174,0.045832934703742174,0.35552130632074075,0.21811117824901485,0.5156701878496482,1.4077075852573357,1.923377773106984,0.17776065316037037,0.06511712401601316,0.1319277184566282,0.019284189312270987,True,True,True,0,4.0,5,6,True,False,4.0,0.543047315898781,0.008899797275595894,0.00928890251239009,0.012706906910972426
grid,16,500,4,2,3,1,2,-0.1,0.1893388175526195,0.6610722863129022,0.28641167005902995,0.4013682091503972,False,0.021927446064623865,0.021927446064623865,0.35552130632074075,0.21811117824901485,0.24670753257011915,0.5146522063456807,0.7613597389157998,0.17776065316037037,0.08521267681069915,0.1558332070957465,0.06328523074607528,True,True,True,0,4.0,5,6,True,False,4.0,1.7050653500899653,0.008899797275595894,0.009052236351567412,0.010089942530095986
grid,16,500,4,2,3,1,2,-0.05,0.09466940877630958,0.6610722863129022,0.1432058350295147,0.16714146860984733,True,0.01072628725043126,0.01072628725043126,0.35552130632074075,0.21811117824901485,0.12068235641274701,0.22194387902334023,0.3426262354360872,0.17776065316037037,0.09665765325569763,0.16703436590993911,0.08593136600526637,True,True,True,0,3.0,5,6,True,False,3.0,0.34174820440682513,0.008899797275595894,0.008966427653450704,0.009169106661171877
grid,16,500,4,2,3,1,2,-0.02,0.037867763510523796,0.6610722863129022,0.05728233401180583,0.060762979286868676,True,0.004234806099120738,0.004234806099120738,0.35552130632074075,0.21811117824901485,0.047646158177650506,0.08145318314453216,0.12909934132218268,0.17776065316037037,0.10398135310700905,0.17352584706124963,0.09974654700788832,True,True,True,0,3.0,5,6,True,False,3.0,0.5552750985207296,0.008899797275595894,0.008924262669559264,0.008724705376956132
grid,16,500,4,2,3,1,2,0.02,0.03786776351052423,0.6610722863129022,0.05728233401180649,0.060762979286869426,True,0.004162019775921146,0.004162019775921146,0.35552130632074075,0.21811117824901485,0.04682723315790582,0.07998766441783237,0.1268148975757382,0.17776065316037037,0.10406654091510817,0.17359863338444922,0.09990452113918702,True,True,True,0,3.0,5,6,True,False,3.0,0.5575595422671742,0.008899797275595894,0.008878118476896613,0.008247127360633044
grid,16,500,4,2,3,1,2,0.05,0.09466940877631003,0.6610722863129022,0.1432058350295154,0.16714146860984824,True,0.010271368644278139,0.010271368644278139,0.35552130632074075,0.21811117824901485,0.11556402906566299,0.21144586868680923,0.32700989775247225,0.17776065316037037,0.09715364701205821,0.16748928451609224,0.08688227836778008,True,True,True,0,3.0,5,6,True,False,3.0,0.3573645420904401,0.008899797275595894,0.008850590626889906,0.007968684104034729
grid,16,500,4,2,3,1,2,0.1,0.1893388175526196,0.6610722863129022,0.2864116700590301,0.40136820915039756,False,0.02010771958260276,0.02010771958260276,0.35552130632074075,0.21811117824901485,0.22623363747951775,0.46237772933502147,0.6886113668145393,0.17776065316037037,0.08697529446983145,0.1576529335777676,0.06686757488722869,True,True,True,0,4.0,5,6,True,False,4.0,1.7778137221912258,0.008899797275595894,0.008817159978295538,0.007642766265295364
grid,16,500,4,2,3,1,2,0.2,0.378677635105239,0.6610722863129022,0.5728233401180599,1.3409518681951689,False,0.038553591245448646,0.038553591245448646,0.35552130632074075,0.21811117824901485,0.4337696847982072,1.0910149119992345,1.5247845967974416,0.17776065316037037,0.07067472831292648,0.13920706191492171,0.03212113706747784,True,True,True,0,4.0,5,6,True,False,4.0,0.9416404922083235,0.008899797275595894,0.00879158343105592,0.007439961238072668
grid,16,500,4,2,4,2,6,-0.2,0.3923276667941308,0.6610722863129022,0.5934716594796597,1.4598531032794402,False,0.03347445755508109,0.03347445755508109,0.35552130632074075,0.21811117824901485,0.3766239261607734,0.8946667731779973,1.2712906993387707,0.17776065316037037,0.07483111826356206,0.14428619560528927,0.04135666070848097,True,True,True,3,4.0,5,6,True,False,1.0,1.1951343896669944,0.008899797275595894,0.009154928151510014,0.027000233852927824
grid,16,500,4,2,4,2,6,-0.1,0.19616383339706545,0.6610722863129022,0.2967358297398299,0.42194077601032,False,0.015502689835120731,0.015502689835120731,0.35552130632074075,0.21811117824901485,0.17442206201993044,0.33848518473208744,0.5129072467520179,0.17776065316037037,0.09160040400226782,0.16225796332524964,0.07609771416714708,True,True,True,3,3.0,5,6,True,True,0.0,0.17146719309089442,0.008899797275595894,0.009009051632217522,0.008028839718498881
grid,16,500,4,2,4,2,6,-0.05,0.09808191669853272,0.6610722863129022,0.14836791486991496,0.1742159759601496,True,0.0074750293525506495,0.0074750293525506495,0.35552130632074075,0.21811117824901485,0.08410218144064649,0.1491145709202341,0.2332167523608806,0.17776065316037037,0.10025887217352178,0.17028562380781972,0.09278384282097113,True,True,True,0,3.0,5,6,True,False,3.0,0.4511576874820318,0.008899797275595894,0.008950575982087105,0.0005000927882847783
grid,16,500,4,2,4,2,6,-0.02,0.03923276667941334,0.6610722863129022,0.059347165947966365,0.06309146562852272,True,0.00292733491448605,0.00292733491448605,0.35552130632074075,0.21811117824901485,0.032935690350384746,0.05548278704432483,0.08841847739470957,0.17776065316037037,0.10552227349889334,0.17483331824588433,0.1025949385844073,True,True,True,0,3.0,5,6,True,False,3.0,0.5959559624482028,0.008899797275595894,0.008919262884714754,0.0053457906087364115
grid,16,500,4,2,4,2,6,0.02,0.039232766679412556,0.6610722863129022,0.05934716594796518,0.06309146562852139,True,0.0028476778134985388,0.0028476778134985388,0.35552130632074075,0.21811117824901485,0.0320394616341722,0.05392466806963019,0.08596412970380239,0.17776065316037037,0.10561688798237856,0.17491297534687184,0.10276921016888002,True,True,True,0,3.0,5,6,True,False,3.0,0.59841031013911,0.008899797275595894,0.008881378662950256,0.011513238076458432
grid,16,500,4,2,4,2,6,0.05,0.09808191669853272,0.6610722863129022,0.14836791486991496,0.1742159759601496,True,0.006976700415147818,0.006976700415147818,0.35552130632074075,0.21811117824901485,0.07849544082011947,0.1383955986866631,0.21689103950678257,0.17776065316037037,0.10082257645987044,0.17078395274522257,0.09384587604472262,True,True,True,0,3.0,5,6,True,False,3.0,0.4674834003361298,0.008899797275595894,0.008855575820971944,0.015932115114781542
grid,16,500,4,2,4,2,6,0.1,0.19616383339706545,0.6610722863129022,0.2967358297398299,0.42194077601032,False,0.013502604261882035,0.013502604261882035,0.35552130632074075,0.21811117824901485,0.15191893168507192,0.2882552067096915,0.44017413839476344,0.17776065316037037,0.09368506758999026,0.16425804889848833,0.08018246332810823,True,True,True,0,3.0,5,6,True,False,3.0,0.24420030144814892,0.008899797275595894,0.0088169664611865,0.02293123963204824
grid,16,500,4,2,4,2,6,0.2,0.3923276667941309,0.6610722863129022,0.5934716594796599,1.459853103279441,False,0.025364143095645286,0.025364143095645286,0.35552130632074075,0.21811117824901485,0.2853740987637181,0.6187834058110944,0.9041575045748125,0.17776065316037037,0.08198068292538728,0.1523965100647251,0.05661653982974199,True,True,True,0,4.0,5,6,True,False,4.0,1.5622675844309526,0.008899797275595894,0.008753558599892788,0.03569744510947759
grid,16,500,4,2,5,2,3,-0.2,0.4771266930709464,0.6610722863129022,0.7217466273349573,2.593846825367272,False,0.051317639560442996,0.051317639560442996,0.35552130632074075,0.21811117824901485,0.5773790616548393,1.6764912071988307,2.25387026885367,0.17776065316037037,0.061220290735896195,0.12644301359992738,0.009902651175453199,True,True,True,3,4.0,5,6,True,False,1.0,0.21255482015209504,0.008899797275595894,0.008926159572196337,0.06664859035823922
grid,16,500,4,2,5,2,3,-0.1,0.2385633465354733,0.6610722863129022,0.36087331366747877,0.564635026802379,False,0.0231342515744534,0.0231342515744534,0.35552130632074075,0.21811117824901485,0.2602854024572284,0.5503995061052999,0.8106849085625283,0.17776065316037037,0.08406348958469982,0.15462640158591698,0.060929238010246425,True,True,True,3,4.0,5,6,True,False,1.0,1.6557401804432368,0.008899797275595894,0.008910016260010797,0.025950999127384078
grid,16,500,4,2,5,2,3,-0.05,0.11928167326773685,0.6610722863129022,0.18043665683373972,0.22016194152443386,True,0.011018423802187063,0.011018423802187063,0.35552130632074075,0.21811117824901485,0.12396920922929518,0.22873924517372196,0.3527084544030171,0.17776065316037037,0.09634047531999883,0.1667422293581833,0.08532205151781176,True,True,True,3,3.0,5,6,True,True,0.0,0.33166598543989523,0.008899797275595894,0.00890431544941938,0.00804002113462099
grid,16,500,4,2,5,2,3,-0.02,0.04771266930709506,0.6610722863129022,0.07217466273349636,0.07778906205141205,True,0.004284765488729403,0.004284765488729403,0.35552130632074075,0.21811117824901485,0.04820825545531513,0.08246045069934588,0.130668706154661,0.17776065316037037,0.10392292189505077,0.17347588767164096,0.09963815640632137,True,True,True,0,3.0,5,6,True,False,3.0,0.5537057336882514,0.008899797275595894,0.008901478021105849,0.0020245296457550577
grid,16,500,4,2,5,2,3,0.02,0.04771266930709462,0.6610722863129022,0.0721746627334957,0.07778906205141128,True,0.004130914637370725,0.004130914637370725,0.35552130632074075,0.21811117824901485,0.0464772666383481,0.07936209221870268,0.12583935885705078,0.17776065316037037,0.10410296709383435,0.17362973852299965,0.09997205245646362,True,True,True,0,3.0,5,6,True,False,3.0,0.5585350809858616,0.008899797275595894,0.008898269576960095,0.014714874533528821
grid,16,500,4,2,5,2,3,0.05,0.11928167326773642,0.6610722863129022,0.18043665683373905,0.22016194152443289,True,0.010055482426738495,0.010055482426738495,0.35552130632074075,0.21811117824901485,0.1131350751469926,0.2064994587552809,0.3196345339022735,0.17776065316037037,0.09738991557023964,0.1677051707336319,0.08733443314350114,True,True,True,0,3.0,5,6,True,False,3.0,0.3647399059406389,0.008899797275595894,0.008896238752781994,0.02372379067264352
grid,16,500,4,2,5,2,3,0.1,0.2385633465354733,0.6610722863129022,0.36087331366747877,0.564635026802379,False,0.019262788698467082,0.019262788698467082,0.35552130632074075,0.21811117824901485,0.21672724932090306,0.4387576246691027,0.6554848739900058,0.17776065316037037,0.08780605790267222,0.15849786446190328,0.06854326920420514,True,True,True,0,3.0,5,6,True,False,3.0,0.028889565852906585,0.008899797275595894,0.008893461651574263,0.03784843818234873
grid,16,500,4,2,5,2,3,0.2,0.47712669307094613,0.6610722863129022,0.7217466273349569,2.593846825367266,False,0.03551200381196978,0.03551200381196978,0.35552130632074075,0.21811117824901485,0.3995485297855191,0.9711335719023091,1.3706821016878281,0.17776065316037037,0.07313515841576138,0.1422486493484006,0.03762315460379159,True,True,True,0,4.0,5,6,True,False,4.0,1.095742987317937,0.008899797275595894,0.008889707097623262,0.06314744939348493
grid,16,500,4,2,6,3,7,-0.2,0.355005561116998,0.6610722863129022,0.5370147387315597,1.1598959700364995,False,0.06356859618178255,0.06356859618178255,0.35552130632074075,0.21811117824901485,0.715215600883654,2.3836301885614315,3.0988457894450856,0.17776065316037037,0.05333763306643424,0.11419205697858782,-0.01023096311534831,True,False,False,3,,5,6,False,False,,,0.008899797275595894,0.008732539335467478,0.10233331774758514
grid,16,500,4,2,6,3,7,-0.1,0.1775027805584989,0.6610722863129022,0.26850736936577974,0.36706777091243953,False,0.028801283445590707,0.028801283445590707,0.35552130632074075,0.21811117824901485,0.3240456527756685,0.7303401016755187,1.0543857544511872,0.17776065316037037,0.07887088051037014,0.14895936971477966,0.05006959706477943,True,True,True,3,4.0,5,6,True,False,1.0,1.4120393345545779,0.008899797275595894,0.008816586980907452,0.04220165499896256
grid,16,500,4,2,6,3,7,-0.05,0.08875139027924961,0.6610722863129022,0.1342536846828901,0.15507277629442176,True,0.01374326432819124,0.01374326432819124,0.35552130632074075,0.21811117824901485,0.15462661825159335,0.2941883388723819,0.44881495712397523,0.17776065316037037,0.09343174091039028,0.16401738883217915,0.07968847658219903,True,True,True,3,3.0,5,6,True,True,0.0,0.23555948271893712,0.008899797275595894,0.008858554832123678,0.01580793586241036
grid,16,500,4,2,6,3,7,-0.02,0.035500556111700006,0.6610722863129022,0.05370147387315628,0.05674897761169928,True,0.005349559412130926,0.005349559412130926,0.35552130632074075,0.21811117824901485,0.06018834108698636,0.1041932409484529,0.16438158203543926,0.17776065316037037,0.10268534433586705,0.17241109374823946,0.09733578492373612,True,True,True,3,3.0,5,6,True,True,0.0,0.5199928578074731,0.008899797275595894,0.008883410524299586,0.001001660490135281
grid,16,500,4,2,6,3,7,0.02,0.03550055611169978,0.6610722863129022,0.053701473873155936,0.0567489776116989,True,0.005163342567981277,0.005163342567981277,0.35552130632074075,0.21811117824901485,0.058093199773777415,0.10035581988093505,0.15844901965471248,0.17776065316037037,0.1029007101751988,0.17259731059238909,0.09773736760721753,True,True,True,0,3.0,5,6,True,False,3.0,0.5259254201881999,0.008899797275595894,0.008916015901745327,0.01763838155619135
grid,16,500,4,2,6,3,7,0.05,0.08875139027924961,0.6610722863129022,0.1342536846828901,0.15507277629442176,True,0.012578075072421644,0.012578075072421644,0.35552130632074075,0.21811117824901485,0.14151697632517224,0.2657396091398441,0.40725658546501636,0.17776065316037037,0.09466466149427122,0.16518257808794873,0.08208658642184957,True,True,True,0,3.0,5,6,True,False,3.0,0.277117854377896,0.008899797275595894,0.008939996599724708,0.03084943578795407
grid,16,500,4,2,6,3,7,0.1,0.17750278055849922,0.6610722863129022,0.2685073693657802,0.3670677709124404,False,0.024121468155952813,0.024121468155952813,0.35552130632074075,0.21811117824901485,0.2713926589163817,0.5802967514279816,0.8516894103443633,0.17776065316037037,0.08313494120584074,0.15363918500441756,0.059013473049887924,True,True,True,0,4.0,5,6,True,False,4.0,1.6147356786614018,0.008899797275595894,0.008978945703625727,0.05152292011132964
grid,16,500,4,2,6,3,7,0.2,0.3550055611169981,0.6610722863129022,0.5370147387315599,1.1598959700365004,False,0.04454461585641049,0.04454461585641049,0.35552130632074075,0.21811117824901485,0.5011752045738003,1.3484501977893348,1.849625402363135,0.17776065316037037,0.06606786951336795,0.1332160373039599,0.02152325365695746,True,True,True,0,4.0,5,6,True,False,4.0,0.61679968664263,0.008899797275595894,0.009052648853078184,0.07491902984132981
grid,16,500,4,2,7,4,8,-0.2,0.4686929896108001,0.6610722863129022,0.7089890157472974,2.4362964084257346,False,0.04457347627376039,0.04457347627376039,0.35552130632074075,0.21811117824901485,0.5014999155470871,1.3497620688891212,1.8512619844362082,0.17776065316037037,0.06604642003378444,0.13318717688660997,0.021472943760024052,True,True,True,0,4.0,5,6,True,False,4.0,0.6151631045695569,0.008899797275595894,0.008359920433605256,0.013107530976105064
grid,16,500,4,2,7,4,8,-0.1,0.23434649480539968,0.6610722863129022,0.35449450787364817,0.5491734961168372,False,0.020931922993534788,0.020931922993534788,0.35552130632074075,0.21811117824901485,0.23550681910074475,0.48581453899483784,0.7213213580955826,0.17776065316037037,0.086172484820415,0.15682873016683557,0.0652405618268802,True,True,True,0,4.0,5,6,True,False,4.0,1.7451037309101824,0.008899797275595894,0.008646300283327102,0.01063251827430678
grid,16,500,4,2,7,4,8,-0.05,0.11717324740270031,0.6610722863129022,0.17724725393682478,0.2154319809747737,True,0.010152196440377731,0.010152196440377731,0.35552130632074075,0.21811117824901485,0.1142232126163344,0.20871256287085752,0.32293577548719193,0.17776065316037037,0.09728399958999573,0.16760845671999264,0.08713180314961799,True,True,True,0,3.0,5,6,True,False,3.0,0.3614386643557204,0.008899797275595894,0.008776905228756203,0.009515947559048499
grid,16,500,4,2,7,4,8,-0.02,0.046869298961079935,0.6610722863129022,0.07089890157472963,0.07630913545888159,True,0.003988568029295409,0.003988568029295409,0.35552130632074075,0.21811117824901485,0.04487571302629093,0.07650474040242582,0.12138045342871676,0.17776065316037037,0.10426982715881325,0.17377208513107498,0.10028125912951784,True,True,True,0,3.0,5,6,True,False,3.0,0.5629939864141956,0.008899797275595894,0.00885153393789159,0.008880388361178992
grid,16,500,4,2,7,4,8,0.02,0.04686929896107994,0.6610722863129022,0.07089890157472964,0.0763091354588816,True,0.003895492666467125,0.003895492666467125,0.35552130632074075,0.21811117824901485,0.043828514322038714,0.07464125630264147,0.11846977062468018,0.17776065316037037,0.10437907557912496,0.17386516049390324,0.10048358291265783,True,True,True,0,3.0,5,6,True,False,3.0,0.5659046692182321,0.008899797275595894,0.008946906033409903,0.008070159676890176
grid,16,500,4,2,7,4,8,0.05,0.11717324740270031,0.6610722863129022,0.17724725393682478,0.2154319809747737,True,0.009570240384644003,0.009570240384644003,0.35552130632074075,0.21811117824901485,0.10767557628188974,0.19546446835069742,0.30314004463258715,0.17776065316037037,0.09792306975683499,0.16819041277572638,0.08835282937219098,True,True,True,0,3.0,5,6,True,False,3.0,0.3812343952103252,0.008899797275595894,0.009015471874272107,0.007488702256099433
grid,16,500,4,2,7,4,8,0.1,0.23434649480539996,0.6610722863129022,0.35449450787364856,0.5491734961168382,False,0.018600747627555012,0.018600747627555012,0.35552130632074075,0.21811117824901485,0.20927856977183776,0.42053388552718535,0.6298124552990231,0.17776065316037037,0.08846253901388677,0.15915990553281537,0.06986179138633176,True,True,True,0,3.0,5,6,True,False,3.0,0.054561984543889275,0.008899797275595894,0.009124405878359786,0.0065660354783556585
grid,16,500,4,2,7,4,8,0.2,0.46869298961080014,0.6610722863129022,0.7089890157472974,2.436296408425736,False,0.03519558183083826,0.03519558183083826,0.35552130632074075,0.21811117824901485,0.39598843956863566,0.9590600722880173,1.3550485118566529,0.17776065316037037,0.07339599019459254,0.1425650713295321,0.03820040836375428,True,True,True,0,4.0,5,6,True,False,4.0,1.1113765771491122,0.008899797275595894,0.009323843163491037,0.00487743232516924
grid,16,500,4,2,8,4,5,-0.2,0.38453203760584165,0.6610722863129022,0.5816792589363411,1.3905102038625017,False,0.023750518025349252,0.023750518025349252,0.35552130632074075,0.21811117824901485,0.26721906792187855,0.5689929962099668,0.8362120641318453,0.17776065316037037,0.08348263751417061,0.15401013513502113,0.05973211948882136,True,True,True,0,4.0,5,6,True,False,4.0,1.6302130248739197,0.008899797275595894,0.008716988492521555,0.02159551894519751
grid,16,500,4,2,8,4,5,-0.1,0.19226601880292093,0.6610722863129022,0.2908396294681707,0.4101182772664776,False,0.011089077008519055,0.011089077008519055,0.35552130632074075,0.21811117824901485,0.12476413437246789,0.23038905428567183,0.3551531886581397,0.17776065316037037,0.09626392228485917,0.16667157615185133,0.08517484527634012,True,True,True,0,3.0,5,6,True,False,3.0,0.32922125118477263,0.008899797275595894,0.00879698076343737,0.014473237996689647
grid,16,500,4,2,8,4,5,-0.05,0.09613300940146051,0.6610722863129022,0.14541981473408544,0.1701652077140497,True,0.005366614946749579,0.005366614946749579,0.35552130632074075,0.21811117824901485,0.06038023433575009,0.10454549083818004,0.16492572517393014,0.17776065316037037,0.10266564160201329,0.1723940382136208,0.09729902665526372,True,True,True,0,3.0,5,6,True,False,3.0,0.5194487146689822,0.008899797275595894,0.008846280705807568,0.011348139015772807
grid,16,500,4,2,8,4,5,-0.02,0.038453203760584365,0.6610722863129022,0.05816792589363441,0.06176040028030011,True,0.002106064705257191,0.002106064705257191,0.35552130632074075,0.21811117824901485,0.02369551042723906,0.03954982871105111,0.06324533913829017,0.17776065316037037,0.10650183699373188,0.17565458845511317,0.10439577228847469,True,True,True,0,3.0,5,6,True,False,3.0,0.6211291007046222,0.008899797275595894,0.008877961816011958,0.009593497497379255
grid,16,500,4,2,8,4,5,0.02,0.03845320376058436,0.6610722863129022,0.058167925893634405,0.061760400280300096,True,0.002054252177988136,0.002054252177988136,0.35552130632074075,0.21811117824901485,0.023112563342517094,0.038554358583846766,0.06166692192636386,0.17776065316037037,0.10656394002875783,0.17570640098238224,0.1045096878507697,True,True,True,0,3.0,5,6,True,False,3.0,0.6227075179165484,0.008899797275595894,0.008922125904693871,0.007381929800349463
grid,16,500,4,2,8,4,5,0.05,0.09613300940146051,0.6610722863129022,0.14541981473408544,0.1701652077140497,True,0.005042533009013931,0.005042533009013931,0.35552130632074075,0.21811117824901485,0.056733961305426885,0.09787461430732865,0.15460857561275554,0.17776065316037037,0.1030406718780062,0.17271812015135643,0.09799813886899227,True,True,True,0,3.0,5,6,True,False,3.0,0.5297658642301568,0.008899797275595894,0.00895641167626126,0.005812212295951413
grid,16,500,4,2,8,4,5,0.1,0.1922660188029208,0.6610722863129022,0.2908396294681705,0.4101182772664772,False,0.009789113174965397,0.009789113174965397,0.35552130632074075,0.21811117824901485,0.11013813238111754,0.20042772649085994,0.31056585887197746,0.17776065316037037,0.09768222537226462,0.16797153998540498,0.08789311219729923,True,True,True,0,3.0,5,6,True,False,3.0,0.3738085809709349,0.008899797275595894,0.009015228464953362,0.003351081662064992
grid,16,500,4,2,8,4,5,0.2,0.38453203760584187,0.6610722863129022,0.5816792589363414,1.3905102038625037,False,0.018491685182644525,0.018491685182644525,0.35552130632074075,0.21811117824901485,0.2080514990678154,0.41755546922264125,0.6256069682904566,0.17776065316037037,0.08857115543029676,0.15926896797772586,0.07007947024765224,True,True,True,3,3.0,5,6,True,True,0.0,0.05876747155245576,0.008899797275595894,0.009136741980575472,0.0010591586149224508
grid,16,500,4,2,9,5,9,-0.2,0.3394312506613008,0.6610722863129022,0.5134555746610734,1.0553107751741282,False,0.024154323936998387,0.024154323936998387,0.35552130632074075,0.21811117824901485,0.2717623220613065,0.5813020181509089,0.8530643402122153,0.17776065316037037,0.08310421496155139,0.15360632922337197,0.058949891024553,True,True,True,0,4.0,5,6,True,False,4.0,1.6133607487935497,0.008899797275595894,0.007503447547782168,0.00743768348388496
grid,16,500,4,2,9,5,9,-0.1,0.16971562533065018,0.6610722863129022,0.25672778733053636,0.34540210565453267,False,0.01155292568696309,0.01155292568696309,0.35552130632074075,0.21811117824901485,0.12998293471098335,0.24128199692836702,0.37126493163935037,0.17776065316037037,0.09576284873332658,0.16620772747340729,0.08420992304636349,True,True,True,0,3.0,5,6,True,False,3.0,0.313109508203562,0.008899797275595894,0.008214139047019472,0.007969590283731787
grid,16,500,4,2,9,5,9,-0.05,0.08485781266532522,0.6610722863129022,0.12836389366526837,0.14726775627164437,True,0.0056529987601277205,0.0056529987601277205,0.35552130632074075,0.21811117824901485,0.06360236261089515,0.11047985938332325,0.1740822219942184,0.17776065316037037,0.10233537210640281,0.17210765440024264,0.0966823733462751,True,True,True,0,3.0,5,6,True,False,3.0,0.5102922178486939,0.008899797275595894,0.008560187626722964,0.008223743667124639
grid,16,500,4,2,9,5,9,-0.02,0.03394312506612973,0.6610722863129022,0.051345557466106806,0.05412461604982401,True,0.0022324812147738924,0.0022324812147738924,0.35552130632074075,0.21811117824901485,0.025117833165923555,0.04198347833059201,0.06710131149651556,0.17776065316037037,0.1063504646849213,0.17552817194559647,0.10411798347014742,True,True,True,0,3.0,5,6,True,False,3.0,0.6172731283463968,0.008899797275595894,0.008764734307831354,0.008372498322236188
grid,16,500,4,2,9,5,9,0.02,0.033943125066130175,0.6610722863129022,0.05134555746610748,0.05412461604982476,True,0.0021952122535641924,0.0021952122535641924,0.35552130632074075,0.21811117824901485,0.024698516961273058,0.04126530081378289,0.06596381777505594,0.17776065316037037,0.10639506850903538,0.17556544090680617,0.10419985625547118,True,True,True,0,3.0,5,6,True,False,3.0,0.6184106220678565,0.008899797275595894,0.009033811700930835,0.008566530838140629
grid,16,500,4,2,9,5,9,0.05,0.08485781266532522,0.6610722863129022,0.12836389366526837,0.14726775627164437,True,0.005420003102845391,0.005420003102845391,0.35552130632074075,0.21811117824901485,0.06098090895239482,0.10564897183706898,0.1666298807894638,0.17776065316037037,0.10260399147478835,0.172340650057525,0.09718398837194296,True,True,True,0,3.0,5,6,True,False,3.0,0.5177445590534485,0.008899797275595894,0.009232856690651338,0.008708865674940114
grid,16,500,4,2,9,5,9,0.1,0.16971562533065077,0.6610722863129022,0.25672778733053725,0.3454021056545343,False,0.010620019025173543,0.010620019025173543,0.35552130632074075,0.21811117824901485,0.11948672370811417,0.2194824437310997,0.3389691674392139,0.17776065316037037,0.0967732894224991,0.16714063413519684,0.08615327039732557,True,True,True,0,3.0,5,6,True,False,3.0,0.34540527240369845,0.008899797275595894,0.009497650260226184,0.00894012155800561
grid,16,500,4,2,9,5,9,0.2,0.3394312506613011,0.6610722863129022,0.5134555746610738,1.05531077517413,False,0.02040788401279934,0.02040788401279934,0.35552130632074075,0.21811117824901485,0.22961081262891123,0.470867541101697,0.7004783537306082,0.17776065316037037,0.0866820590990437,0.15735276914757104,0.06627417508624436,True,True,True,0,4.0,5,6,True,False,4.0,1.7659467352751568,0.008899797275595894,0.009378721198788444,0.009380930115394648
grid,16,500,4,2,10,5,6,-0.2,0.38611492893640553,0.6610722863129022,0.5840736889606164,1.40427203920098,False,0.026450397316064838,0.026450397316064838,0.35552130632074075,0.21811117824901485,0.2975956359949024,0.653218400797409,0.9508140367923115,0.17776065316037037,0.0809848506526326,0.15131025584430555,0.054534453336567756,True,True,True,0,4.0,5,6,True,False,4.0,1.5156110522134536,0.008899797275595894,0.009064551584931945,0.024368346817345454
grid,16,500,4,2,10,5,6,-0.1,0.19305746446820315,0.6610722863129022,0.29203684448030875,0.4125028855010606,False,0.012624101624153375,0.012624101624153375,0.35552130632074075,0.21811117824901485,0.1420348249144234,0.26685017388693333,0.40888499880135676,0.17776065316037037,0.09461565222365052,0.165136551536217,0.08199155059949714,True,True,True,0,3.0,5,6,True,False,3.0,0.2754894410415556,0.008899797275595894,0.008952786565653908,0.015956351447673267
grid,16,500,4,2,10,5,6,-0.05,0.09652873223410152,0.6610722863129022,0.1460184222401543,0.1709854475118633,True,0.006170738674959792,0.006170738674959792,0.35552130632074075,0.21811117824901485,0.069427497764567,0.12130290496691085,0.19073040273147784,0.17776065316037037,0.10174098759865734,0.17158991448541058,0.09557024892369755,True,True,True,0,3.0,5,6,True,False,3.0,0.4936440371114345,0.008899797275595894,0.00891975373018543,0.012106337861728989
grid,16,500,4,2,10,5,6,-0.02,0.038611492893640305,0.6610722863129022,0.05840736889606126,0.06203040143547374,True,0.002435458112248648,0.002435458112248648,0.35552130632074075,0.21811117824901485,0.0274015432431096,0.045905325480472284,0.07330686872358189,0.17776065316037037,0.1061078681724921,0.17532519504812172,0.10367241006024346,True,True,True,0,3.0,5,6,True,False,3.0,0.6110675711193305,0.008899797275595894,0.008906304664512801,0.009899992341015684
grid,16,500,4,2,10,5,6,0.02,0.03861149289364051,0.6610722863129022,0.05840736889606157,0.0620304014354741,True,0.0023928809774642957,0.0023928809774642957,0.35552130632074075,0.21811117824901485,0.026922504332896547,0.04508119916222938,0.07200370349512593,0.17776065316037037,0.10615871014669617,0.17536777218290608,0.10376582916923188,True,True,True,0,3.0,5,6,True,False,3.0,0.6123707363477864,0.008899797275595894,0.00889515396396318,0.007071939036169539
grid,16,500,4,2,10,5,6,0.05,0.09652873223410142,0.6610722863129022,0.14601842224015416,0.1709854475118631,True,0.005904554807396059,0.005904554807396059,0.35552130632074075,0.21811117824901485,0.06643264077196144,0.11572323214365007,0.18215587291561153,0.17776065316037037,0.10204614402865263,0.17185609835297433,0.09614158922125657,True,True,True,0,3.0,5,6,True,False,3.0,0.5022185669273008,0.008899797275595894,0.008891501276011293,0.0050320036434745585
grid,16,500,4,2,10,5,6,0.1,0.19305746446820268,0.6610722863129022,0.29203684448030803,0.41250288550105924,False,0.011558269053118811,0.011558269053118811,0.35552130632074075,0.21811117824901485,0.13004305337122365,0.24140810543022212,0.37145115880144575,0.17776065316037037,0.09575709177221206,0.16620238410725158,0.08419882271909325,True,True,True,0,3.0,5,6,True,False,3.0,0.3129232810414666,0.008899797275595894,0.00889359243030631,0.0017776235208029068
grid,16,500,4,2,10,5,6,0.2,0.38611492893640553,0.6610722863129022,0.5840736889606164,1.40427203920098,False,0.02216949455725283,0.02216949455725283,0.35552130632074075,0.21811117824901485,0.24943084043747488,0.521752209456838,0.7711830498943129,0.17776065316037037,0.08498093215678774,0.15559115860311754,0.06281143759953492,True,True,True,3,4.0,5,6,True,False,1.0,1.6952420391114522,0.008899797275595894,0.008924473182111188,0.004231235511009901
grid,16,500,4,2,11,6,10,-0.2,0.49526838004457535,0.6610722863129022,0.749189446145005,2.9870730502758094,False,0.025093603764932172,0.025093603764932172,0.35552130632074075,0.21811117824901485,0.2823302380903548,0.6103227630687588,0.8926530011591136,0.17776065316037037,0.08223060086685686,0.1526670493954382,0.05713699710192469,True,True,True,0,4.0,5,6,True,False,4.0,1.5737720878466515,0.008899797275595894,0.008712395749024675,0.004929646180852565
grid,16,500,4,2,11,6,10,-0.1,0.24763419002228762,0.6610722863129022,0.3745947230725024,0.5989631633951318,False,0.011838299212670381,0.011838299212670381,0.35552130632074075,0.21811117824901485,0.13319369615491028,0.2480371127267704,0.3812308088816807,0.17776065316037037,0.09545587015206927,0.1659223539477,0.0836175709393989,True,True,True,0,3.0,5,6,True,False,3.0,0.30314363096123165,0.008899797275595894,0.008809404666704884,0.006779084432043225
grid,16,500,4,2,11,6,10,-0.05,0.12381709501114391,0.6610722863129022,0.18729736153625137,0.2304623519991266,True,0.005755775449728314,0.005755775449728314,0.35552130632074075,0.21811117824901485,0.06475871175535819,0.11261863550729988,0.17737734726265808,0.17776065316037037,0.10221710507858581,0.17200487771064207,0.09646132962885749,True,True,True,0,3.0,5,6,True,False,3.0,0.5069970925802543,0.008899797275595894,0.008855412319989488,0.007643393220738259
grid,16,500,4,2,11,6,10,-0.02,0.04952683800445734,0.6610722863129022,0.0749189446145002,0.0809863570098514,True,0.0022647096499346622,0.0022647096499346622,0.35552130632074075,0.21811117824901485,0.025480437989744656,0.04260500412843166,0.06808544211817633,0.17776065316037037,0.1063119084841656,0.1754959435104357,0.10404719883423093,True,True,True,0,3.0,5,6,True,False,3.0,0.616288997724736,0.008899797275595894,0.008882235460573052,0.008143815375575292
grid,16,500,4,2,11,6,10,0.02,0.049526838004457785,0.6610722863129022,0.07491894461450088,0.0809863570098522,True,0.0022163467946818838,0.0022163467946818838,0.35552130632074075,0.21811117824901485,0.02493630345386233,0.041672493015746444,0.06660879646960877,0.17776065316037037,0.10636977220654455,0.1755443063656885,0.10415342541186266,True,True,True,0,3.0,5,6,True,False,3.0,0.6177656433733036,0.008899797275595894,0.008917106158375473,0.00879073879710357
grid,16,500,4,2,11,6,10,0.05,0.12381709501114435,0.6610722863129022,0.18729736153625204,0.23046235199912762,True,0.005453352230036119,0.005453352230036119,0.35552130632074075,0.21811117824901485,0.06135612277612715,0.10633891934785483,0.16769504212398198,0.17776065316037037,0.10256550026048633,0.17230730093033425,0.09711214803045021,True,True,True,0,3.0,5,6,True,False,3.0,0.5166793977189303,0.008899797275595894,0.008942601785356849,0.009261240110959967
grid,16,500,4,2,11,6,10,0.1,0.24763419002228804,0.6610722863129022,0.3745947230725031,0.5989631633951334,False,0.01062638300760171,0.01062638300760171,0.35552130632074075,0.21811117824901485,0.11955832540753442,0.21962969255963616,0.3391880179671706,0.17776065316037037,0.09676636053858086,0.16713427015276866,0.08613997753097914,True,True,True,0,3.0,5,6,True,False,3.0,0.3451864218757418,0.008899797275595894,0.00898387361348157,0.010018619013835828
grid,16,500,4,2,11,6,10,0.2,0.49526838004457535,0.6610722863129022,0.749189446145005,2.9870730502758094,False,0.020210134539665837,0.020210134539665837,0.35552130632074075,0.21811117824901485,0.22738591674089828,0.4652685754968375,0.6926544922377358,0.17776065316037037,0.08687513236020475,0.15755051862070454,0.06666499782053892,True,True,True,0,4.0,5,6,True,False,4.0,1.7737705967680293,0.008899797275595894,0.009062026634070004,0.011439294135775935
grid,16,500,4,2,12,6,7,-0.2,0.4136858091212149,0.6610722863129022,0.625779990609691,1.6722248273929325,False,0.026210127681305647,0.026210127681305647,0.35552130632074075,0.21811117824901485,0.2948923422064572,0.6455372697044504,0.9404296119109076,0.17776065316037037,0.08120407267362136,0.15155052547906472,0.054993944992315705,True,True,True,0,4.0,5,6,True,False,4.0,1.5259954770948574,0.008899797275595894,0.00892790346127634,0.004806428741258362
grid,16,500,4,2,12,6,7,-0.1,0.2068429045606076,0.6610722863129022,0.31288999530484574,0.45537103690356495,False,0.012192726597819387,0.012192726597819387,0.35552130632074075,0.21811117824901485,0.13718138835616756,0.25648384935457963,0.3936652377107472,0.17776065316037037,0.0950759794700631,0.16556792656255098,0.08288325287224371,True,True,True,0,3.0,5,6,True,False,3.0,0.29070920213216517,0.008899797275595894,0.008912823640153548,0.006679086691784963
grid,16,500,4,2,12,6,7,-0.05,0.10342145228030408,0.6610722863129022,0.1564449976524233,0.18545915466927906,True,0.005890883153372913,0.005890883153372913,0.35552130632074075,0.21811117824901485,0.06627881984725083,0.11543752364250555,0.18171634348975638,0.17776065316037037,0.10206184206820279,0.17186977000699746,0.09617095891482988,True,True,True,0,3.0,5,6,True,False,3.0,0.502658096353156,0.008899797275595894,0.008906076630173697,0.007586147247822472
grid,16,500,4,2,12,6,7,-0.02,0.041368580912121145,0.6610722863129022,0.06257799906096859,0.06675541964908349,True,0.0023095987729964264,0.0023095987729964264,0.35552130632074075,0.21811117824901485,0.025985489273745804,0.043471433565291616,0.06945692283903743,0.17776065316037037,0.10625822907484939,0.17545105438737396,0.10394863030185296,True,True,True,0,3.0,5,6,True,False,3.0,0.614917517003875,0.008899797275595894,0.008902255568108431,0.008119418227069186
grid,16,500,4,2,12,6,7,0.02,0.041368580912121145,0.6610722863129022,0.06257799906096859,0.06675541964908349,True,0.0022500233605289763,0.0022500233605289763,0.35552130632074075,0.21811117824901485,0.025315201317347456,0.04232172363279164,0.0676369249501391,0.17776065316037037,0.10632947656156505,0.1755106297998414,0.10407945320103608,True,True,True,0,3.0,5,6,True,False,3.0,0.6167375148927733,0.008899797275595894,0.008897407317873194,0.008816891007535022
grid,16,500,4,2,12,6,7,0.05,0.10342145228030408,0.6610722863129022,0.1564449976524233,0.18545915466927906,True,0.0055182191407601305,0.0055182191407601305,0.35552130632074075,0.21811117824901485,0.06208594582268729,0.10768236727192816,0.16976831309461546,0.17776065316037037,0.1024906729033005,0.17224243401961026,0.09697245376254036,True,True,True,0,3.0,5,6,True,False,3.0,0.5146061267482969,0.008899797275595894,0.00889394528354693,0.00932950552611067
grid,16,500,4,2,12,6,7,0.1,0.2068429045606077,0.6610722863129022,0.3128899953048459,0.45537103690356523,False,0.010697515280288412,0.010697515280288412,0.35552130632074075,0.21811117824901485,0.12035864056639611,0.22127689893798425,0.34163553950438036,0.17776065316037037,0.09668894793474604,0.16706313788008195,0.08599143265445763,True,True,True,0,3.0,5,6,True,False,3.0,0.342738900338532,0.008899797275595894,0.008888484222619642,0.010163419106602234
grid,16,500,4,2,12,6,7,0.2,0.4136858091212152,0.6610722863129022,0.6257799906096915,1.672224827392936,False,0.020155325090921435,0.020155325090921435,0.35552130632074075,0.21811117824901485,0.2267692510416003,0.4637207283040198,0.6904899793456201,0.17776065316037037,0.08692872179613853,0.15760532806944894,0.06677339670521709,True,True,True,0,4.0,5,6,True,False,4.0,1.775935109660145,0.008899797275595894,0.008878606303855271,0.011753694892810085
grid,16,500,4,2,13,7,11,-0.2,0.4068746137181752,0.6610722863129022,0.6154767370259887,1.6006228914883278,False,0.044588714185085726,0.044588714185085726,0.35552130632074075,0.21811117824901485,0.5016713585639125,1.3504550054727806,1.8521263640366932,0.17776065316037037,0.06603509780686943,0.13317193897528465,0.021446383621783707,True,True,True,0,4.0,5,6,True,False,4.0,0.6142987249690719,0.008899797275595894,0.00890043770688622,0.009384370658116259
grid,16,500,4,2,13,7,11,-0.1,0.2034373068590876,0.6610722863129022,0.30773836851299435,0.4445405530448943,False,0.020969657191607646,0.020969657191607646,0.35552130632074075,0.21811117824901485,0.23593136972431628,0.4868969905289602,0.7228283602532765,0.17776065316037037,0.08613590800315447,0.15679099596876273,0.06516625081154682,True,True,True,0,4.0,5,6,True,False,4.0,1.7435967287524887,0.008899797275595894,0.008898670617455112,0.008863327894178319
grid,16,500,4,2,13,7,11,-0.05,0.1017186534295439,0.6610722863129022,0.15386918425649734,0.18185034913459702,True,0.010177159729360102,0.010177159729360102,0.35552130632074075,0.21811117824901485,0.11450407667188948,0.2092845395351293,0.32378861620701876,0.17776065316037037,0.09725667984807661,0.16758349343101028,0.0870795201187165,True,True,True,0,3.0,5,6,True,False,3.0,0.3605858236358936,0.008899797275595894,0.008898931987916128,0.008653052686768525
grid,16,500,4,2,13,7,11,-0.02,0.04068746137181744,0.6610722863129022,0.06154767370259875,0.06558423052285547,True,0.003999859139507246,0.003999859139507246,0.35552130632074075,0.21811117824901485,0.04500275025315857,0.07673106231785307,0.12173381257101164,0.17776065316037037,0.10425658185046646,0.17376079402086314,0.10025672271095921,True,True,True,0,3.0,5,6,True,False,3.0,0.5626406272719007,0.008899797275595894,0.008899385368680712,0.008540268493852698
grid,16,500,4,2,13,7,11,0.02,0.04068746137181778,0.6610722863129022,0.06154767370259926,0.06558423052285606,True,0.003908359215316457,0.003908359215316457,0.35552130632074075,0.21811117824901485,0.04397327694099381,0.074898633062204,0.1188719100031978,0.17776065316037037,0.10436396648442245,0.17385229394505392,0.10045560726910599,True,True,True,0,3.0,5,6,True,False,3.0,0.5655025298397145,0.008899797275595894,0.008900289788624007,0.008403753511730283
grid,16,500,4,2,13,7,11,0.05,0.10171865342954378,0.6610722863129022,0.15386918425649715,0.18185034913459674,True,0.009605075719132198,0.009605075719132198,0.35552130632074075,0.21811117824901485,0.10806751154842781,0.196252855404453,0.3043203669528808,0.17776065316037037,0.09788469777254775,0.16815557744123819,0.08827962205341555,True,True,True,0,3.0,5,6,True,False,3.0,0.38005407289003157,0.008899797275595894,0.008901167325199986,0.008310798680952525
grid,16,500,4,2,13,7,11,0.1,0.20343730685908823,0.6610722863129022,0.3077383685129953,0.44454055304489637,False,0.01867833579252706,0.01867833579252706,0.35552130632074075,0.21811117824901485,0.21015152071562226,0.422656830579392,0.6328083512950142,0.17776065316037037,0.08838534925330403,0.1590823173678433,0.06970701346077697,True,True,True,0,3.0,5,6,True,False,3.0,0.051566088547898126,0.008899797275595894,0.00890295691288835,0.008171878881565009
grid,16,500,4,2,13,7,11,0.2,0.4068746137181752,0.6610722863129022,0.6154767370259887,1.6006228914883278,False,0.0353761319992468,0.0353761319992468,0.35552130632074075,0.21811117824901485,0.39801982463837493,0.9659401689747241,1.363959993613099,0.17776065316037037,0.07324704600864879,0.14238452116112357,0.037870914009401985,True,True,True,0,4.0,5,6,True,False,4.0,1.102465095392666,0.008899797275595894,0.008907512941372582,0.007944773218122814
grid,16,500,4,2,14,8,12,-0.2,0.34623568998313214,0.6610722863129022,0.5237486083620968,1.0997313972371678,False,0.07066496022558696,0.07066496022558696,0.35552130632074075,0.21811117824901485,0.7950573872142013,2.869955893514326,3.6650132807285276,0.17776065316037037,0.04924463151874862,0.10709569293478341,-0.021420328706838347,True,False,False,3,,5,6,False,False,,,0.008899797275595894,0.007776245124626224,0.0037222371521565822
grid,16,500,4,2,14,8,12,-0.1,0.17311784499156613,0.6610722863129022,0.2618743041810485,0.35478280415437724,False,0.03255807157296593,0.03255807157296593,0.35552130632074075,0.21811117824901485,0.36631359070888436,0.8612489632567694,1.2275625539656536,0.17776065316037037,0.07560664328662696,0.14520258158740446,0.04304857171366103,True,True,True,0,4.0,5,6,True,False,4.0,1.2388625350401115,0.008899797275595894,0.008345518786360528,0.0027119426620727527
grid,16,500,4,2,14,8,12,-0.05,0.08655892249578312,0.6610722863129022,0.13093715209052434,0.15066476769256987,True,0.015645207439140534,0.015645207439140534,0.35552130632074075,0.21811117824901485,0.17602553952168362,0.34214509142680544,0.518170630948489,0.17776065316037037,0.09145364251111865,0.16211544572122985,0.07580843507197811,True,True,True,0,3.0,5,6,True,False,3.0,0.16620380889442332,0.008899797275595894,0.00862578001181265,0.005674707789060429
grid,16,500,4,2,14,8,12,-0.02,0.0346235689983132,0.6610722863129022,0.052374860836209666,0.055269598358720876,True,0.006113248601033897,0.006113248601033897,0.35552130632074075,0.21811117824901485,0.06878067212679181,0.12009507314345116,0.18887574527024298,0.17776065316037037,0.10180681756580878,0.17164740455933647,0.09569356896477489,True,True,True,0,3.0,5,6,True,False,3.0,0.4954986945726694,0.008899797275595894,0.008791052969156452,0.007371765366075422
grid,16,500,4,2,14,8,12,0.02,0.0346235689983132,0.6610722863129022,0.052374860836209666,0.055269598358720876,True,0.0059282874358963945,0.0059282874358963945,0.35552130632074075,0.21811117824901485,0.06669965856333876,0.11621939588049494,0.18291905444383372,0.17776065316037037,0.1020188995302003,0.17183236572447397,0.0960906120943039,True,True,True,0,3.0,5,6,True,False,3.0,0.5014553853990786,0.008899797275595894,0.009007287789857606,0.009542491901596284
grid,16,500,4,2,14,8,12,0.05,0.08655892249578312,0.6610722863129022,0.13093715209052434,0.15066476769256987,True,0.014488623562444607,0.014488623562444607,0.35552130632074075,0.21811117824901485,0.16301271743610665,0.31275533024882174,0.4757680476849284,0.17776065316037037,0.0926514892706561,0.16327202959792578,0.07816286570821149,True,True,True,0,3.0,5,6,True,False,3.0,0.20860639215798393,0.008899797275595894,0.009166016203251123,0.011103186572840595
grid,16,500,4,2,14,8,12,0.1,0.17311784499156613,0.6610722863129022,0.2618743041810485,0.35478280415437724,False,0.027923581641494218,0.027923581641494218,0.35552130632074075,0.21811117824901485,0.31417055625130264,0.7011254457225977,1.0152960019739004,0.17776065316037037,0.07965359640517815,0.14983707151887615,0.051730014763683926,True,True,True,0,4.0,5,6,True,False,4.0,1.4511290870318647,0.008899797275595894,0.009423427604511371,0.013580497218542487
grid,16,500,4,2,14,8,12,0.2,0.34623568998313276,0.6610722863129022,0.5237486083620978,1.0997313972371718,False,0.05200188050867896,0.05200188050867896,0.35552130632074075,0.21811117824901485,0.5850775138833948,1.7119735567966692,2.297051070680064,0.17776065316037037,0.060750798751800124,0.12575877265169141,0.008748918243121163,True,True,True,3,4.0,5,6,True,False,1.0,0.16937401832570087,0.008899797275595894,0.009602440549431109,0.016064222697298458
grid,16,500,4,2,15,8,9,-0.2,0.48996692513741236,0.6610722863129022,0.7411699677658227,2.8635392939844264,False,0.02403523632768867,0.02403523632768867,0.35552130632074075,0.21811117824901485,0.2704224573928044,0.5776615287126793,0.8480839861054836,0.17776065316037037,0.08321563799220376,0.1537254168326817,0.05918040166451509,True,True,True,3,4.0,5,6,True,False,1.0,1.6183411029002814,0.008899797275595894,0.008756759922080706,0.0008417947138559256
grid,16,500,4,2,15,8,9,-0.1,0.24498346256870596,0.6610722863129022,0.370584983882911,0.5887768394358924,False,0.011148451096579418,0.011148451096579418,0.35552130632074075,0.21811117824901485,0.12543215721109685,0.23177740403289654,0.3572095612439934,0.17776065316037037,0.0961996372605597,0.16661220206379096,0.08505118616398029,True,True,True,0,3.0,5,6,True,False,3.0,0.32716487859891896,0.008899797275595894,0.008832975609231759,0.004234496108195485
grid,16,500,4,2,15,8,9,-0.05,0.12249173128435317,0.6610722863129022,0.18529249194145578,0.22743437381964182,True,0.0053792084874942124,0.0053792084874942124,0.35552130632074075,0.21811117824901485,0.0605219253176489,0.10480567096988923,0.16532759628753813,0.17776065316037037,0.10265109583697364,0.17238144467287617,0.09727188734947943,True,True,True,0,3.0,5,6,True,False,3.0,0.5190468435553742,0.008899797275595894,0.008867454447238328,0.006443970765177998
grid,16,500,4,2,15,8,9,-0.02,0.04899669251374127,0.6610722863129022,0.07411699677658232,0.08005006736115418,True,0.002107392563610804,0.002107392563610804,0.35552130632074075,0.21811117824901485,0.023710450272812364,0.03957535583333616,0.06328580610614852,0.17776065316037037,0.10650024588461941,0.17565326059675956,0.1043928533210086,True,True,True,0,3.0,5,6,True,False,3.0,0.6210886337367638,0.008899797275595894,0.008887104222658305,0.007680198003993999
grid,16,500,4,2,15,8,9,0.02,0.04899669251374127,0.6610722863129022,0.07411699677658232,0.08005006736115418,True,0.0020510441056807624,0.0020510441056807624,0.35552130632074075,0.21811117824901485,0.023076469052241515,0.03849275984881925,0.06156922890106077,0.17776065316037037,0.1065677864479586,0.1757096090546896,0.10451674234227784,True,True,True,0,3.0,5,6,True,False,3.0,0.6228052109418516,0.008899797275595894,0.008912178232948244,0.009234220911700897
grid,16,500,4,2,15,8,9,0.05,0.1224917312843532,0.6610722863129022,0.18529249194145583,0.22743437381964188,True,0.00502671026596372,0.00502671026596372,0.35552130632074075,0.21811117824901485,0.05655593829787261,0.09755013013663827,0.15410606843451088,0.17776065316037037,0.10305901712120356,0.17273394289440666,0.09803230685523984,True,True,True,0,3.0,5,6,True,False,3.0,0.5302683714084014,0.008899797275595894,0.008930188145830796,0.01033459676574644
grid,16,500,4,2,15,8,9,0.1,0.24498346256870643,0.6610722863129022,0.37058498388291167,0.5887768394358942,False,0.009733863544473541,0.009733863544473541,0.35552130632074075,0.21811117824901485,0.10951651416010426,0.1991726670988223,0.3086891812589266,0.17776065316037037,0.09774296529999218,0.16802678961589684,0.08800910175551864,True,True,True,0,3.0,5,6,True,False,3.0,0.37568525858398577,0.008899797275595894,0.008495861796531497,0.012055774373313177
grid,16,500,4,2,15,8,9,0.2,0.4899669251374126,0.6610722863129022,0.741169967765823,2.8635392939844313,False,0.018302221270991067,0.018302221270991067,0.35552130632074075,0.21811117824901485,0.20591982472610906,0.4123972044899963,0.6183170292161053,0.17776065316037037,0.08876016166804561,0.1594584318893793,0.07045794039705454,True,True,True,0,3.0,5,6,True,False,3.0,0.06605741062680703,0.008899797275595894,0.00752833944921814,0.015128970347239257
grid,16,500,4,2,16,9,13,-0.2,0.3422078189283369,0.6610722863129022,0.5176556724786997,1.0732077541760665,False,0.035495088110194535,0.035495088110194535,0.35552130632074075,0.21811117824901485,0.3993582098077905,0.9704862639901838,1.3698444737979742,0.17776065316037037,0.07314907882210593,0.14226556505017585,0.037653990711911396,True,True,True,0,4.0,5,6,True,False,4.0,1.0965806152077908,0.008899797275595894,0.00803374777274541,0.00384706608188079
grid,16,500,4,2,16,9,13,-0.1,0.17110390946416854,0.6610722863129022,0.25882783623935,0.3492141892189767,False,0.01654321506748411,0.01654321506748411,0.35552130632074075,0.21811117824901485,0.18612909857570462,0.36545745344674213,0.5515865520224468,0.17776065316037037,0.09053428743324257,0.16121743809288627,0.07399107236575847,True,True,True,0,3.0,5,6,True,False,3.0,0.13278788782046558,0.008899797275595894,0.008487206677774044,0.0064187683910335025
grid,16,500,4,2,16,9,13,-0.05,0.08555195473208432,0.6610722863129022,0.1294139181196751,0.14865148985630688,True,0.00799910690537364,0.00799910690537364,0.35552130632074075,0.21811117824901485,0.08999862189026818,0.16051272707707376,0.25051134896734195,0.17776065316037037,0.09966944118434536,0.16976154625499673,0.09167033427897171,True,True,True,0,3.0,5,6,True,False,3.0,0.4338630908755704,0.008899797275595894,0.0086984066036216,0.00750141009792471
grid,16,500,4,2,16,9,13,-0.02,0.034220781892833396,0.6610722863129022,0.05176556724786953,0.05459152869784165,True,0.0031375090668735377,0.0031375090668735377,0.35552130632074075,0.21811117824901485,0.03530037734551943,0.05960707570970281,0.09490745305522225,0.17776065316037037,0.10527304114544292,0.17462314409349683,0.10213553207856939,True,True,True,0,3.0,5,6,True,False,3.0,0.58946698678769,0.008899797275595894,0.008820389497982719,0.008095406215194112
grid,16,500,4,2,16,9,13,0.02,0.03422078189283384,0.6610722863129022,0.0517655672478702,0.054591528697842395,True,0.0030582069970808766,0.0030582069970808766,0.35552130632074075,0.21811117824901485,0.03440814311502167,0.058048661723801576,0.09245680483882324,0.17776065316037037,0.10536701127174915,0.1747024461632895,0.10230880427466828,True,True,True,0,3.0,5,6,True,False,3.0,0.5919176350040891,0.008899797275595894,0.008977708123395945,0.008828792026696286
grid,16,500,4,2,16,9,13,0.05,0.08555195473208432,0.6610722863129022,0.1294139181196751,0.14865148985630688,True,0.007503084615445713,0.007503084615445713,0.35552130632074075,0.21811117824901485,0.08441783355371285,0.1497214798267048,0.23413931338041766,0.17776065316037037,0.10022723024285042,0.17025756854492466,0.0927241456274047,True,True,True,0,3.0,5,6,True,False,3.0,0.4502351264624947,0.008899797275595894,0.009091832962875815,0.009338379246733641
grid,16,500,4,2,16,9,13,0.1,0.17110390946416898,0.6610722863129022,0.2588278362393507,0.3492141892189779,False,0.01455361953283732,0.01455361953283732,0.35552130632074075,0.21811117824901485,0.1637439925438109,0.3143881709726771,0.47813216351648796,0.17776065316037037,0.09258376031013045,0.16320703362753305,0.07803014077729313,True,True,True,0,3.0,5,6,True,False,3.0,0.2062422763264244,0.008899797275595894,0.009274980501048842,0.010117846632144989
grid,16,500,4,2,16,9,13,0.2,0.34220781892833746,0.6610722863129022,0.5176556724787006,1.0732077541760703,False,0.027447623393709656,0.027447623393709656,0.35552130632074075,0.21811117824901485,0.308815510133699,0.6854940438680143,0.9943095540017133,0.17776065316037037,0.08008128922268054,0.15031302976666072,0.05263366582897089,True,True,True,0,4.0,5,6,True,False,4.0,1.4721155350040518,0.008899797275595894,0.009616467239197958,0.011449713770836478
grid,16,500,4,2,17,9,10,-0.2,0.4734208853970097,0.6610722863129022,0.7161408747559078,2.5228742396077424,False,0.02651312004917876,0.02651312004917876,0.35552130632074075,0.21811117824901485,0.2983013347195502,0.6552296315627838,0.953530966282334,0.17776065316037037,0.08092771990772914,0.1512475331111916,0.05441459985855038,True,True,True,0,4.0,5,6,True,False,4.0,1.5128941227234312,0.008899797275595894,0.008138137118029524,0.0027415763602420817
grid,16,500,4,2,17,9,10,-0.1,0.23671044269850494,0.6610722863129022,0.3580704373779541,0.5578033139887936,False,0.012549653461596961,0.012549653461596961,0.35552130632074075,0.21811117824901485,0.14119720240086017,0.2650543688256109,0.40625157122647104,0.17776065316037037,0.0946949376250715,0.16521099969877343,0.08214528416347454,True,True,True,0,3.0,5,6,True,False,3.0,0.2781228686164413,0.008899797275595894,0.008916979790875397,0.005843719859655039
grid,16,500,4,2,17,9,10,-0.05,0.11835522134925225,0.6610722863129022,0.17903521868897668,0.21807904890033158,True,0.00611080711800713,0.00611080711800713,0.35552130632074075,0.21811117824901485,0.06875320279673075,0.12004381251943122,0.18879701531616197,0.17776065316037037,0.1018096141692932,0.17164984604236325,0.09569880705128607,True,True,True,0,3.0,5,6,True,False,3.0,0.49557742452675035,0.008899797275595894,0.008941115129153306,0.00720990498746521
grid,16,500,4,2,17,9,10,-0.02,0.047342088539700684,0.6610722863129022,0.07161408747559035,0.07713827462209304,True,0.002406459266884664,0.002406459266884664,0.35552130632074075,0.21811117824901485,0.02707527480464001,0.04534393697059041,0.07241921177523042,0.17776065316037037,0.10614249346921366,0.17535419389348572,0.10373603420232899,True,True,True,0,3.0,5,6,True,False,3.0,0.6119552280676819,0.008899797275595894,0.008916034258145916,0.007978022491006875
grid,16,500,4,2,17,9,10,0.02,0.047342088539700684,0.6610722863129022,0.07161408747559035,0.07713827462209304,True,0.0023576361413298226,0.0023576361413298226,0.35552130632074075,0.21811117824901485,0.026525961729031603,0.04439958662343804,0.07092554835246964,0.17776065316037037,0.10620081494566226,0.17540301701904054,0.10384317880433244,True,True,True,0,3.0,5,6,True,False,3.0,0.6134488914904427,0.008899797275595894,0.008883933221558808,0.008947036134815844
grid,16,500,4,2,17,9,10,0.05,0.11835522134925314,0.6610722863129022,0.17903521868897804,0.21807904890033358,True,0.0058055302602931765,0.0058055302602931765,0.35552130632074075,0.21811117824901485,0.0653185072970631,0.11365575410488432,0.17897426140194742,0.17776065316037037,0.1021599004118294,0.1719551229000772,0.09635437015153622,True,True,True,0,3.0,5,6,True,False,3.0,0.505400178440965,0.008899797275595894,0.00886081141094929,0.009635291440141414
grid,16,500,4,2,17,9,10,0.1,0.23671044269850555,0.6610722863129022,0.35807043737795496,0.5578033139887959,False,0.011326653643385953,0.011326653643385953,0.35552130632074075,0.21811117824901485,0.12743712899352796,0.23595486155290754,0.3633919905464355,0.17776065316037037,0.0960069529302426,0.16643399951698443,0.08468029928685665,True,True,True,0,3.0,5,6,True,False,3.0,0.32098244929647685,0.008899797275595894,0.008823983097664547,0.010714948443335537
grid,16,500,4,2,17,9,10,0.2,0.4734208853970106,0.6610722863129022,0.7161408747559092,2.522874239607759,False,0.021590714574524644,0.021590714574524644,0.35552130632074075,0.21811117824901485,0.24291893836648026,0.5048326535099862,0.7477515918764664,0.17776065316037037,0.08553612538495413,0.15616993858584574,0.06394541081042948,True,True,True,0,4.0,5,6,True,False,4.0,1.7186734971292985,0.008899797275595894,0.008756176708756072,0.01265026937916458
grid,16,500,4,2,18,10,14,-0.2,0.3090068091887612,0.6610722863129022,0.46743270832336864,0.8776969889603891,False,0.03416641730756561,0.03416641730756561,0.35552130632074075,0.21811117824901485,0.38440922330254584,0.9202976499000618,1.3047068732026077,0.17776065316037037,0.07425079768763042,0.14359423585280476,0.04008438038006481,True,True,True,0,4.0,5,6,True,False,4.0,1.1617182158031574,0.008899797275595894,0.008854331096655276,0.03682503420873218
grid,16,500,4,2,18,10,14,-0.1,0.15450340459438028,0.6610722863129022,0.2337163541616838,0.30499979404623406,True,0.015999812365721143,0.015999812365721143,0.35552130632074075,0.21811117824901485,0.1800152292564608,0.35129872842275356,0.5313139576792143,0.17776065316037037,0.09108949774772279,0.16176084079464922,0.07508968538200164,True,True,True,0,3.0,5,6,True,False,3.0,0.15306048216369805,0.008899797275595894,0.008868435059754123,0.021765363008003025
grid,16,500,4,2,18,10,14,-0.05,0.07725170229719025,0.6610722863129022,0.11685817708084208,0.13232096368687,True,0.00775333989592202,0.00775333989592202,0.35552130632074075,0.21811117824901485,0.0872334766786347,0.15515147485896402,0.2423849515375987,0.17776065316037037,0.0999454230515046,0.17000731326444835,0.09219208315558258,True,True,True,0,3.0,5,6,True,False,3.0,0.44198948830531365,0.008899797275595894,0.008882401760480146,0.014916861697316541
grid,16,500,4,2,18,10,14,-0.02,0.030900680918875992,0.6610722863129022,0.04674327083233667,0.04903534315792408,True,0.003044948726524952,0.003044948726524952,0.35552130632074075,0.21811117824901485,0.03425897320233055,0.05778838194078026,0.09204735514311081,0.17776065316037037,0.10538273003197499,0.17471570443384543,0.10233778130545003,True,True,True,0,3.0,5,6,True,False,3.0,0.5923270846998016,0.008899797275595894,0.008892474902505786,0.011002865620301172
grid,16,500,4,2,18,10,14,0.02,0.030900680918876655,0.6610722863129022,0.04674327083233767,0.04903534315792518,True,0.0029728002003358593,0.0029728002003358593,0.35552130632074075,0.21811117824901485,0.033447224090180264,0.05637333575795314,0.0898205598481334,0.17776065316037037,0.10546830909918105,0.17478785296003452,0.10249550889884519,True,True,True,0,3.0,5,6,True,False,3.0,0.5945538799947789,0.008899797275595894,0.008907556122166177,0.005996204788655035
grid,16,500,4,2,18,10,14,0.05,0.07725170229719071,0.6610722863129022,0.11685817708084276,0.13232096368687088,True,0.007302096878351152,0.007302096878351152,0.35552130632074075,0.21811117824901485,0.0821565036865995,0.14538171047762966,0.22753821416422915,0.17776065316037037,0.10045413352699203,0.17045855628201922,0.09315203664864088,True,True,True,0,3.0,5,6,True,False,3.0,0.4568362256786832,0.008899797275595894,0.008919929182522754,0.0023912590361510055
grid,16,500,4,2,18,10,14,0.1,0.1545034045943815,0.6610722863129022,0.23371635416168565,0.3049997940462372,True,0.014190331626969768,0.014190331626969768,0.35552130632074075,0.21811117824901485,0.1596566098816893,0.3052900128406285,0.4649466227223178,0.17776065316037037,0.09296296000601625,0.16357032153340062,0.07877262837904649,True,True,True,3,3.0,5,6,True,True,0.0,0.21942781712059456,0.008899797275595894,0.008942226174680622,0.0033499724515162477
grid,16,500,4,2,18,10,14,0.2,0.30900680918876167,0.6610722863129022,0.4674327083233693,0.8776969889603914,False,0.026855565855838932,0.026855565855838932,0.35552130632074075,0.21811117824901485,0.3021542211775138,0.6662547003844452,0.968408921561959,0.17776065316037037,0.08061651449616075,0.15090508730453145,0.05376094864032182,True,True,True,3,4.0,5,6,True,False,1.0,1.4980161674438062,0.008899797275595894,0.008991509294579304,0.013924915219600154
grid,16,500,4,2,19,10,11,-0.2,0.38351692353962785,0.6610722863129022,0.5801437021035543,1.3817672975496063,False,0.029691788398834896,0.029691788398834896,0.35552130632074075,0.21811117824901485,0.33406479860363525,0.7605029849249492,1.0945677835285843,0.17776065316037037,0.07808460712817598,0.14806886476153547,0.04839281872934109,True,True,True,0,4.0,5,6,True,False,4.0,1.3718573054771808,0.008899797275595894,0.008913318869878235,0.01639324215693283
grid,16,500,4,2,19,10,11,-0.1,0.1917584617698134,0.6610722863129022,0.29007185105177635,0.4085932519812393,False,0.013849018570895254,0.013849018570895254,0.35552130632074075,0.21811117824901485,0.15581646809545735,0.2968050578012939,0.45262152589675125,0.17776065316037037,0.0933206372794829,0.1639116345894751,0.07947161870858764,True,True,True,0,3.0,5,6,True,False,3.0,0.2317529139461611,0.008899797275595894,0.008964229128810508,0.012250126633523095
grid,16,500,4,2,19,10,11,-0.05,0.09587923088490745,0.6610722863129022,0.14503592552588931,0.16963978938542074,True,0.00669884885073907,0.00669884885073907,0.35552130632074075,0.21811117824901485,0.07536930959288912,0.13246914140592214,0.20783845099881126,0.17776065316037037,0.1011382542325377,0.1710618043096313,0.09443940538179862,True,True,True,0,3.0,5,6,True,False,3.0,0.4765359888441011,0.008899797275595894,0.008930847213472095,0.010316723343356538
grid,16,500,4,2,19,10,11,-0.02,0.03835169235396296,0.6610722863129022,0.058014370210355694,0.061587319780356885,True,0.0026280703390666625,0.0026280703390666625,0.35552130632074075,0.21811117824901485,0.029568639542471704,0.04964328925849932,0.07921192880097103,0.17776065316037037,0.1058781711816856,0.1751325828213037,0.10325010084261894,True,True,True,0,3.0,5,6,True,False,3.0,0.6051625110419413,0.008899797275595894,0.008911952346519309,0.009198612583197097
grid,16,500,4,2,19,10,11,0.02,0.03835169235396296,0.6610722863129022,0.058014370210355694,0.061587319780356885,True,0.002562360383130474,0.002562360383130474,0.35552130632074075,0.21811117824901485,0.028829331323606114,0.04836628136948891,0.07719561269309502,0.17776065316037037,0.10595647672623836,0.1751982927772399,0.10339411634310788,True,True,True,0,3.0,5,6,True,False,3.0,0.6071788271498173,0.008899797275595894,0.008887979273911795,0.007754865643284203
grid,16,500,4,2,19,10,11,0.05,0.09587923088490745,0.6610722863129022,0.14503592552588931,0.16963978938542074,True,0.006287844246508973,0.006287844246508973,0.35552130632074075,0.21811117824901485,0.07074506236018684,0.12376790310863119,0.19451296546881802,0.17776065316037037,0.10160702554668195,0.1714728089138614,0.09531918130017299,True,True,True,0,3.0,5,6,True,False,3.0,0.48986147437409433,0.008899797275595894,0.008870855857331442,0.006706190671192713
grid,16,500,4,2,19,10,11,0.1,0.1917584617698147,0.6610722863129022,0.2900718510517783,0.40859325198124324,False,0.012200451898412283,0.012200451898412283,0.35552130632074075,0.21811117824901485,0.13726830636029896,0.25666866544918804,0.393936971809487,0.17776065316037037,0.09506771601481345,0.16556020126195808,0.08286726411640116,True,True,True,0,3.0,5,6,True,False,3.0,0.29043746803342535,0.008899797275595894,0.008843825823208069,0.005020771016356562
grid,16,500,4,2,19,10,11,0.2,0.38351692353962835,0.6610722863129022,0.580143702103555,1.3817672975496107,False,0.02302384853481786,0.02302384853481786,0.35552130632074075,0.21811117824901485,0.2590432486096507,0.5470928518743522,0.8061361004840029,0.17776065316037037,0.08416797425130906,0.1547368046255525,0.06114412571649121,True,True,True,0,4.0,5,6,True,False,4.0,1.6602889885217622,0.008899797275595894,0.008794822030307323,0.0018693029127734295
grid,16,500,4,2,20,11,15,-0.2,0.363935725827476,0.6610722863129022,0.5505233442129445,1.224809647230625,False,0.07059553585501468,0.07059553585501468,0.35552130632074075,0.21811117824901485,0.7942762878051026,2.8648976783166265,3.6591739661217293,0.17776065316037037,0.04928311149771718,0.10716511730535569,-0.021312424357297508,True,False,False,0,,5,6,False,False,,,0.008899797275595894,0.009172110340185545,0.07033836516415382
grid,16,500,4,2,20,11,15,-0.1,0.181967862913738,0.6610722863129022,0.27526167210647223,0.37980835497762067,False,0.03201841138705293,0.03201841138705293,0.35552130632074075,0.21811117824901485,0.36024182874898497,0.8418464526058674,1.2020882813548524,0.17776065316037037,0.07606710532055469,0.14574224177331746,0.04404869393350176,True,True,True,0,4.0,5,6,True,False,4.0,1.2643368076509127,0.008899797275595894,0.009008246753252529,0.0661239767594679
grid,16,500,4,2,20,11,15,-0.05,0.09098393145686923,0.6610722863129022,0.13763083605323645,0.15959619361080585,True,0.015281574024813832,0.015281574024813832,0.35552130632074075,0.21811117824901485,0.17193426951494437,0.33282831131629037,0.5047625808312347,0.17776065316037037,0.09182857049856907,0.16247907913555654,0.07654699647375524,True,True,True,0,3.0,5,6,True,False,3.0,0.17961185901167764,0.008899797275595894,0.008948276617798817,0.03605428376772046
grid,16,500,4,2,20,11,15,-0.02,0.03639357258274756,0.6610722863129022,0.05505233442129438,0.05825966498110685,True,0.005948652553139148,0.005948652553139148,0.35552130632074075,0.21811117824901485,0.06692878820345524,0.11664536177753392,0.18357414998098914,0.17776065316037037,0.10199552665427745,0.17181200060723123,0.09604687410113831,True,True,True,0,3.0,5,6,True,False,3.0,0.5008002898619233,0.008899797275595894,0.0089179401198286,0.019223215670983507
grid,16,500,4,2,20,11,15,0.02,0.03639357258274756,0.6610722863129022,0.05505233442129438,0.05825966498110685,True,0.005741579975575362,0.005741579975575362,0.35552130632074075,0.21811117824901485,0.06459899728648588,0.11232294303368963,0.1769219403201755,0.17776065316037037,0.10223343193301583,0.172019073184795,0.09649185195744046,True,True,True,3,3.0,5,6,True,True,0.0,0.5074524995227369,0.008899797275595894,0.008883182971617706,0.001928039956553551
grid,16,500,4,2,20,11,15,0.05,0.09098393145686923,0.6610722863129022,0.13763083605323645,0.15959619361080585,True,0.013986072588302909,0.013986072588302909,0.35552130632074075,0.21811117824901485,0.1573584743265439,0.30020489024106967,0.4575633645676136,0.17776065316037037,0.09317684716642594,0.16377458057206745,0.07919077457812303,True,True,True,3,3.0,5,6,True,True,0.0,0.22681107527529876,0.008899797275595894,0.008860892950151269,0.01689359440638083
grid,16,500,4,2,20,11,15,0.1,0.18196786291373854,0.6610722863129022,0.275261672106473,0.3798083549776222,False,0.026817918018338334,0.026817918018338334,0.35552130632074075,0.21811117824901485,0.30173064220397533,0.6650389460564596,0.966769588260435,0.17776065316037037,0.08065066918971563,0.15094273514203205,0.05383275117137729,True,True,True,3,4.0,5,6,True,False,1.0,1.49965550074533,0.008899797275595894,0.008829956901583348,0.04027107239753103
grid,16,500,4,2,20,11,15,0.2,0.3639357258274762,0.6610722863129022,0.5505233442129447,1.224809647230626,False,0.04950149115638591,0.04950149115638591,0.35552130632074075,0.21811117824901485,0.5569454238191524,1.5844504907373642,2.1413959145565165,0.17776065316037037,0.06248411224682589,0.12825916200398446,0.012982621090439975,True,True,True,3,4.0,5,6,True,False,1.0,0.3250291744492486,0.008899797275595894,0.008786850206430748,0.08186819249644262
grid,16,500,4,2,21,12,13,-0.2,0.4038440784559763,0.6610722863129022,0.6108924648897273,1.5699836414542856,False,0.05628540723901955,0.05628540723901955,0.35552130632074075,0.21811117824901485,0.6332718319643046,1.9444838583808894,2.577755690345194,0.17776065316037037,0.05789238825143721,0.12147524592135082,0.0016069810124176576,True,True,True,3,5.0,5,6,False,False,2.0,inf,0.008899797275595894,0.008707452542372459,0.02832357816467157
grid,16,500,4,2,21,12,13,-0.1,0.2019220392279882,0.6610722863129022,0.30544623244486374,0.439773343279167,False,0.02529849369468477,0.02529849369468477,0.35552130632074075,0.21811117824901485,0.2846354718539566,0.6167261248316369,0.9013615966855935,0.17776065316037037,0.08204125843247238,0.15246215946568561,0.05674276473778761,True,True,True,3,4.0,5,6,True,False,1.0,1.5650634923201716,0.008899797275595894,0.008812397781217115,0.008098585215785548
grid,16,500,4,2,21,12,13,-0.05,0.1009610196139944,0.6610722863129022,0.1527231162224323,0.18025172071438939,True,0.012032964126426038,0.012032964126426038,0.35552130632074075,0.21811117824901485,0.13538388740696464,0.2526685363980633,0.3880524238050279,0.17776065316037037,0.09524703232118195,0.16572768903394433,0.08321406819475591,True,True,True,0,3.0,5,6,True,False,3.0,0.29632201603788444,0.008899797275595894,0.008858047938639283,0.0005869519733658901
grid,16,500,4,2,21,12,13,-0.02,0.04038440784559772,0.6610722863129022,0.06108924648897286,0.06506395443926012,True,0.00467570691335693,0.00467570691335693,0.35552130632074075,0.21811117824901485,0.052606770173584436,0.0903807993477302,0.14298756952131464,0.17776065316037037,0.10346681921605186,0.17308494624701345,0.09879111230269493,True,True,True,0,3.0,5,6,True,False,3.0,0.5413868703215977,0.008899797275595894,0.008883537484658305,0.0054068212718820785
grid,16,500,4,2,21,12,13,0.02,0.04038440784559772,0.6610722863129022,0.06108924648897286,0.06506395443926012,True,0.0045034328576885555,0.0045034328576885555,0.35552130632074075,0.21811117824901485,0.05066850034158788,0.08688220006536453,0.13755070040695241,0.17776065316037037,0.10366756031270997,0.1732572203026818,0.09916412745502141,True,True,True,0,3.0,5,6,True,False,3.0,0.54682373943596,0.008899797275595894,0.008915501074349377,0.011420259505322328
grid,16,500,4,2,21,12,13,0.05,0.10096101961399416,0.6610722863129022,0.15272311622243195,0.1802517207143889,True,0.010954653060177084,0.010954653060177084,0.35552130632074075,0.21811117824901485,0.12325171926876441,0.22725227354824346,0.35050399281700784,0.17776065316037037,0.0964096234474109,0.16680600010019328,0.08545497038723382,True,True,True,0,3.0,5,6,True,False,3.0,0.3338704470259045,0.008899797275595894,0.008938068276926074,0.01564511970923066
grid,16,500,4,2,21,12,13,0.1,0.20192203922798857,0.6610722863129022,0.30544623244486424,0.4397733432791681,False,0.020962336027219357,0.020962336027219357,0.35552130632074075,0.21811117824901485,0.23584899869047804,0.4866869089781731,0.7225359076686512,0.17776065316037037,0.08614300339917083,0.156798317133151,0.06518066737195147,True,True,True,0,4.0,5,6,True,False,4.0,1.743889181337114,0.008899797275595894,0.008973235257390376,0.02219385569503385
grid,16,500,4,2,21,12,13,0.2,0.4038440784559763,0.6610722863129022,0.6108924648897273,1.5699836414542856,False,0.03856920429301454,0.03856920429301454,0.35552130632074075,0.21811117824901485,0.4339453485043009,1.0916484864771723,1.525593834981473,0.17776065316037037,0.07066231441859114,0.13919144886735585,0.0320931101255766,True,True,True,0,4.0,5,6,True,False,4.0,0.940831254024292,0.008899797275595894,0.008950074035836838,0.03355382276318131
grid,16,500,4,2,22,13,14,-0.2,0.36857022857389427,0.6610722863129022,0.5575339281420741,1.2600602929869302,False,0.04955367740774992,0.04955367740774992,0.35552130632074075,0.21811117824901485,0.5575325757049742,1.5870524427216843,2.1445850184266586,0.17776065316037037,0.06244743535099423,0.12820697575262047,0.012893757943244308,True,True,True,0,4.0,5,6,True,False,4.0,0.32184007057910646,0.008899797275595894,0.00881734822649864,0.005579012103262837
grid,16,500,4,2,22,13,14,-0.1,0.18428511428694716,0.6610722863129022,0.2787669640710371,0.38651441376639045,False,0.02353243404451554,0.02353243404451554,0.35552130632074075,0.21811117824901485,0.26476538678427647,0.5623867293891321,0.8271521161734086,0.17776065316037037,0.08368772879856752,0.15422821911585483,0.060155294754051986,True,True,True,0,4.0,5,6,True,False,4.0,1.6392729728323565,0.008899797275595894,0.008861701986523602,0.007344312930961383
grid,16,500,4,2,22,13,14,-0.05,0.09214255714347364,0.6610722863129022,0.13938348203551865,0.16195771185659624,True,0.011470705142859394,0.011470705142859394,0.35552130632074075,0.21811117824901485,0.1290578644815269,0.23934331514045212,0.36840117962197905,0.17776065316037037,0.09585147708118041,0.16628994801751099,0.08438077193832103,True,True,True,0,3.0,5,6,True,False,3.0,0.3159732602209333,0.008899797275595894,0.008881479552224037,0.007976916166610781
grid,16,500,4,2,22,13,14,-0.02,0.03685702285738956,0.6610722863129022,0.05575339281420762,0.05904537267057126,True,0.004519344123488365,0.004519344123488365,0.35552130632074075,0.21811117824901485,0.050847519326013585,0.08720477709074184,0.13805229641675543,0.17776065316037037,0.10364900351240423,0.173241309036882,0.09912965938891587,True,True,True,0,3.0,5,6,True,False,3.0,0.5463221434261569,0.008899797275595894,0.008892638823878828,0.008288400070998625
grid,16,500,4,2,22,13,14,0.02,0.036857022857389565,0.6610722863129022,0.055753392814207624,0.059045372670571264,True,0.004429718611780253,0.004429718611780253,0.35552130632074075,0.21811117824901485,0.04983913518571394,0.08538922430940897,0.1352283594951229,0.17776065316037037,0.10375357423857395,0.1733309345485901,0.0993238556267937,True,True,True,0,3.0,5,6,True,False,3.0,0.5491460803477894,0.008899797275595894,0.00890673834022567,0.008632373118648617
grid,16,500,4,2,22,13,14,0.05,0.09214255714347387,0.6610722863129022,0.139383482035519,0.16195771185659671,True,0.010910495033435486,0.010910495033435486,0.35552130632074075,0.21811117824901485,0.12275489361070654,0.22622380164852054,0.3489786952592271,0.17776065316037037,0.09645753412266414,0.16685015812693488,0.08554703908922866,True,True,True,0,3.0,5,6,True,False,3.0,0.33539574458368526,0.008899797275595894,0.008916756027965394,0.00884144603592607
grid,16,500,4,2,22,13,14,0.1,0.18428511428694738,0.6610722863129022,0.27876696407103746,0.3865144137663911,False,0.021290881362346862,0.021290881362346862,0.35552130632074075,0.21811117824901485,0.23954548977876294,0.496145425896801,0.735690915675564,0.17776065316037037,0.08582516436128708,0.15646977179802352,0.06453428299894022,True,True,True,0,4.0,5,6,True,False,4.0,1.730734173330201,0.008899797275595894,0.00893245241009285,0.009106302931942034
grid,16,500,4,2,22,13,14,0.2,0.36857022857389427,0.6610722863129022,0.5575339281420741,1.2600602929869302,False,0.04057679339955421,0.04057679339955421,0.35552130632074075,0.21811117824901485,0.4565329017209116,1.1747068770439801,1.6312397787648918,0.17776065316037037,0.0690841165443097,0.13718385976081615,0.028507323144755486,True,True,True,0,4.0,5,6,True,False,4.0,0.8351853102408733,0.008899797275595894,0.00896041987122957,0.009369326028295877
grid,16,500,4,2,23,14,15,-0.2,0.3933169079850498,0.6610722863129022,0.5949680785723984,1.4689412046224297,False,0.06067193005869804,0.06067193005869804,0.35552130632074075,0.21811117824901485,0.6826249676745014,2.202065003103641,2.8846899707781426,0.17776065316037037,0.05510457681602099,0.11708872310167234,-0.005567353242677049,True,False,False,0,,5,6,False,False,,,0.008899797275595894,0.008884036253980987,0.03704355007598892
grid,16,500,4,2,23,14,15,-0.1,0.19665845399252505,0.6610722863129022,0.2974840392861994,0.4234552037564197,False,0.02740845432866021,0.02740845432866021,0.35552130632074075,0.21811117824901485,0.30837481570157277,0.6842142153928742,0.992589031094447,0.17776065316037037,0.08011658837845788,0.15035219883171017,0.05270813404979767,True,True,True,0,4.0,5,6,True,False,4.0,1.473836057911318,0.008899797275595894,0.008894506886515503,0.039700080028068685
grid,16,500,4,2,23,14,15,-0.05,0.09832922699626255,0.6610722863129022,0.14874201964309974,0.1747320120050303,True,0.013062844504487877,0.013062844504487877,0.35552130632074075,0.21811117824901485,0.14697115781525585,0.27749079905784907,0.42446195687310495,0.17776065316037037,0.09414974874006282,0.1646978086558825,0.08108690423557495,True,True,True,0,3.0,5,6,True,False,3.0,0.2599124829698074,0.008899797275595894,0.00889765553090514,0.023397441111772332
grid,16,500,4,2,23,14,15,-0.02,0.03933169079850484,0.6610722863129022,0.059496807857239625,0.06326061235548525,True,0.0050813595552167004,0.0050813595552167004,0.35552130632074075,0.21811117824901485,0.05717080202931578,0.09867132448301293,0.1558421265123287,0.17776065316037037,0.10299566934649788,0.17267929360515366,0.09791430979128118,True,True,True,0,3.0,5,6,True,False,3.0,0.5285323133305837,0.008899797275595894,0.008899046684560995,0.01428667081050028
grid,16,500,4,2,23,14,15,0.02,0.03933169079850495,0.6610722863129022,0.05949680785723979,0.06326061235548544,True,0.004900508854487035,0.004900508854487035,0.35552130632074075,0.21811117824901485,0.055136035645255446,0.09496608221847515,0.1501021178637306,0.17776065316037037,0.10320545483203407,0.17286014430588334,0.09830494597754703,True,True,True,0,3.0,5,6,True,False,3.0,0.5342723219791817,0.008899797275595894,0.008900421248396505,0.0028480701781794515
grid,16,500,4,2,23,14,15,0.05,0.09832922699626288,0.6610722863129022,0.14874201964310024,0.174732012005031,True,0.011931102780858774,0.011931102780858774,0.35552130632074075,0.21811117824901485,0.1342378368749004,0.2502426936796224,0.3844805305545228,0.17776065316037037,0.09535625280739488,0.1658295503795116,0.0834251500265361,True,True,True,3,3.0,5,6,True,True,0.0,0.29989390928838955,0.008899797275595894,0.008901144537797502,0.005240106804938582
grid,16,500,4,2,23,14,15,0.1,0.19665845399252524,0.6610722863129022,0.2974840392861997,0.4234552037564203,False,0.02286110380911625,0.02286110380911625,0.35552130632074075,0.21811117824901485,0.25721219406739737,0.5422319447427121,0.7994441388101095,0.17776065316037037,0.0843222315865724,0.15489954935125413,0.061461127777456145,True,True,True,3,4.0,5,6,True,False,1.0,1.6669809501956556,0.008899797275595894,0.008901864836923574,0.017869595151991602
grid,16,500,4,2,23,14,15,0.2,0.39331690798505015,0.6610722863129022,0.5949680785723989,1.4689412046224326,False,0.042154850053270666,0.042154850053270666,0.35552130632074075,0.21811117824901485,0.47428774932819145,1.242253327405472,1.7165410767336633,0.17776065316037037,0.06786836327710041,0.13560580310709971,0.025713513223829747,True,True,True,3,4.0,5,6,True,False,1.0,0.7498840122721018,0.008899797275595894,0.008901926803440185,0.040341741605260495
grid,16,537,4,2,0,0,4,-0.2,0.36572098340464076,0.6929077926931044,0.5278061341801392,1.1177742287348862,False,0.04820379961179346,0.04820379961179346,0.46185560073707277,0.2784980887418973,0.41747939862472416,1.0510612953317109,1.468540693956435,0.23092780036853638,0.09172405039723307,0.18272400075674292,0.043520250785439606,True,True,True,0,4.0,5,6,True,False,4.0,0.6972821066455843,0.009730851542297058,0.01045688073634732,0.2674208188775282
grid,16,537,4,2,0,0,4,-0.1,0.18286049170232013,0.6929077926931044,0.2639030670900692,0.35851673236405207,False,0.021694564216906662,0.021694564216906662,0.46185560073707277,0.2784980887418973,0.18789045045494243,0.3760005575180034,0.5638910079729458,0.23092780036853638,0.11539644706972489,0.20923323615162973,0.09370188285281823,True,True,True,0,3.0,5,6,True,False,3.0,0.1834232266787552,0.009730851542297058,0.010361742960242441,0.2982749908850495
grid,16,537,4,2,0,0,4,-0.05,0.09143024585116022,0.6929077926931044,0.13195153354503483,0.15200940805058213,True,0.010328915107381757,0.010328915107381757,0.46185560073707277,0.2784980887418973,0.08945579606178121,0.16223428490995528,0.2516900809717365,0.23092780036853638,0.12733332061240452,0.22059888526115462,0.11700440550502275,True,True,True,0,0.0,5,6,True,True,0.0,0.0721777713058015,0.009730851542297058,0.010035144550494982,0.3116420312925947
grid,16,537,4,2,0,0,4,-0.02,0.036572098340464154,0.6929077926931044,0.05278061341801404,0.05572163552149346,True,0.0040161763194575695,0.0040161763194575695,0.46185560073707277,0.2784980887418973,0.03478296084792023,0.059725059531134696,0.09450802037905492,0.23092780036853638,0.13448881762483417,0.2269116240490788,0.13047264130537659,True,True,True,0,0.0,5,6,True,True,0.0,0.22935983189848308,0.009730851542297058,0.009848455272152317,0.3191050479359858
grid,16,537,4,2,0,0,4,0.02,0.036572098340464154,0.6929077926931044,0.05278061341801404,0.05572163552149346,True,0.0038717758704126383,0.0038717758704126383,0.46185560073707277,0.2784980887418973,0.03353234962818416,0.05750570015981311,0.09103804978799726,0.23092780036853638,0.13465711606510838,0.22705602449812376,0.13078534019469576,True,True,True,0,0.0,5,6,True,True,0.0,0.23282980248954074,0.009730851542297058,0.009618324591667948,0.3284705231405034
grid,16,537,4,2,0,0,4,0.05,0.09143024585116022,0.6929077926931044,0.13195153354503483,0.15200940805058213,True,0.009424940044069928,0.009424940044069928,0.46185560073707277,0.2784980887418973,0.08162672514118022,0.14688126517915004,0.22850799032033026,0.23092780036853638,0.12833413482072606,0.22150286032446645,0.11890919477665612,True,True,True,0,0.0,5,6,True,True,0.0,0.09535986195720775,0.009730851542297058,0.009458365854968532,0.33034500534131306
grid,16,537,4,2,0,0,4,0.1,0.18286049170232047,0.6929077926931044,0.2639030670900697,0.35851673236405296,False,0.018057502387668917,0.018057502387668917,0.46185560073707277,0.2784980887418973,0.156390892381524,0.30326001686789633,0.4596509092494203,0.23092780036853638,0.1190892394860941,0.21287029798086746,0.10103173709842518,True,True,True,0,3.0,5,6,True,False,3.0,0.2876633254022807,0.009730851542297058,0.009213004841353145,0.33073012421841774
grid,16,537,4,2,0,0,4,0.2,0.3657209834046405,0.6929077926931044,0.5278061341801388,1.1177742287348844,False,0.0333087748930132,0.0333087748930132,0.46185560073707277,0.2784980887418973,0.2884778258819935,0.6383821861850267,0.9268600120670203,0.23092780036853638,0.1043537104068223,0.19761902547552318,0.07104493551380911,True,True,True,0,4.0,5,6,True,False,4.0,1.238962788534999,0.009730851542297058,0.008789065271115776,0.33133918380448923
grid,16,537,4,2,1,0,1,-0.2,0.4869431765663621,0.6929077926931044,0.7027532114681151,2.3642079194162013,False,0.051679758629038924,0.051679758629038924,0.46185560073707277,0.2784980887418973,0.4475836910632976,1.161291844484344,1.6088755355476416,0.23092780036853638,0.08900391210787607,0.17924804173949746,0.03732415347883715,True,True,True,0,4.0,5,6,True,False,4.0,0.5569472650543776,0.009730851542297058,0.00979981313363211,0.2245187740355712
grid,16,537,4,2,1,0,1,-0.1,0.2434715882831811,0.6929077926931044,0.35137660573405766,0.5417266920070255,False,0.023187002343489756,0.023187002343489756,0.46185560073707277,0.2784980887418973,0.20081603259967618,0.4070949106292833,0.6079109432289596,0.23092780036853638,0.11391447909602954,0.20774079802504664,0.09072747675253978,True,True,True,0,3.0,5,6,True,False,3.0,0.13940329142274144,0.009730851542297058,0.00975747014488337,0.27922433491857235
grid,16,537,4,2,1,0,1,-0.05,0.12173579414159084,0.6929077926931044,0.17568830286702924,0.21313333715642852,True,0.011021011658204212,0.011021011658204212,0.46185560073707277,0.2784980887418973,0.09544984744682833,0.17414562812455098,0.2695954755713793,0.23092780036853638,0.1265723610393694,0.21990678871033217,0.11555134938116518,True,True,True,0,0.0,5,6,True,True,0.0,0.0542723767061587,0.009730851542297058,0.009742719471259561,0.3026325529676128
grid,16,537,4,2,1,0,1,-0.02,0.04869431765663634,0.6929077926931044,0.0702753211468117,0.07558723861508768,True,0.004280916234171275,0.004280916234171275,0.46185560073707277,0.2784980887418973,0.03707579795364079,0.06380817401399848,0.10088397196763926,0.23092780036853638,0.13418080991416906,0.22664688413436512,0.12989989367999777,True,True,True,0,0.0,5,6,True,True,0.0,0.22298388030989874,0.009730851542297058,0.00973530152239726,0.3156158114625123
grid,16,537,4,2,1,0,1,0.02,0.04869431765663634,0.6929077926931044,0.0702753211468117,0.07558723861508768,True,0.004121371006340606,0.004121371006340606,0.46185560073707277,0.2784980887418973,0.035694022112221516,0.06134528671793938,0.0970393088301609,0.23092780036853638,0.13436634587072138,0.22680642936219578,0.13024497486438077,True,True,True,0,0.0,5,6,True,True,0.0,0.2268285434473771,0.009730851542297058,0.009726751086791281,0.3318167796649871
grid,16,537,4,2,1,0,1,0.05,0.12173579414159084,0.6929077926931044,0.17568830286702924,0.21313333715642852,True,0.010022289641818406,0.010022289641818406,0.46185560073707277,0.2784980887418973,0.08680020011296942,0.15700069314546514,0.24380089325843457,0.23092780036853638,0.12767191584985554,0.220905510726718,0.11764962620803714,True,True,True,0,0.0,5,6,True,True,0.0,0.08006695901910343,0.009730851542297058,0.009721180859421518,0.33539250634299167
grid,16,537,4,2,1,0,1,0.1,0.2434715882831813,0.6929077926931044,0.35137660573405793,0.5417266920070262,False,0.019169665603250653,0.019169665603250653,0.46185560073707277,0.2784980887418973,0.16602302167740646,0.3250537581274549,0.49107677980486136,0.23092780036853638,0.11794766326457391,0.21175813476528574,0.09877799766132325,True,True,True,0,3.0,5,6,True,False,3.0,0.25623745484683963,0.009730851542297058,0.009713206876115994,0.3403036616275579
grid,16,537,4,2,1,0,1,0.2,0.48694317656636227,0.6929077926931044,0.7027532114681154,2.364207919416204,False,0.03524498256211279,0.03524498256211279,0.46185560073707277,0.2784980887418973,0.30524676982039856,0.6869135131791358,0.9921602829995344,0.23092780036853638,0.10261839921882994,0.1956828178064236,0.06737341665671714,True,True,True,0,4.0,5,6,True,False,4.0,1.1736625176024849,0.009730851542297058,0.009700960813283048,0.34867538418763644
grid,16,537,4,2,2,1,5,-0.2,0.3571641105215121,0.6929077926931044,0.5154569111329125,1.0637999446821227,False,0.024182563581239946,0.024182563581239946,0.46185560073707277,0.2784980887418973,0.20943830532874022,0.42825063032678135,0.6376889356555215,0.23092780036853638,0.11293649965109065,0.20674523678729645,0.0887539360698507,True,True,True,0,3.0,5,6,True,False,3.0,0.10962529899617945,0.009730851542297058,0.010198132503657876,0.3097154491923282
grid,16,537,4,2,2,1,5,-0.1,0.17858205526075607,0.6929077926931044,0.2577284555664563,0.3472158639236789,False,0.011298504845114625,0.011298504845114625,0.46185560073707277,0.2784980887418973,0.09785313701584135,0.17895994016486128,0.27681307718070264,0.23092780036853638,0.12626853624007955,0.21962929552342175,0.11497003139496492,True,True,True,0,0.0,5,6,True,True,0.0,0.047054775096835366,0.009730851542297058,0.010248453643945972,0.31722606315048374
grid,16,537,4,2,2,1,5,-0.05,0.08929102763037823,0.6929077926931044,0.12886422778322842,0.14792668593474098,True,0.005469854891050599,0.005469854891050599,0.46185560073707277,0.2784980887418973,0.04737285751062703,0.08237346751552772,0.12974632502615474,0.23092780036853638,0.13280623132732663,0.2254579454774858,0.12733637643627604,True,True,True,0,0.0,5,6,True,True,0.0,0.19412152725138326,0.009730851542297058,0.010275134086208577,0.32064612933381786
grid,16,537,4,2,2,1,5,-0.02,0.03571641105215129,0.6929077926931044,0.05154569111329136,0.05434704722233321,True,0.0021470220394167426,0.0021470220394167426,0.46185560073707277,0.2784980887418973,0.018594747241261745,0.031415926407132214,0.050010673648393955,0.23092780036853638,0.13668366876039753,0.22878077832911964,0.13453664672098078,True,True,True,0,0.0,5,6,True,True,0.0,0.27385717862914405,0.009730851542297058,0.009961569596721039,0.32260187832693776
grid,16,537,4,2,2,1,5,0.02,0.03571641105215129,0.6929077926931044,0.05154569111329136,0.05434704722233321,True,0.002094771846722477,0.002094771846722477,0.46185560073707277,0.2784980887418973,0.018142223182998688,0.030637517203096817,0.048779740386095505,0.23092780036853638,0.13674553540590026,0.22883302852181392,0.1346507635591778,True,True,True,0,0.0,5,6,True,True,0.0,0.2750881118914425,0.009730851542297058,0.009507884520317905,0.32510472315397165
grid,16,537,4,2,2,1,5,0.05,0.08929102763037823,0.6929077926931044,0.12886422778322842,0.14792668593474098,True,0.005143033052452351,0.005143033052452351,0.46185560073707277,0.2784980887418973,0.04454234651908184,0.07723276494849608,0.12177511146757791,0.23092780036853638,0.13318267333513348,0.22578476731608405,0.12803964028268114,True,True,True,0,0.0,5,6,True,True,0.0,0.2020927408099601,0.009730851542297058,0.009187234886358338,0.32690756159712486
grid,16,537,4,2,2,1,5,0.1,0.17858205526075646,0.6929077926931044,0.25772845556645685,0.3472158639236799,False,0.009987515701099986,0.009987515701099986,0.46185560073707277,0.2784980887418973,0.08649903290258656,0.15640884176119663,0.2429078746637832,0.23092780036853638,0.12771037223520676,0.2209402846674364,0.11772285653410677,True,True,True,0,0.0,5,6,True,True,0.0,0.08095997761375481,0.009730851542297058,0.008687048061669563,0.32856514029502737
grid,16,537,4,2,2,1,5,0.2,0.3571641105215121,0.6929077926931044,0.5154569111329125,1.0637999446821227,False,0.01887847748429866,0.01887847748429866,0.46185560073707277,0.2784980887418973,0.16350112419700533,0.319309893237453,0.4828110174344583,0.23092780036853638,0.11824549056649358,0.21204932288423772,0.09936701308219492,True,True,True,0,3.0,5,6,True,False,3.0,0.2645032172172427,0.009730851542297058,0.007799788146102003,0.327340628332385
grid,16,537,4,2,3,1,2,-0.2,0.404400216074952,0.6929077926931044,0.5836277500981502,1.4016970396939927,False,0.04893019187059156,0.04893019187059156,0.46185560073707277,0.2784980887418973,0.4237704753823848,1.0736330450909397,1.4974035204733245,0.23092780036853638,0.09114881866633873,0.18199760849794483,0.042218626795747165,True,True,True,0,4.0,5,6,True,False,4.0,0.6684192801286948,0.009730851542297058,0.01012723739144931,0.29699635623450127
grid,16,537,4,2,3,1,2,-0.1,0.20220010803747587,0.6929077926931044,0.2918138750490749,0.412058164891746,False,0.023245625187139417,0.023245625187139417,0.46185560073707277,0.2784980887418973,0.2013237483753957,0.4083314173738823,0.609655165749278,0.23092780036853638,0.11385665759759515,0.20768217518139698,0.09061103241045573,True,True,True,0,3.0,5,6,True,False,3.0,0.13765906890242297,0.009730851542297058,0.009858857410205868,0.3110189287467766
grid,16,537,4,2,3,1,2,-0.05,0.10110005401873813,0.6929077926931044,0.14590693752453773,0.1708325988524577,True,0.011333631283653377,0.011333631283653377,0.46185560073707277,0.2784980887418973,0.09815735710959095,0.17957093768768448,0.27772829479727545,0.23092780036853638,0.1262301286566225,0.219594169084883,0.11489649737296913,True,True,True,0,0.0,5,6,True,True,0.0,0.04613955748026255,0.009730851542297058,0.009779131991608292,0.3175834953540462
grid,16,537,4,2,3,1,2,-0.02,0.04044002160749516,0.6929077926931044,0.05836277500981496,0.06198010599084301,True,0.0044660300036487,0.0044660300036487,0.46185560073707277,0.2784980887418973,0.03867901566222332,0.06667415061068077,0.10535316627290409,0.23092780036853638,0.13396586121438403,0.22646177036488768,0.12949983121073533,True,True,True,0,0.0,5,6,True,True,0.0,0.21851468600463392,0.009730851542297058,0.009746610129693778,0.3213868965762139
grid,16,537,4,2,3,1,2,0.02,0.04044002160749516,0.6929077926931044,0.05836277500981496,0.06198010599084301,True,0.004378410586030042,0.004378410586030042,0.46185560073707277,0.2784980887418973,0.03792016880637638,0.06531648083467617,0.10323664964105256,0.23092780036853638,0.13406755936873951,0.22654938978250636,0.12968914878270948,True,True,True,0,0.0,5,6,True,True,0.0,0.22063120263648545,0.009730851542297058,0.009719585825032776,0.3263060593266529
grid,16,537,4,2,3,1,2,0.05,0.1011000540187381,0.6929077926931044,0.1459069375245377,0.17083259885245763,True,0.010785946343437918,0.010785946343437918,0.46185560073707277,0.2784980887418973,0.09341401361139444,0.17008468827151746,0.2634987018829119,0.23092780036853638,0.1268303038098244,0.22014185402509848,0.11604435746638649,True,True,True,0,0.0,5,6,True,True,0.0,0.06036915039462609,0.009730851542297058,0.009710669231260837,0.3298850097550503
grid,16,537,4,2,3,1,2,0.1,0.20220010803747643,0.6929077926931044,0.2918138750490757,0.41205816489174757,False,0.02105398718269763,0.02105398718269763,0.46185560073707277,0.2784980887418973,0.18234259495043637,0.362879562491155,0.5452221574415914,0.23092780036853638,0.11603842904881594,0.20987381318583875,0.0949844418661183,True,True,True,0,3.0,5,6,True,False,3.0,0.20209207721010958,0.009730851542297058,0.009715490114957499,0.33564769047700427
grid,16,537,4,2,3,1,2,0.2,0.40440021607495197,0.6929077926931044,0.5836277500981502,1.4016970396939923,False,0.04014990088218643,0.04014990088218643,0.46185560073707277,0.2784980887418973,0.347726872365401,0.816466013977522,1.164192886342923,0.23092780036853638,0.09835045230257872,0.19077789948634996,0.05820055142039229,True,True,True,0,4.0,5,6,True,False,4.0,1.0016299142590963,0.009730851542297058,0.009789012222506735,0.3425252672185095
grid,16,537,4,2,4,2,6,-0.2,0.46249746952857673,0.6929077926931044,0.6674733267625717,2.007277552396487,False,0.03183485266625791,0.03183485266625791,0.46185560073707277,0.2784980887418973,0.2757126046794959,0.6023946127932547,0.8781072174727506,0.23092780036853638,0.10569434716104878,0.19909294770227848,0.07385949449479087,True,True,True,0,4.0,5,6,True,False,4.0,1.2877155831292688,0.009730851542297058,0.00948006604196403,0.3341055897735892
grid,16,537,4,2,4,2,6,-0.1,0.23124873476428867,0.6929077926931044,0.33373666338128627,0.5009080419688102,False,0.014673509128132983,0.014673509128132983,0.46185560073707277,0.2784980887418973,0.1270830892141666,0.23931132051364779,0.3663944097278144,0.23092780036853638,0.12263113250671451,0.2162542912404034,0.10795762337858153,True,True,True,0,3.0,5,6,True,False,3.0,0.3809198249238866,0.009730851542297058,0.009915871233910663,0.32873798778565044
grid,16,537,4,2,4,2,6,-0.05,0.11562436738214442,0.6929077926931044,0.16686833169064325,0.20029046792719207,True,0.007059839160519031,0.007059839160519031,0.46185560073707277,0.2784980887418973,0.0611432590554474,0.10779205688519893,0.1689353159406463,0.23092780036853638,0.1309899702171548,0.22386796120801736,0.12393013105663578,True,True,True,0,0.0,5,6,True,True,0.0,0.1549325363368917,0.009730851542297058,0.009855392932085547,0.32624322740266365
grid,16,537,4,2,4,2,6,-0.02,0.046249746952857995,0.6929077926931044,0.06674733267625763,0.07152118071911515,True,0.0027612934794615865,0.0027612934794615865,0.46185560073707277,0.2784980887418973,0.023914777476378796,0.04061967043882354,0.06453444791520233,0.23092780036853638,0.13595843834431473,0.2281665068890748,0.13319714486485315,True,True,True,0,0.0,5,6,True,True,0.0,0.25933340436233565,0.009730851542297058,0.009778826238328885,0.3248040300362345
grid,16,537,4,2,4,2,6,0.02,0.04624974695285755,0.6929077926931044,0.06674733267625699,0.07152118071911441,True,0.002681862361527827,0.002681862361527827,0.46185560073707277,0.2784980887418973,0.023226847155239497,0.03942407833124326,0.06265092548648277,0.23092780036853638,0.13605200045488305,0.22824593800700857,0.13337013809335524,True,True,True,0,0.0,5,6,True,True,0.0,0.26121692679105524,0.009730851542297058,0.00968516241025034,0.32294987720938795
grid,16,537,4,2,4,2,6,0.05,0.11562436738214399,0.6929077926931044,0.16686833169064264,0.20029046792719118,True,0.006562883456032608,0.006562883456032608,0.46185560073707277,0.2784980887418973,0.05683926703981884,0.09977401394407091,0.15661328098388977,0.23092780036853638,0.13155496499742875,0.22436491691250376,0.12499208154139614,True,True,True,0,0.0,5,6,True,True,0.0,0.16725457129364824,0.009730851542297058,0.009620622919496996,0.3216062320699138
grid,16,537,4,2,4,2,6,0.1,0.23124873476428814,0.6929077926931044,0.3337366633812855,0.5009080419688086,False,0.012678353646613516,0.012678353646613516,0.46185560073707277,0.2784980887418973,0.10980361503794868,0.20322996298457058,0.31303357802251924,0.23092780036853638,0.1247685475155656,0.21824944672192287,0.11209019386895208,True,True,True,0,0.0,5,6,True,True,0.0,0.010834274255018761,0.009730851542297058,0.00952271169183643,0.3194525558458463
grid,16,537,4,2,4,2,6,0.2,0.46249746952857596,0.6929077926931044,0.6674733267625705,2.0072775523964768,False,0.023735038136013395,0.023735038136013395,0.46185560073707277,0.2784980887418973,0.20556241472992667,0.41869939032840386,0.6242618050583305,0.23092780036853638,0.11337507856124171,0.20719276223252298,0.08964004042522832,True,True,True,0,3.0,5,6,True,False,3.0,0.12305242959337048,0.009730851542297058,0.008448292599410327,0.3110341395669871
grid,16,537,4,2,5,2,3,-0.2,0.3841372538909742,0.6929077926931044,0.554384375441874,1.244086483708024,False,0.06615039496542803,0.06615039496542803,0.46185560073707277,0.2784980887418973,0.5729097567279382,1.6849295999529315,2.2578393566808694,0.23092780036853638,0.078520069879805,0.16477740540310837,0.012369674914376974,True,True,True,0,5.0,5,6,False,False,5.0,inf,0.009730851542297058,0.009726648245299448,0.36842718863248725
grid,16,537,4,2,5,2,3,-0.1,0.1920686269454871,0.6929077926931044,0.277192187720937,0.38349362446281654,False,0.030243704271940487,0.030243704271940487,0.46185560073707277,0.2784980887418973,0.26193212098045127,0.5644538373088979,0.8263859582893491,0.23092780036853638,0.1071609484174331,0.2006840960965959,0.07691724414549261,True,True,True,0,4.0,5,6,True,False,4.0,1.3394368423126701,0.009730851542297058,0.009727389183685138,0.368171913942444
grid,16,537,4,2,5,2,3,-0.05,0.09603431347274383,0.6929077926931044,0.1385960938604689,0.1608955948221797,True,0.014485541044950633,0.014485541044950633,0.46185560073707277,0.2784980887418973,0.12545515110639116,0.23586145490635277,0.36131660601274396,0.23092780036853638,0.12283093098617595,0.21644225932358574,0.10834538994122532,True,True,True,0,3.0,5,6,True,False,3.0,0.38599762863895704,0.009730851542297058,0.009728869778815853,0.3489033306084315
grid,16,537,4,2,5,2,3,-0.02,0.0384137253890977,0.6929077926931044,0.055438437544187806,0.05869224383856006,True,0.00564991729066839,0.00564991729066839,0.46185560073707277,0.2784980887418973,0.04893232674153323,0.0852179145511325,0.13415024129266573,0.23092780036853638,0.1325992855006637,0.225277883077868,0.1269493682099953,True,True,True,0,0.0,5,6,True,True,0.0,0.18971761098487228,0.009730851542297058,0.009730007842269659,0.3336609179493324
grid,16,537,4,2,5,2,3,0.02,0.038413725389097264,0.6929077926931044,0.055438437544187175,0.05869224383855935,True,0.00546675223450092,0.00546675223450092,0.46185560073707277,0.2784980887418973,0.04734598628468777,0.08232453076191311,0.12967051704660087,0.23092780036853638,0.13280980004152243,0.22546104813403547,0.12734304780702152,True,True,True,0,0.0,5,6,True,True,0.0,0.19419733523093713,0.009730851542297058,0.009731754032407955,0.31435759697901156
grid,16,537,4,2,5,2,3,0.05,0.09603431347274359,0.6929077926931044,0.13859609386046856,0.16089559482217924,True,0.013339864799709736,0.013339864799709736,0.46185560073707277,0.2784980887418973,0.11553277499218995,0.21506237964261526,0.3305951546348052,0.23092780036853638,0.12405577230083248,0.21758793556882666,0.11071590750112274,True,True,True,0,3.0,5,6,True,False,3.0,0.4167190800168958,0.009730851542297058,0.009733202733479421,0.3006007708949192
grid,16,537,4,2,5,2,3,0.1,0.19206862694548746,0.6929077926931044,0.2771921877209375,0.38349362446281754,False,0.025648271622820306,0.025648271622820306,0.46185560073707277,0.2784980887418973,0.2221323858096632,0.46000944205297745,0.6821418278626407,0.23092780036853638,0.11151193553051678,0.2052795287457161,0.08586366390769647,True,True,True,0,3.0,5,6,True,False,3.0,0.06517240678906033,0.009730851542297058,0.009735820224774963,0.2789500756122818
grid,16,537,4,2,5,2,3,0.2,0.384137253890974,0.6929077926931044,0.5543843754418737,1.2440864837080223,False,0.04756858134124519,0.04756858134124519,0.46185560073707277,0.2784980887418973,0.41197795384817903,1.0315201683221087,1.4434981221702876,0.23092780036853638,0.09223005579933777,0.1833592190272912,0.04466147445809258,True,True,True,0,4.0,5,6,True,False,4.0,0.7223246784317316,0.009730851542297058,0.009741549732419155,0.23995085703698704
grid,16,537,4,2,6,3,7,-0.2,0.3153908151572944,0.6929077926931044,0.4551699641469959,0.8354347855186922,False,0.06637542962705,0.06637542962705,0.46185560073707277,0.2784980887418973,0.5748587179293426,1.6939597483732862,2.268818466302629,0.23092780036853638,0.07836718634051427,0.16455237074148638,0.01199175671346428,True,True,True,0,5.0,5,6,False,False,5.0,inf,0.009730851542297058,0.009393672776846787,0.36634618257218166
grid,16,537,4,2,6,3,7,-0.1,0.15769540757864708,0.6929077926931044,0.22758498207349778,0.2946408042200355,True,0.030561837101985186,0.030561837101985186,0.46185560073707277,0.2784980887418973,0.2646873789401858,0.5719650564949176,0.8366524354351034,0.23092780036853638,0.10686609874131972,0.2003659632665512,0.07630426163933454,True,True,True,0,4.0,5,6,True,False,4.0,1.3291703651669158,0.009730851542297058,0.009747942980645791,0.3605288578892414
grid,16,537,4,2,6,3,7,-0.05,0.07884770378932347,0.6929077926931044,0.1137924910367488,0.1284038894794193,True,0.014683490013193072,0.014683490013193072,0.46185560073707277,0.2784980887418973,0.12716953082097324,0.2394948009098669,0.3666643317308401,0.23092780036853638,0.12262053253272212,0.2162443103553433,0.10793704251952904,True,True,True,0,3.0,5,6,True,False,3.0,0.38064990292086087,0.009730851542297058,0.00973833851921224,0.34163738924523557
grid,16,537,4,2,6,3,7,-0.02,0.031539081515729595,0.6929077926931044,0.04551699641469981,0.04768759238637616,True,0.005737108301220883,0.005737108301220883,0.46185560073707277,0.2784980887418973,0.04968746328562489,0.08659838875947336,0.13628585204509824,0.23092780036853638,0.13249919273107208,0.2251906920673155,0.1267620844298512,True,True,True,0,0.0,5,6,True,True,0.0,0.18758200023243976,0.009730851542297058,0.009733613093793624,0.33084533614707823
grid,16,537,4,2,6,3,7,0.02,0.031539081515729595,0.6929077926931044,0.04551699641469981,0.04768759238637616,True,0.005563275030087892,0.005563275030087892,0.46185560073707277,0.2784980887418973,0.04818194276487709,0.08384814416668485,0.13203008693156193,0.23092780036853638,0.13269882322090398,0.2253645253384485,0.1271355481908161,True,True,True,0,0.0,5,6,True,True,0.0,0.19183776534597607,0.009730851542297058,0.009728378388852101,0.3170590838220997
grid,16,537,4,2,6,3,7,0.05,0.07884770378932347,0.6929077926931044,0.1137924910367488,0.1284038894794193,True,0.013596404217355904,0.013596404217355904,0.46185560073707277,0.2784980887418973,0.11775458992514092,0.2196858113489085,0.3374404012740494,0.23092780036853638,0.12378044930504754,0.21733139615118047,0.11018404508769164,True,True,True,0,3.0,5,6,True,False,3.0,0.4098738333776516,0.009730851542297058,0.00972516975211827,0.3071528069292606
grid,16,537,4,2,6,3,7,0.1,0.15769540757864753,0.6929077926931044,0.22758498207349842,0.2946408042200366,True,0.026204585888903335,0.026204585888903335,0.46185560073707277,0.2784980887418973,0.2269504654449017,0.4722570044099728,0.6992074698548745,0.23092780036853638,0.11097595438163062,0.20472321447963304,0.08477136849272729,True,True,True,0,3.0,5,6,True,False,3.0,0.04810676479682652,0.009730851542297058,0.009721019159661668,0.28879571401383
grid,16,537,4,2,6,3,7,0.2,0.3153908151572944,0.6929077926931044,0.4551699641469959,0.8354347855186922,False,0.048807897817524,0.048807897817524,0.46185560073707277,0.2784980887418973,0.42271132137085055,1.069815951912606,1.4925272732834567,0.23092780036853638,0.09124541044703201,0.18211990255101237,0.042437512629508005,True,True,True,0,4.0,5,6,True,False,4.0,0.6732955273185626,0.009730851542297058,0.009682425865063156,0.2529352329142345
grid,16,537,4,2,7,4,8,-0.2,0.39429220424990913,0.6929077926931044,0.5690399334627558,1.320400607032992,False,0.043725993756716784,0.043725993756716784,0.46185560073707277,0.2784980887418973,0.37869839566249464,0.9171578429677463,1.295856238630241,0.23092780036853638,0.09535107635394117,0.1872018066118196,0.05162508259722439,True,True,True,0,4.0,5,6,True,False,4.0,0.8699665619717782,0.009730851542297058,0.009275194587210971,0.3179406564663201
grid,16,537,4,2,7,4,8,-0.1,0.19714610212495443,0.6929077926931044,0.2845199667313777,0.3976630422956283,False,0.020543466939920357,0.020543466939920357,0.46185560073707277,0.2784980887418973,0.17792112432660903,0.35251830419653973,0.5304394285231487,0.23092780036853638,0.11655262546858701,0.21038433342861604,0.09600915852866665,True,True,True,0,3.0,5,6,True,False,3.0,0.21687480612855226,0.009730851542297058,0.009516218087975993,0.32088311473822806
grid,16,537,4,2,7,4,8,-0.05,0.09857305106247738,0.6929077926931044,0.1422599833656891,0.16585443212024029,True,0.009966174531646645,0.009966174531646645,0.46185560073707277,0.2784980887418973,0.08631420310366861,0.15604578518465953,0.24235998828832814,0.23092780036853638,0.1277339790991855,0.22096162583688975,0.11776780456753885,True,True,True,0,0.0,5,6,True,True,0.0,0.08150786398920987,0.009730851542297058,0.009626643306397406,0.32237540704040146
grid,16,537,4,2,7,4,8,-0.02,0.03942922042499086,0.6929077926931044,0.05690399334627551,0.06033743430658898,True,0.003916049463775258,0.003916049463775258,0.46185560073707277,0.2784980887418973,0.03391579062828864,0.05818558187037401,0.09210137249866265,0.23092780036853638,0.134605492903704,0.22701175090476114,0.13068944343992875,True,True,True,0,0.0,5,6,True,True,0.0,0.23176647977887535,0.009730851542297058,0.009689889978158981,0.32327139775918745
grid,16,537,4,2,7,4,8,0.02,0.03942922042499086,0.6929077926931044,0.05690399334627551,0.06033743430658898,True,0.003825402921328809,0.003825402921328809,0.46185560073707277,0.2784980887418973,0.033130726705263465,0.05679412974293338,0.08992485644819684,0.23092780036853638,0.13471120831127043,0.2271023974472076,0.13088580538994163,True,True,True,0,0.0,5,6,True,True,0.0,0.23394299582934117,0.009730851542297058,0.009770878811255714,0.32446305807314646
grid,16,537,4,2,7,4,8,0.05,0.09857305106247738,0.6929077926931044,0.1422599833656891,0.16585443212024029,True,0.009399401314759836,0.009399401314759836,0.46185560073707277,0.2784980887418973,0.08140554147018578,0.14645086537112084,0.22785640684130662,0.23092780036853638,0.1283625233752062,0.22152839905377655,0.11896312206044637,True,True,True,0,0.0,5,6,True,True,0.0,0.09601144543623139,0.009730851542297058,0.009829219654026375,0.32535260646675357
grid,16,537,4,2,7,4,8,0.1,0.19714610212495473,0.6929077926931044,0.28451996673137814,0.3976630422956292,False,0.01827306038431815,0.01827306038431815,0.46185560073707277,0.2784980887418973,0.15825777888289133,0.30745357105554405,0.4657113499384354,0.23092780036853638,0.118867120792147,0.21265473998421824,0.10059406040782884,True,True,True,0,3.0,5,6,True,False,3.0,0.2816028847132656,0.009730851542297058,0.009922113634930316,0.3268234540232309
grid,16,537,4,2,7,4,8,0.2,0.39429220424990913,0.6929077926931044,0.5690399334627558,1.320400607032992,False,0.034591692085700496,0.034591692085700496,0.46185560073707277,0.2784980887418973,0.2995888068088451,0.6703773684739458,0.9699661752827908,0.23092780036853638,0.10320065596619227,0.19633610828283588,0.06860896388049177,True,True,True,0,4.0,5,6,True,False,4.0,1.1958566253192284,0.009730851542297058,0.010092866322095776,0.32970502482794695
grid,16,537,4,2,8,4,5,-0.2,0.3541587323505466,0.6929077926931044,0.5111195689891843,1.0454899328500156,False,0.026926988162004277,0.026926988162004277,0.46185560073707277,0.2784980887418973,0.23320698607124518,0.4883217393593605,0.7215287254306058,0.23092780036853638,0.1102837985354916,0.2040008122065321,0.08335681037348733,True,True,True,0,3.0,5,6,True,False,3.0,0.025785509221095237,0.009730851542297058,0.009580136239598913,0.30314957854008795
grid,16,537,4,2,8,4,5,-0.1,0.1770793661752733,0.6929077926931044,0.25555978449459216,0.3432912128760939,False,0.012518919342820164,0.012518919342820164,0.46185560073707277,0.2784980887418973,0.10842279987806831,0.20039737910321206,0.3088201789812804,0.23092780036853638,0.1249409488172244,0.2184088810257162,0.11242202947440423,True,True,True,0,0.0,5,6,True,True,0.0,0.015047673296257613,0.009730851542297058,0.009641855479039342,0.3142612295023772
grid,16,537,4,2,8,4,5,-0.05,0.08853968308763692,0.6929077926931044,0.12777989224729647,0.14649959466828216,True,0.006047082962392763,0.006047082962392763,0.46185560073707277,0.2784980887418973,0.05237206566504559,0.09152265249580997,0.14389471816085556,0.23092780036853638,0.1321439621228112,0.22488071740614363,0.12609687916041845,True,True,True,0,0.0,5,6,True,True,0.0,0.17997313411668245,0.009730851542297058,0.009683818919790688,0.31923294121116075
grid,16,537,4,2,8,4,5,-0.02,0.03541587323505458,0.6929077926931044,0.051111956898918315,0.05386510797615092,True,0.0023705479440036294,0.0023705479440036294,0.46185560073707277,0.2784980887418973,0.02053064152709622,0.03475384500089159,0.055284486527987814,0.23092780036853638,0.13641931958566395,0.22855725242453276,0.13404877164166032,True,True,True,0,0.0,5,6,True,True,0.0,0.2685833657495502,0.009730851542297058,0.009711520120458448,0.32205208926992945
grid,16,537,4,2,8,4,5,0.02,0.03541587323505458,0.6929077926931044,0.051111956898918315,0.05386510797615092,True,0.002309061111152842,0.002309061111152842,0.46185560073707277,0.2784980887418973,0.019998121555463,0.03383438393250513,0.05383250548796813,0.23092780036853638,0.13649198494402,0.22861873925738355,0.13418292383286717,True,True,True,0,0.0,5,6,True,True,0.0,0.27003534678956986,0.009730851542297058,0.009750782939949411,0.32563505752181965
grid,16,537,4,2,8,4,5,0.05,0.08853968308763692,0.6929077926931044,0.12777989224729647,0.14649959466828216,True,0.0056624512085952546,0.0056624512085952546,0.46185560073707277,0.2784980887418973,0.049040879439881904,0.08541623576528787,0.13445711520516979,0.23092780036853638,0.13258489227164952,0.22526534915994112,0.12692244106305425,True,True,True,0,0.0,5,6,True,True,0.0,0.18941073707236822,0.009730851542297058,0.00978165255405148,0.32819898643548306
grid,16,537,4,2,8,4,5,0.1,0.17707936617527364,0.6929077926931044,0.25555978449459266,0.34329121287609476,False,0.010975529900339905,0.010975529900339905,0.46185560073707277,0.2784980887418973,0.09505594287759306,0.17335865982501714,0.2684146027026102,0.23092780036853638,0.12662222829154615,0.2199522704681965,0.11564669839120625,True,True,True,0,0.0,5,6,True,True,0.0,0.05545324957492781,0.009730851542297058,0.009835188155263415,0.3322551938185958
grid,16,537,4,2,8,4,5,0.2,0.3541587323505468,0.6929077926931044,0.5111195689891845,1.0454899328500165,False,0.02067443381462641,0.02067443381462641,0.46185560073707277,0.2784980887418973,0.17905539117968644,0.3551682746036451,0.5342236657833315,0.23092780036853638,0.11642049863658757,0.21025336655390997,0.09574606482196116,True,True,True,0,3.0,5,6,True,False,3.0,0.21309056886836952,0.009730851542297058,0.00946974364641238,0.33964107488618867
grid,16,537,4,2,9,5,9,-0.2,0.366156498084706,0.6929077926931044,0.5284346661214132,1.1205969314476123,False,0.023566045276076333,0.023566045276076333,0.46185560073707277,0.2784980887418973,0.20409881563386836,0.4151102616289296,0.619209077262798,0.23092780036853638,0.1135411357146464,0.20736175509246005,0.08997509043857006,True,True,True,0,3.0,5,6,True,False,3.0,0.12810515738890305,0.009730851542297058,0.008217095562263209,0.3261734110796617
grid,16,537,4,2,9,5,9,-0.1,0.18307824904235304,0.6929077926931044,0.2642173330607066,0.35909697922050426,False,0.01123564643680967,0.01123564643680967,0.46185560073707277,0.2784980887418973,0.09730873821929421,0.17786745239071006,0.27517619061000426,0.23092780036853638,0.1263372953937525,0.21969215393172672,0.11510164895694282,True,True,True,0,0.0,5,6,True,True,0.0,0.04869166166753375,0.009730851542297058,0.008990462599545071,0.32488839066984876
grid,16,537,4,2,9,5,9,-0.05,0.09153912452117652,0.6929077926931044,0.1321086665303533,0.15221798102558612,True,0.005489554366606209,0.005489554366606209,0.46185560073707277,0.2784980887418973,0.0475434690656167,0.082684238127063,0.1302277071926797,0.23092780036853638,0.13278357498245963,0.2254382460019302,0.12729402061585343,True,True,True,0,0.0,5,6,True,True,0.0,0.1936401450848583,0.009730851542297058,0.009364823254095352,0.3243488811541113
grid,16,537,4,2,9,5,9,-0.02,0.03661564980847076,0.6929077926931044,0.05284346661214155,0.05579169308279719,True,0.0021660612671446887,0.0021660612671446887,0.46185560073707277,0.2784980887418973,0.018759640577599438,0.031699741239173594,0.050459381816773036,0.23092780036853638,0.13666113239233227,0.2287617391013917,0.13449507112518758,True,True,True,0,0.0,5,6,True,True,0.0,0.273408470460765,0.009730851542297058,0.00958544230229579,0.32405367818088693
grid,16,537,4,2,9,5,9,0.02,0.03661564980847076,0.6929077926931044,0.05284346661214155,0.05579169308279719,True,0.0021275221034902933,0.0021275221034902933,0.46185560073707277,0.2784980887418973,0.018425863842248466,0.031125339990592384,0.049551203832840854,0.23092780036853638,0.13670675431229576,0.2288002782650461,0.13457923220880547,True,True,True,0,0.0,5,6,True,True,0.0,0.27431664844469716,0.009730851542297058,0.009874924370382582,0.3236903418900341
grid,16,537,4,2,9,5,9,0.05,0.09153912452117652,0.6929077926931044,0.1321086665303533,0.15221798102558612,True,0.005248605397549259,0.005248605397549259,0.46185560073707277,0.2784980887418973,0.04545667857376236,0.07889024043061889,0.12434691900438125,0.23092780036853638,0.13306095580137614,0.22567919497098712,0.12781235040382688,True,True,True,0,0.0,5,6,True,True,0.0,0.19952093327315676,0.009730851542297058,0.010088530371784652,0.32343885065395517
grid,16,537,4,2,9,5,9,0.1,0.18307824904235315,0.6929077926931044,0.26421733306070677,0.35909697922050454,False,0.010270718287833333,0.010270718287833333,0.46185560073707277,0.2784980887418973,0.08895176995963545,0.16123890954443207,0.25019067950406754,0.23092780036853638,0.12739751610640934,0.22065708208070306,0.117126797818576,True,True,True,0,0.0,5,6,True,True,0.0,0.07367717277347047,0.009730851542297058,0.010430495714874366,0.32305621503948845
grid,16,537,4,2,9,5,9,0.2,0.366156498084706,0.6929077926931044,0.5284346661214132,1.1205969314476123,False,0.019688160441293578,0.019688160441293578,0.46185560073707277,0.2784980887418973,0.17051355800274676,0.3353482230350415,0.5058617810377883,0.23092780036853638,0.11741920242252964,0.21123963992724282,0.09773104198123606,True,True,True,0,3.0,5,6,True,False,3.0,0.24145245361391265,0.009730851542297058,0.01055514700703552,0.32241072652435676
grid,16,537,4,2,10,5,6,-0.2,0.4268346193880271,0.6929077926931044,0.6160049344070175,1.604200130685937,False,0.026617603675804378,0.026617603675804378,0.46185560073707277,0.2784980887418973,0.23052749502940306,0.48141935379936257,0.7119468488287657,0.23092780036853638,0.11057969924033256,0.204310196692732,0.08396209556452819,True,True,True,0,3.0,5,6,True,False,3.0,0.035367385822935304,0.009730851542297058,0.010076580134289853,0.3127410736256697
grid,16,537,4,2,10,5,6,-0.1,0.21341730969401365,0.6929077926931044,0.30800246720350893,0.4450918574215337,False,0.01258415809522511,0.01258415809522511,0.46185560073707277,0.2784980887418973,0.10898781415786339,0.20155554207830872,0.31054335623617213,0.23092780036853638,0.12487037533640123,0.21834364227331127,0.11228621724117613,True,True,True,0,0.0,5,6,True,True,0.0,0.013324496041365874,0.009730851542297058,0.009889363966753044,0.3218193112253869
grid,16,537,4,2,10,5,6,-0.05,0.1067086548470071,0.6929077926931044,0.15400123360175486,0.18203482052036513,True,0.006124306703293937,0.006124306703293937,0.46185560073707277,0.2784980887418973,0.05304087852151357,0.09275344843523993,0.14579432695675348,0.23092780036853638,0.13205561209015104,0.22480349366524244,0.1259313053868571,True,True,True,0,0.0,5,6,True,True,0.0,0.17807352532078452,0.009730851542297058,0.009800864125411297,0.32287572201775117
grid,16,537,4,2,10,5,6,-0.02,0.04268346193880257,0.6929077926931044,0.06160049344070155,0.06564420911362548,True,0.0024110340207056124,0.0024110340207056124,0.46185560073707277,0.2784980887418973,0.020881279922623924,0.03535979474701944,0.056241074669643364,0.23092780036853638,0.1363714941195378,0.22851676634783077,0.1339604600988322,True,True,True,0,0.0,5,6,True,True,0.0,0.26762677760789466,0.009730851542297058,0.009756789705007887,0.32347834064737957
grid,16,537,4,2,10,5,6,0.02,0.042683461938802354,0.6929077926931044,0.06160049344070124,0.06564420911362512,True,0.002361191081992884,0.002361191081992884,0.46185560073707277,0.2784980887418973,0.02044960440643935,0.03461386191911737,0.05506346632555672,0.23092780036853638,0.13643037506247108,0.2285666092865435,0.13406918398047818,True,True,True,0,0.0,5,6,True,True,0.0,0.2688043859519813,0.009730851542297058,0.009707505866206546,0.3242479818282482
grid,16,537,4,2,10,5,6,0.05,0.1067086548470071,0.6929077926931044,0.15400123360175486,0.18203482052036513,True,0.00581264482198799,0.00581264482198799,0.46185560073707277,0.2784980887418973,0.05034166360837996,0.08779598698424541,0.13813765059262537,0.23092780036853638,0.13241254006361458,0.2251151555465484,0.1265998952416266,True,True,True,0,0.0,5,6,True,True,0.0,0.18573020168491264,0.009730851542297058,0.009677061453905011,0.3248013013096944
grid,16,537,4,2,10,5,6,0.1,0.2134173096940135,0.6929077926931044,0.3080024672035087,0.4450918574215333,False,0.011335457797825193,0.011335457797825193,0.46185560073707277,0.2784980887418973,0.09817317602934769,0.1796027182191434,0.2777758942484911,0.23092780036853638,0.1262281318481401,0.2195923425707112,0.11489267405031492,True,True,True,0,0.0,5,6,True,True,0.0,0.04609195802904692,0.009730851542297058,0.009637507684749549,0.3256810489656614
grid,16,537,4,2,10,5,6,0.2,0.42683461938802697,0.6929077926931044,0.6160049344070173,1.6042001306859361,False,0.021589798246992423,0.021589798246992423,0.46185560073707277,0.2784980887418973,0.186983102186375,0.3738454382819578,0.5608285404683329,0.23092780036853638,0.11550119935238687,0.20933800212154396,0.09391140110539445,True,True,True,0,3.0,5,6,True,False,3.0,0.18648569418336813,0.009730851542297058,0.009594347624570686,0.3272967387956618
grid,16,537,4,2,11,6,10,-0.2,0.32714593715380136,0.6929077926931044,0.472134879422113,0.8944233309168779,False,0.02543686479347976,0.02543686479347976,0.46185560073707277,0.2784980887418973,0.2203014513877083,0.45538325653850836,0.6756847079262167,0.23092780036853638,0.11171629359775881,0.20549093557505663,0.08627942880427905,True,True,True,0,3.0,5,6,True,False,3.0,0.07162952672548428,0.009730851542297058,0.008685674321673659,0.30646359728620265
grid,16,537,4,2,11,6,10,-0.1,0.16357296857690073,0.6929077926931044,0.2360674397110566,0.3090160728608929,True,0.012171413258763747,0.012171413258763747,0.46185560073707277,0.2784980887418973,0.10541314851948927,0.19424915101523924,0.2996622995347285,0.23092780036853638,0.12531754393931818,0.21875638710977263,0.11314613068055443,True,True,True,0,0.0,5,6,True,True,0.0,0.0242055527428095,0.009730851542297058,0.009505428047607815,0.3156553247832661
grid,16,537,4,2,11,6,10,-0.05,0.08178648428845037,0.6929077926931044,0.1180337198555283,0.13383019568071652,True,0.005956675825806652,0.005956675825806652,0.46185560073707277,0.2784980887418973,0.05158907516808653,0.090083777345428,0.14167285251351452,0.23092780036853638,0.1322474701069797,0.22497112454272974,0.12629079428117307,True,True,True,0,0.0,5,6,True,True,0.0,0.18219499976402348,0.009730851542297058,0.009660589608030299,0.3198749595598285
grid,16,537,4,2,11,6,10,-0.02,0.032714593715380214,0.6929077926931044,0.04721348794221142,0.049553060779840064,True,0.002352634782714169,0.002352634782714169,0.46185560073707277,0.2784980887418973,0.020375500731913715,0.03448587529300838,0.054861376024922096,0.23092780036853638,0.13644048542918316,0.22857516558582222,0.134087850646469,True,True,True,0,0.0,5,6,True,True,0.0,0.2690064762526159,0.009730851542297058,0.009702934258022586,0.3222968392959147
grid,16,537,4,2,11,6,10,0.02,0.03271459371537999,0.6929077926931044,0.04721348794221109,0.04955306077983971,True,0.0023136326566591853,0.0023136326566591853,0.46185560073707277,0.2784980887418973,0.020037714410884023,0.0339027124961929,0.05394042690707693,0.23092780036853638,0.13648658094357463,0.2286141677118772,0.13417294828691545,True,True,True,0,0.0,5,6,True,True,0.0,0.2699274253704611,0.009730851542297058,0.009758517481371716,0.32540518419586517
grid,16,537,4,2,11,6,10,0.05,0.08178648428845037,0.6929077926931044,0.1180337198555283,0.13383019568071652,True,0.005712849521008131,0.005712849521008131,0.46185560073707277,0.2784980887418973,0.04947736488972766,0.08621410091392827,0.13569146580365593,0.23092780036853638,0.13252703352347306,0.22521495084752827,0.12681418400246494,True,True,True,0,0.0,5,6,True,True,0.0,0.18817638647388207,0.009730851542297058,0.009799543403249258,0.32765014306961726
grid,16,537,4,2,11,6,10,0.1,0.16357296857690085,0.6929077926931044,0.23606743971105676,0.30901607286089317,True,0.01119520757187117,0.01119520757187117,0.46185560073707277,0.2784980887418973,0.09695850871142236,0.17716522000061857,0.27412372871204094,0.23092780036853638,0.1263815501917598,0.2197325927966652,0.11518634261988864,True,True,True,0,0.0,5,6,True,True,0.0,0.04974412356549707,0.009730851542297058,0.009866655509297911,0.33122172998879074
grid,16,537,4,2,11,6,10,0.2,0.32714593715380114,0.6929077926931044,0.47213487942211274,0.8944233309168768,False,0.021517620946485218,0.021517620946485218,0.46185560073707277,0.2784980887418973,0.18635799511488324,0.37236278849514903,0.5587207836100323,0.23092780036853638,0.1155734225401287,0.20941017942205117,0.09405580159364349,True,True,True,0,3.0,5,6,True,False,3.0,0.1885934510416687,0.009730851542297058,0.009996149235461698,0.33241656399243436
grid,16,537,4,2,12,6,7,-0.2,0.3173569381763991,0.6929077926931044,0.45800746004448467,0.8450438452198552,False,0.029531410443433406,0.029531410443433406,0.46185560073707277,0.2784980887418973,0.25576314671775674,0.5477703051243196,0.8035334518420763,0.23092780036853638,0.10782406482122499,0.20139638992510298,0.07829265437779158,True,True,True,0,4.0,5,6,True,False,4.0,1.362289348759943,0.009730851542297058,0.009731320003330572,0.3327802726492246
grid,16,537,4,2,12,6,7,-0.1,0.1586784690881995,0.6929077926931044,0.22900373002224225,0.29702313608968395,True,0.013856853778016506,0.013856853778016506,0.46185560073707277,0.2784980887418973,0.12001026949464232,0.22439966500263203,0.34440993449727436,0.23092780036853638,0.12350155494085943,0.21707094659051987,0.10964470116284293,True,True,True,0,3.0,5,6,True,False,3.0,0.40290430015442663,0.009730851542297058,0.009729729089460345,0.3313162449192557
grid,16,537,4,2,12,6,7,-0.05,0.07933923454410008,0.6929077926931044,0.11450186501112161,0.12930785564281252,True,0.0067209678375135815,0.0067209678375135815,0.46185560073707277,0.2784980887418973,0.058208390906487883,0.10231732382311866,0.16052571472960653,0.23092780036853638,0.13137497319872188,0.2242068325310228,0.1246540053612083,True,True,True,0,0.0,5,6,True,True,0.0,0.16334213754793148,0.009730851542297058,0.009730007948811369,0.32901072798702113
grid,16,537,4,2,12,6,7,-0.02,0.03173569381763974,0.6929077926931044,0.04580074600444823,0.04799914254037107,True,0.002640872117730497,0.002640872117730497,0.46185560073707277,0.2784980887418973,0.022871842311890937,0.03880773164531727,0.0616795739572082,0.23092780036853638,0.13610030814821703,0.22828692825080588,0.13345943603048652,True,True,True,0,0.0,5,6,True,True,0.0,0.2621882783203298,0.009730851542297058,0.00973045251760722,0.325886254040304
grid,16,537,4,2,12,6,7,0.02,0.03173569381763974,0.6929077926931044,0.04580074600444823,0.04799914254037107,True,0.002579999266624344,0.002579999266624344,0.46185560073707277,0.2784980887418973,0.02234463986152328,0.03789321976205149,0.060237859623574766,0.23092780036853638,0.13617207948151758,0.22834780110191205,0.13359208021489324,True,True,True,0,0.0,5,6,True,True,0.0,0.26362999265396325,0.009730851542297058,0.009731326183285849,0.32189903724585234
grid,16,537,4,2,12,6,7,0.05,0.07933923454410008,0.6929077926931044,0.11450186501112161,0.12930785564281252,True,0.006340262390111342,0.006340262390111342,0.46185560073707277,0.2784980887418973,0.05491120930431895,0.09620389128430398,0.15111510058862293,0.23092780036853638,0.1318088552442115,0.22458753797842504,0.12546859285410014,True,True,True,0,0.0,5,6,True,True,0.0,0.17275275168891507,0.009730851542297058,0.009732168727656112,0.31903509897739846
grid,16,537,4,2,12,6,7,0.1,0.1586784690881996,0.6929077926931044,0.22900373002224242,0.2970231360896842,True,0.012330448756204362,0.012330448756204362,0.46185560073707277,0.2784980887418973,0.10679050973097451,0.19705850516168222,0.3038490148926567,0.23092780036853638,0.1251450552320743,0.218597351612332,0.11281460647586995,True,True,True,0,0.0,5,6,True,True,0.0,0.020018837384881305,0.009730851542297058,0.00973388257963699,0.3144867718862123
grid,16,537,4,2,12,6,7,0.2,0.3173569381763991,0.6929077926931044,0.45800746004448467,0.8450438452198552,False,0.02336782836863186,0.02336782836863186,0.46185560073707277,0.2784980887418973,0.202382115374063,0.41091269834972016,0.6132948137237831,0.23092780036853638,0.113736219213863,0.20755997199990453,0.09036839084523113,True,True,True,0,3.0,5,6,True,False,3.0,0.13401942092791785,0.009730851542297058,0.009738249615269147,0.30615331312093375
grid,16,537,4,2,13,7,11,-0.2,0.4681168621010587,0.6929077926931044,0.67558319741454,2.0824543982630903,False,0.048727026929150714,0.048727026929150714,0.46185560073707277,0.2784980887418973,0.4220109216074247,1.06729555473378,1.4893064763412047,0.23092780036853638,0.09130934109681531,0.18220077343938568,0.042582314167664594,True,True,True,0,4.0,5,6,True,False,4.0,0.6765163242608145,0.009730851542297058,0.009671115313436509,0.302474791010618
grid,16,537,4,2,13,7,11,-0.1,0.23405843105052912,0.6929077926931044,0.33779159870726966,0.5100986306544129,False,0.022805025925369475,0.022805025925369475,0.46185560073707277,0.2784980887418973,0.19750784348159955,0.39906616647957766,0.5965740099611772,0.23092780036853638,0.11429195377071151,0.2081227744431669,0.09148692784534204,True,True,True,0,3.0,5,6,True,False,3.0,0.15074022469052384,0.009730851542297058,0.009696298274145301,0.31489820047236305
grid,16,537,4,2,13,7,11,-0.05,0.11702921552526503,0.6929077926931044,0.1688957993536355,0.20321856058756801,True,0.011042471688734031,0.011042471688734031,0.46185560073707277,0.2784980887418973,0.09563570666772396,0.1745171557828332,0.27015286245055714,0.23092780036853638,0.12654883858495994,0.21988532867980234,0.11550636689622591,True,True,True,0,0.0,5,6,True,True,0.0,0.05371498982698086,0.009730851542297058,0.009712618775883385,0.31960363386968926
grid,16,537,4,2,13,7,11,-0.02,0.04681168621010601,0.6929077926931044,0.0675583197414542,0.07245313157035381,True,0.004334135950752036,0.004334135950752036,0.46185560073707277,0.2784980887418973,0.03753671878253907,0.06463121078969065,0.10216792957222973,0.23092780036853638,0.13411897743507462,0.22659366441778434,0.12978484148432257,True,True,True,0,0.0,5,6,True,True,0.0,0.22169992270530828,0.009730851542297058,0.009723353173966363,0.3222118058488621
grid,16,537,4,2,13,7,11,0.02,0.046811686210106,0.6929077926931044,0.06755831974145418,0.0724531315703538,True,0.004227635327741105,0.004227635327741105,0.46185560073707277,0.2784980887418973,0.03661434717686,0.06298493703948552,0.09959928421634551,0.23092780036853638,0.13424274204134815,0.2267001650407953,0.13001510671360705,True,True,True,0,0.0,5,6,True,True,0.0,0.2242685680611925,0.009730851542297058,0.009738597714415622,0.3254612717685095
grid,16,537,4,2,13,7,11,0.05,0.11702921552526459,0.6929077926931044,0.16889579935363486,0.20321856058756707,True,0.010376563232578045,0.010376563232578045,0.46185560073707277,0.2784980887418973,0.08986846292233457,0.16304995628919053,0.2529184192115251,0.23092780036853638,0.12728078521129862,0.22055123713595834,0.11690422197872058,True,True,True,0,0.0,5,6,True,True,0.0,0.07094943306601292,0.009730851542297058,0.0097506365376798,0.32774022699647976
grid,16,537,4,2,13,7,11,0.1,0.23405843105052962,0.6929077926931044,0.3377915987072704,0.5100986306544144,False,0.020137410032428242,0.020137410032428242,0.46185560073707277,0.2784980887418973,0.17440438093890007,0.3443374394506937,0.5187418203895938,0.23092780036853638,0.11696323272051139,0.21079039033610814,0.09682582268808315,True,True,True,0,3.0,5,6,True,False,3.0,0.22857241426210717,0.009730851542297058,0.009771663106610144,0.3312640421368038
grid,16,537,4,2,13,7,11,0.2,0.46811686210105863,0.6929077926931044,0.6755831974145399,2.0824543982630894,False,0.03799360693574895,0.03799360693574895,0.46185560073707277,0.2784980887418973,0.3290518237744885,0.758322058169645,1.0873738819441336,0.23092780036853638,0.10020440926498635,0.19293419343278745,0.0622108023292374,True,True,True,0,4.0,5,6,True,False,4.0,1.0784489186578856,0.009730851542297058,0.009816411944328156,0.3374131967387024
grid,16,537,4,2,14,8,12,-0.2,0.3010572590238745,0.6929077926931044,0.4344838695690866,0.7682961567126608,False,0.08191194244571615,0.08191194244571615,0.46185560073707277,0.2784980887418973,0.7094160366572871,2.391555518403529,3.100971555060816,0.23092780036853638,0.06850097504773468,0.14901585792282024,-0.013410967397981463,True,False,False,0,,5,6,False,False,,,0.009730851542297058,0.008876385514944256,0.33381678398617765
grid,16,537,4,2,14,8,12,-0.1,0.15052862951193724,0.6929077926931044,0.2172419347845433,0.27753394623247574,True,0.0378253483675366,0.0378253483675366,0.46185560073707277,0.2784980887418973,0.3275945841702154,0.753864389628289,1.0814589737985043,0.23092780036853638,0.1003505375447892,0.1931024520009998,0.06252518917725261,True,True,True,0,4.0,5,6,True,False,4.0,1.084363826803515,0.009730851542297058,0.009274780366797623,0.33203243670170224
grid,16,537,4,2,14,8,12,-0.05,0.07526431475596862,0.6929077926931044,0.10862096739227164,0.12185721608741584,True,0.018186140150565064,0.018186140150565064,0.46185560073707277,0.2784980887418973,0.15750498745964672,0.30576083295091044,0.4632658204105572,0.23092780036853638,0.11895663663033537,0.2127416602179713,0.10077049647977031,True,True,True,0,3.0,5,6,True,False,3.0,0.2840484142411438,0.009730851542297058,0.009498508361628275,0.33098914243935895
grid,16,537,4,2,14,8,12,-0.02,0.03010572590238758,0.6929077926931044,0.04344838695690885,0.04542189502841973,True,0.007107371523543764,0.007107371523543764,0.46185560073707277,0.2784980887418973,0.06155492333275725,0.10856247947892428,0.17011740281168153,0.23092780036853638,0.1309360574234775,0.22382042884499262,0.12382868589993373,True,True,True,0,0.0,5,6,True,True,0.0,0.15375044946585648,0.009730851542297058,0.009637179333097615,0.3281329050270252
grid,16,537,4,2,14,8,12,0.02,0.030105725902387696,0.6929077926931044,0.043448386956909016,0.04542189502841991,True,0.006892997363151616,0.006892997363151616,0.46185560073707277,0.2784980887418973,0.059698289700513496,0.10509269334732918,0.16479098304784268,0.23092780036853638,0.13117938352517813,0.22403480300538478,0.12428638616202652,True,True,True,0,0.0,5,6,True,True,0.0,0.15907686922969533,0.009730851542297058,0.009825203832569499,0.31970468722072143
grid,16,537,4,2,14,8,12,0.05,0.07526431475596862,0.6929077926931044,0.10862096739227164,0.12185721608741584,True,0.01684603161915412,0.01684603161915412,0.46185560073707277,0.2784980887418973,0.14589868861410046,0.2799615434466425,0.42586023206074297,0.23092780036853638,0.12034532608843677,0.21408176874938226,0.10349929446928266,True,True,True,0,3.0,5,6,True,False,3.0,0.321454002590958,0.009730851542297058,0.009967513535171712,0.3136476148952685
grid,16,537,4,2,14,8,12,0.1,0.15052862951193746,0.6929077926931044,0.21724193478454362,0.27753394623247624,True,0.03246121530203449,0.03246121530203449,0.46185560073707277,0.2784980887418973,0.2811373533219458,0.6175881418418893,0.898725495163835,0.23092780036853638,0.10512253426765111,0.1984665850665019,0.07266131896561662,True,True,True,0,4.0,5,6,True,False,4.0,1.2670973054381842,0.009730851542297058,0.010205175652572106,0.30403839447882963
grid,16,537,4,2,14,8,12,0.2,0.3010572590238745,0.6929077926931044,0.4344838695690866,0.7682961567126608,False,0.060406282810290375,0.060406282810290375,0.46185560073707277,0.2784980887418973,0.523161635055531,1.4639494980648737,1.9871111331204048,0.23092780036853638,0.08252509105011971,0.17052151755824602,0.022118808239829334,True,True,True,0,4.0,5,6,True,False,4.0,0.1787116674816145,0.009730851542297058,0.010660533577053937,0.2658829812472139
grid,16,537,4,2,15,8,9,-0.2,0.44151287147602325,0.6929077926931044,0.6371884919348476,1.7562521523446926,False,0.0297011412911875,0.0297011412911875,0.46185560073707277,0.2784980887418973,0.2572331373164047,0.5517290383160727,0.8089621756324774,0.23092780036853638,0.10766568089958828,0.20122665907734888,0.07796453960840077,True,True,True,0,4.0,5,6,True,False,4.0,1.3568606249695419,0.009730851542297058,0.009592548399505903,0.32459194271601843
grid,16,537,4,2,15,8,9,-0.1,0.22075643573801162,0.6929077926931044,0.3185942459674238,0.4675543816323463,False,0.01372031420474116,0.01372031420474116,0.46185560073707277,0.2784980887418973,0.11882773908420717,0.22192593626581353,0.3407536753500207,0.23092780036853638,0.1236476856702999,0.21720748616379523,0.10992737146555874,True,True,True,0,3.0,5,6,True,False,3.0,0.4065605593016803,0.009730851542297058,0.009665283429548045,0.3241390704556817
grid,16,537,4,2,15,8,9,-0.05,0.11037821786900606,0.6929077926931044,0.15929712298371226,0.18948088241242697,True,0.006608256363476003,0.006608256363476003,0.46185560073707277,0.2784980887418973,0.05723222888651711,0.10050329406444389,0.157735522950961,0.23092780036853638,0.1315032790714046,0.22431954400506038,0.1248950227079286,True,True,True,0,0.0,5,6,True,True,0.0,0.166132329326577,0.009730851542297058,0.009698918265561907,0.32398466624421096
grid,16,537,4,2,15,8,9,-0.02,0.044151287147602414,0.6929077926931044,0.06371884919348489,0.06805525150068151,True,0.002586274566054969,0.002586274566054969,0.46185560073707277,0.2784980887418973,0.02239898844511183,0.037987451467026354,0.060386439912138185,0.23092780036853638,0.13616467892298023,0.2283415258024814,0.13357840435692525,True,True,True,0,0.0,5,6,True,True,0.0,0.2634814123653998,0.009730851542297058,0.00971827641944791,0.3239104861768858
grid,16,537,4,2,15,8,9,0.02,0.044151287147602414,0.6929077926931044,0.06371884919348489,0.06805525150068151,True,0.00251390852820972,0.00251390852820972,0.46185560073707277,0.2784980887418973,0.021772246773214723,0.036901397197606066,0.05867364397082079,0.23092780036853638,0.13625004575018138,0.22841389184032668,0.13373613722197167,True,True,True,0,0.0,5,6,True,True,0.0,0.2651942083067172,0.009730851542297058,0.009743169442531067,0.3238302375514921
grid,16,537,4,2,15,8,9,0.05,0.11037821786900581,0.6929077926931044,0.1592971229837119,0.18948088241242647,True,0.006155507118579102,0.006155507118579102,0.46185560073707277,0.2784980887418973,0.053311096444478,0.09325117765498585,0.14656227409946385,0.23092780036853638,0.13201993311770227,0.2247722932499573,0.12586442599912318,True,True,True,0,0.0,5,6,True,True,0.0,0.17730557817807416,0.009730851542297058,0.009761177113593181,0.3237824807636811
grid,16,537,4,2,15,8,9,0.1,0.2207564357380116,0.6929077926931044,0.3185942459674238,0.46755438163234625,False,0.011902693742756902,0.011902693742756902,0.46185560073707277,0.2784980887418973,0.10308584521882129,0.18951895162584356,0.29260479684466484,0.23092780036853638,0.12560953551764795,0.21902510662577948,0.11370684177489104,True,True,True,0,0.0,5,6,True,True,0.0,0.031263055432873166,0.009730851542297058,0.009789988047311977,0.32372344729592184
grid,16,537,4,2,15,8,9,0.2,0.44151287147602325,0.6929077926931044,0.6371884919348476,1.7562521523446926,False,0.02232273929605306,0.02232273929605306,0.46185560073707277,0.2784980887418973,0.19333089615393492,0.38899838731838243,0.5823292834723174,0.23092780036853638,0.11477034365071868,0.20860506107248333,0.09244760435466562,True,True,True,0,3.0,5,6,True,False,3.0,0.1649849511793836,0.009730851542297058,0.009843424127014777,0.3191674646098901
grid,16,537,4,2,16,9,13,-0.2,0.30378443222164364,0.6929077926931044,0.4384197081128697,0.780689269987747,False,0.036734353950635096,0.036734353950635096,0.46185560073707277,0.2784980887418973,0.31814579181900965,0.7252356434025556,1.0433814352215653,0.23092780036853638,0.10130322271059425,0.1941934464179013,0.06456886875995915,True,True,True,0,4.0,5,6,True,False,4.0,1.122441365380454,0.009730851542297058,0.008947865796326239,0.33240868393850587
grid,16,537,4,2,16,9,13,-0.1,0.15189221611082182,0.6929077926931044,0.21920985405643484,0.2807538686230796,True,0.017079088926979367,0.017079088926979367,0.46185560073707277,0.2784980887418973,0.14791713167252227,0.284408168828687,0.4323253005012093,0.23092780036853638,0.12010266088571414,0.213848711441557,0.10302357195873477,True,True,True,0,3.0,5,6,True,False,3.0,0.3149889341504917,0.009730851542297058,0.009354015070536872,0.3310087366865737
grid,16,537,4,2,16,9,13,-0.05,0.07594610805541124,0.6929077926931044,0.10960492702821789,0.12309696038905578,True,0.008249126540591248,0.008249126540591248,0.46185560073707277,0.2784980887418973,0.07144333880482569,0.12725451079881187,0.19869784960363757,0.23092780036853638,0.12964768775282215,0.22267867382794515,0.1213985612122309,True,True,True,0,0.0,5,6,True,True,0.0,0.12517000267390044,0.009730851542297058,0.009546136275389626,0.3282315003581222
grid,16,537,4,2,16,9,13,-0.02,0.030378443222164653,0.6929077926931044,0.043841970811287385,0.04585222261688971,True,0.0032335469749596975,0.0032335469749596975,0.46185560073707277,0.2784980887418973,0.02800483068560215,0.04776164652734304,0.07576647721294519,0.23092780036853638,0.13540349674119906,0.22769425339357668,0.13216994976623936,True,True,True,0,0.0,5,6,True,True,0.0,0.24810137506459282,0.009730851542297058,0.009657851109906173,0.32557073904426614
grid,16,537,4,2,16,9,13,0.02,0.03037844322216421,0.6929077926931044,0.04384197081128674,0.04585222261688901,True,0.00314929969006945,0.00314929969006945,0.46185560073707277,0.2784980887418973,0.027275188912235772,0.04648332935710493,0.07375851826934071,0.23092780036853638,0.1355023288403107,0.22777850067846694,0.13235302915024125,True,True,True,0,0.0,5,6,True,True,0.0,0.2501093340081973,0.009730851542297058,0.009802679069892056,0.3222187714515208
grid,16,537,4,2,16,9,13,0.05,0.07594610805541124,0.6929077926931044,0.10960492702821789,0.12309696038905578,True,0.007722144734367331,0.007722144734367331,0.46185560073707277,0.2784980887418973,0.06687929926187842,0.11858261415014688,0.1854619134120253,0.23092780036853638,0.13024075729330284,0.22320565563416905,0.12251861255893551,True,True,True,0,0.0,5,6,True,True,0.0,0.1384059388655127,0.009730851542297058,0.009908241664126025,0.31984087346084733
grid,16,537,4,2,16,9,13,0.1,0.1518922161108219,0.6929077926931044,0.21920985405643495,0.28075386862307977,True,0.014964910057445387,0.014964910057445387,0.46185560073707277,0.2784980887418973,0.1296068297845731,0.24468053094324205,0.37428736072781515,0.23092780036853638,0.12232203354926313,0.215962890311091,0.10735712349181775,True,True,True,0,3.0,5,6,True,False,3.0,0.37302687392388584,0.009730851542297058,0.01007846740985623,0.316114885911043
grid,16,537,4,2,16,9,13,0.2,0.30378443222164364,0.6929077926931044,0.4384197081128697,0.780689269987747,False,0.028176409044535604,0.028176409044535604,0.46185560073707277,0.2784980887418973,0.24402786498263987,0.5165393014618885,0.7605671664445284,0.23092780036853638,0.10909686432297358,0.20275139132400077,0.08092045527843797,True,True,True,0,4.0,5,6,True,False,4.0,1.4052556341574909,0.009730851542297058,0.010234963513827413,0.30944569211265605
grid,16,537,4,2,17,9,10,-0.2,0.5006486277029181,0.6929077926931044,0.7225328290176413,2.6040299703188303,False,0.026228789682339163,0.026228789682339163,0.46185560073707277,0.2784980887418973,0.22716008761596296,0.47279230065040095,0.6999523882663639,0.23092780036853638,0.11095269379918961,0.20469901068619722,0.08472390411685045,True,True,True,0,3.0,5,6,True,False,3.0,0.047361846385337136,0.009730851542297058,0.009917181337603654,0.3275729493010078
grid,16,537,4,2,17,9,10,-0.1,0.25032431385145903,0.6929077926931044,0.36126641450882063,0.5655979624603747,False,0.01233719919438142,0.01233719919438142,0.46185560073707277,0.2784980887418973,0.10684897335611003,0.1971779143806367,0.30402688773674674,0.23092780036853638,0.12513773901234612,0.21859060117415496,0.1128005398179647,True,True,True,0,0.0,5,6,True,True,0.0,0.01984096454079126,0.009730851542297058,0.00981617738820557,0.3256021746527211
grid,16,537,4,2,17,9,10,-0.05,0.12516215692572977,0.6929077926931044,0.18063320725441068,0.22045463503485757,True,0.005990087869234431,0.005990087869234431,0.46185560073707277,0.2784980887418973,0.051878447373377164,0.09061529086555753,0.1424937382389347,0.23092780036853638,0.13220920690133184,0.22493771249930195,0.1262191190320974,True,True,True,0,0.0,5,6,True,True,0.0,0.18137411403860332,0.009730851542297058,0.009771759024095336,0.3247079608771042
grid,16,537,4,2,17,9,10,-0.02,0.05006486277029198,0.6929077926931044,0.07225328290176437,0.07788039727885532,True,0.0023550322380907567,0.0023550322380907567,0.46185560073707277,0.2784980887418973,0.02039626441106159,0.03452173495754026,0.05491799936860185,0.23092780036853638,0.13643765245213255,0.22857276813044564,0.1340826202140418,True,True,True,0,0.0,5,6,True,True,0.0,0.26894985290893614,0.009730851542297058,0.00974681650325743,0.3241976950698795
grid,16,537,4,2,17,9,10,0.02,0.05006486277029176,0.6929077926931044,0.07225328290176407,0.07788039727885494,True,0.0023023814044255617,0.0023023814044255617,0.46185560073707277,0.2784980887418973,0.019940270515297023,0.03373455538892414,0.053674825904221166,0.23092780036853638,0.13649988137572955,0.22862541896411082,0.13419749997130398,True,True,True,0,0.0,5,6,True,True,0.0,0.2701930263733168,0.009730851542297058,0.009715392109122633,0.3235459566045775
grid,16,537,4,2,17,9,10,0.05,0.12516215692572955,0.6929077926931044,0.18063320725441037,0.2204546350348571,True,0.005660835265211784,0.005660835265211784,0.46185560073707277,0.2784980887418973,0.04902688421383384,0.0853906647146319,0.13441754892846575,0.23092780036853638,0.13258674784017196,0.2252669651033246,0.1269259125749602,True,True,True,0,0.0,5,6,True,True,0.0,0.18945030334907226,0.009730851542297058,0.009693106439722977,0.3230774428112291
grid,16,537,4,2,17,9,10,0.1,0.25032431385145953,0.6929077926931044,0.36126641450882135,0.5655979624603765,False,0.011017542694770788,0.011017542694770788,0.46185560073707277,0.2784980887418973,0.0954198037411516,0.17408558395313908,0.26950538769429067,0.23092780036853638,0.1265761637992555,0.2199102576737656,0.1155586211044847,True,True,True,0,0.0,5,6,True,True,0.0,0.05436246458324734,0.009730851542297058,0.009658215759818609,0.32233275033119146
grid,16,537,4,2,17,9,10,0.2,0.5006486277029183,0.6929077926931044,0.7225328290176416,2.6040299703188343,False,0.02090752925094283,0.02090752925094283,0.46185560073707277,0.2784980887418973,0.18107416445812605,0.3598984661651504,0.5409726306232765,0.23092780036853638,0.11618570911801981,0.21002027111759355,0.09527817986707698,True,True,True,0,3.0,5,6,True,False,3.0,0.2063416040284245,0.009730851542297058,0.00959593765633666,0.3209664505557128
grid,16,537,4,2,18,10,14,-0.2,0.37986717699252287,0.6929077926931044,0.5482218283562726,1.2134756895439405,False,0.03143137790492151,0.03143137790492151,0.46185560073707277,0.2784980887418973,0.27221822452524425,0.5926851764388849,0.8649034009641291,0.23092780036853638,0.10606432944307856,0.19949642246361488,0.07463295153815705,True,True,True,0,4.0,5,6,True,False,4.0,1.3009193996378903,0.009730851542297058,0.00957320138947511,0.3071279230901378
grid,16,537,4,2,18,10,14,-0.1,0.18993358849626144,0.6929077926931044,0.2741109141781363,0.37762093346228426,False,0.014554773446255439,0.014554773446255439,0.46185560073707277,0.2784980887418973,0.12605475324346013,0.2371308760668161,0.3631856293102762,0.23092780036853638,0.12275730337330137,0.21637302692228094,0.10820252992704593,True,True,True,0,3.0,5,6,True,False,3.0,0.3841286053414248,0.009730851542297058,0.00964875760563197,0.3179888409564082
grid,16,537,4,2,18,10,14,-0.05,0.09496679424813072,0.6929077926931044,0.13705545708906816,0.15882301848360403,True,0.0070174891352567815,0.0070174891352567815,0.46185560073707277,0.2784980887418973,0.06077647753157143,0.10710615034475927,0.1678826278763307,0.23092780036853638,0.13103802373007514,0.2239103112332796,0.12402053459481836,True,True,True,0,0.0,5,6,True,True,0.0,0.1559852244012073,0.009730851542297058,0.009689331347781618,0.32108535885778355
grid,16,537,4,2,18,10,14,-0.02,0.03798671769925243,0.6929077926931044,0.054822182835627474,0.05800197787131683,True,0.002748036670976441,0.002748036670976441,0.46185560073707277,0.2784980887418973,0.02379996402850471,0.040420016749009,0.0642199807775137,0.23092780036853638,0.13597404909753366,0.22817976369755993,0.1332260124265572,True,True,True,0,0.0,5,6,True,True,0.0,0.25964787150002433,0.009730851542297058,0.009714164268468694,0.32278972633960024
grid,16,537,4,2,18,10,14,0.02,0.037986717699252215,0.6929077926931044,0.05482218283562716,0.058001977871316474,True,0.0026730985493140617,0.0026730985493140617,0.46185560073707277,0.2784980887418973,0.023150946270202883,0.039292265568036874,0.062443211838239754,0.23092780036853638,0.1360623273140325,0.22825470181922233,0.13338922876471845,True,True,True,0,0.0,5,6,True,True,0.0,0.26142464043929825,0.009730851542297058,0.009747610247186124,0.32490243298249966
grid,16,537,4,2,18,10,14,0.05,0.09496679424813072,0.6929077926931044,0.13705545708906816,0.15882301848360403,True,0.006548684055181117,0.006548684055181117,0.46185560073707277,0.2784980887418973,0.05671629006754587,0.09954590109903586,0.15626219116658172,0.23092780036853638,0.13157114422352734,0.22437911631335528,0.12502246016834623,True,True,True,0,0.0,5,6,True,True,0.0,0.1676056611109563,0.009730851542297058,0.009661214908148847,0.326377732185144
grid,16,537,4,2,18,10,14,0.1,0.1899335884962615,0.6929077926931044,0.27411091417813643,0.3776209334622845,False,0.012673216859576399,0.012673216859576399,0.46185560073707277,0.2784980887418973,0.10975912678639196,0.20313858444616403,0.312897711232556,0.23092780036853638,0.1247740983735669,0.21825458350896,0.1121008815139905,True,True,True,0,0.0,5,6,True,True,0.0,0.010970141044982007,0.009730851542297058,0.009077311639300737,0.3286498589422644
grid,16,537,4,2,18,10,14,0.2,0.37986717699252276,0.6929077926931044,0.5482218283562725,1.2134756895439396,False,0.02380221626763402,0.02380221626763402,0.46185560073707277,0.2784980887418973,0.20614422542152305,0.4201288146058982,0.6262730400274212,0.23092780036853638,0.113309134913594,0.20712558410090237,0.08950691864595997,True,True,True,0,3.0,5,6,True,False,3.0,0.12104119462427976,0.009730851542297058,0.008055917604616982,0.3325944286236533
grid,16,537,4,2,19,10,11,-0.2,0.28809696152513187,0.6929077926931044,0.4157796528819424,0.7116829376672203,False,0.02448264605171237,0.02448264605171237,0.46185560073707277,0.2784980887418973,0.21203723425798585,0.4346930804388219,0.6467303146968078,0.23092780036853638,0.11264336679570414,0.206445154316824,0.08816072074399177,True,True,True,0,3.0,5,6,True,False,3.0,0.10058391995489324,0.009730851542297058,0.009832465278282475,0.3191551131928665
grid,16,537,4,2,19,10,11,-0.1,0.14404848076256613,0.6929077926931044,0.20788982644097148,0.26245064560514625,True,0.011603512211422659,0.011603512211422659,0.46185560073707277,0.2784980887418973,0.10049471906721216,0.1842771716140129,0.2847718906812251,0.23092780036853638,0.1259354277015645,0.21932428815711372,0.11433191549014184,True,True,True,0,0.0,5,6,True,True,0.0,0.0390959615963129,0.009730851542297058,0.00977849925164861,0.3247822863391634
grid,16,537,4,2,19,10,11,-0.05,0.07202424038128286,0.6929077926931044,0.10394491322048544,0.11600281584703773,True,0.005653827753769489,0.005653827753769489,0.46185560073707277,0.2784980887418973,0.048966194150263216,0.08527978436926233,0.13424597851952555,0.23092780036853638,0.13259479478250924,0.2252739726147669,0.12694096702873975,True,True,True,0,0.0,5,6,True,True,0.0,0.18962187375801245,0.009730851542297058,0.009753951896773349,0.32502077541692853
grid,16,537,4,2,19,10,11,-0.02,0.02880969615251328,0.6929077926931044,0.04157796528819437,0.04338168758890934,True,0.0022273828233567894,0.0022273828233567894,0.46185560073707277,0.2784980887418973,0.019290729135271904,0.03261448278751098,0.051905211922782885,0.23092780036853638,0.13658857249821038,0.22870041754517959,0.13436118967485358,True,True,True,0,0.0,5,6,True,True,0.0,0.27196264035475515,0.009730851542297058,0.009739925730251453,0.3243225934309244
grid,16,537,4,2,19,10,11,0.02,0.02880969615251328,0.6929077926931044,0.04157796528819437,0.04338168758890934,True,0.0021833472211258515,0.0021833472211258515,0.46185560073707277,0.2784980887418973,0.01890934930867102,0.03195750062230444,0.050866849930975455,0.23092780036853638,0.13664067455901135,0.22874445314741054,0.1344573273378855,True,True,True,0,0.0,5,6,True,True,0.0,0.27300100234656255,0.009730851542297058,0.009721990211979184,0.3234214534114148
grid,16,537,4,2,19,10,11,0.05,0.07202424038128286,0.6929077926931044,0.10394491322048544,0.11600281584703773,True,0.005378481174910087,0.005378481174910087,0.46185560073707277,0.2784980887418973,0.04658149574305562,0.08093334899319386,0.12751484473624947,0.23092780036853638,0.1329113706974462,0.2255493191936263,0.12753288952253614,True,True,True,0,0.0,5,6,True,True,0.0,0.19635300754128854,0.009730851542297058,0.00970908234856946,0.3227670784887102
grid,16,537,4,2,19,10,11,0.1,0.1440484807625657,0.6929077926931044,0.20788982644097087,0.2624506456051453,True,0.010500350292717705,0.010500350292717705,0.46185560073707277,0.2784980887418973,0.09094054744348887,0.16517204187275647,0.25611258931624536,0.23092780036853638,0.12714440257155454,0.22042745007581868,0.11664405227883684,True,True,True,0,0.0,5,6,True,True,0.0,0.06775526296129264,0.009730851542297058,0.00968853993983008,0.32171550319194386
grid,16,537,4,2,19,10,11,0.2,0.28809696152513187,0.6929077926931044,0.4157796528819424,0.7116829376672203,False,0.020041383774266917,0.020041383774266917,0.46185560073707277,0.2784980887418973,0.1735727248281323,0.3424105626721557,0.515983287500288,0.23092780036853638,0.11706054636787437,0.21088641659426946,0.09701916259360746,True,True,True,0,3.0,5,6,True,False,3.0,0.231330947151413,0.009730851542297058,0.009650767419276047,0.31974890570475845
grid,16,537,4,2,20,11,15,-0.2,0.48043329326303974,0.6929077926931044,0.6933581904105216,2.261133898664262,False,0.052524000999317755,0.052524000999317755,0.46185560073707277,0.2784980887418973,0.4548954341183261,1.1889241536059674,1.6438195877242934,0.23092780036853638,0.08835551172884192,0.17840379936921863,0.03583151072952416,True,True,True,0,4.0,5,6,True,False,4.0,0.5220032128777259,0.009730851542297058,0.009708267930068435,0.23486362981997755
grid,16,537,4,2,20,11,15,-0.1,0.24021664663151987,0.6929077926931044,0.3466790952052608,0.5306413627070156,False,0.023599112797581676,0.023599112797581676,0.46185560073707277,0.2784980887418973,0.20438520403277546,0.4158118047526005,0.620197008785376,0.23092780036853638,0.11350862350636083,0.2073286875709547,0.08990951070877916,True,True,True,0,3.0,5,6,True,False,3.0,0.127117225866325,0.009730851542297058,0.009710948833075288,0.2871907997890477
grid,16,537,4,2,20,11,15,-0.05,0.12010832331576005,0.6929077926931044,0.17333954760263057,0.20968651288438261,True,0.011223567088981222,0.011223567088981222,0.46185560073707277,0.2784980887418973,0.09720412242328202,0.17765764183910016,0.2748617642623822,0.23092780036853638,0.1263505129618473,0.21970423327955516,0.11512694587286607,True,True,True,0,0.0,5,6,True,True,0.0,0.049006088015155824,0.009730851542297058,0.009719359264947186,0.30958014778712295
grid,16,537,4,2,20,11,15,-0.02,0.04804332932630429,0.6929077926931044,0.06933581904105263,0.07450143720972442,True,0.004361022097611472,0.004361022097611472,0.46185560073707277,0.2784980887418973,0.037769572053704584,0.06504728529147981,0.10281685734518439,0.23092780036853638,0.13408775102818007,0.22656677827092492,0.1297267289305686,True,True,True,0,0.0,5,6,True,True,0.0,0.2210509949323536,0.009730851542297058,0.009725945387792909,0.32126885792630766
grid,16,537,4,2,20,11,15,0.02,0.0480433293263034,0.6929077926931044,0.06933581904105132,0.07450143720972292,True,0.004200194045972682,0.004200194045972682,0.46185560073707277,0.2784980887418973,0.03637668604013563,0.06256123612847322,0.09893792216860886,0.23092780036853638,0.1342746501155231,0.2267276063225637,0.1300744560695504,True,True,True,0,0.0,5,6,True,True,0.0,0.22492993010892914,0.009730851542297058,0.00973611011588982,0.3263493865890883
grid,16,537,4,2,20,11,15,0.05,0.12010832331576005,0.6929077926931044,0.17333954760263057,0.20968651288438261,True,0.010216861939871811,0.010216861939871811,0.46185560073707277,0.2784980887418973,0.08848533544741498,0.1603186289056079,0.24880396435302288,0.23092780036853638,0.1274569525652228,0.22071093842866457,0.11724009062535098,True,True,True,0,0.0,5,6,True,True,0.0,0.07506388792451513,0.009730851542297058,0.009744560707420052,0.3298670438815745
grid,16,537,4,2,20,11,15,0.1,0.2402166466315201,0.6929077926931044,0.34667909520526113,0.5306413627070163,False,0.01955034574451415,0.01955034574451415,0.46185560073707277,0.2784980887418973,0.16931998411030513,0.33260360281331885,0.501923586923624,0.23092780036853638,0.11755943458909082,0.21137745462402224,0.09800908884457668,True,True,True,0,3.0,5,6,True,False,3.0,0.24539064772807695,0.009730851542297058,0.00975982759270338,0.3352370516159282
grid,16,537,4,2,20,11,15,0.2,0.4804332932630388,0.6929077926931044,0.6933581904105203,2.261133898664248,False,0.035972129565903274,0.035972129565903274,0.46185560073707277,0.2784980887418973,0.31154438320977856,0.7055144736654012,1.0170588568751797,0.23092780036853638,0.1019741788684083,0.1949556708026331,0.06600204930250503,True,True,True,0,4.0,5,6,True,False,4.0,1.1487639437268395,0.009730851542297058,0.009331286857575208,0.3444267959313334
grid,16,537,4,2,21,12,13,-0.2,0.28339143119952137,0.6929077926931044,0.4089886622548611,0.692014917709123,False,0.07280572537074918,0.07280572537074918,0.46185560073707277,0.2784980887418973,0.6305496805023816,1.964479730906609,2.5950294114089907,0.23092780036853638,0.07412214463230861,0.1581220749977872,0.0013164192615594261,True,True,True,0,5.0,5,6,False,False,5.0,inf,0.009730851542297058,0.009571082827719062,0.32247554097023623
grid,16,537,4,2,21,12,13,-0.1,0.14169571559976046,0.6929077926931044,0.2044943311274302,0.25706206646804886,True,0.03286463294450993,0.03286463294450993,0.46185560073707277,0.2784980887418973,0.28463123878598806,0.6274517497998421,0.9120829885858301,0.23092780036853638,0.10475588905439756,0.19806316742402647,0.07189125610988763,True,True,True,0,4.0,5,6,True,False,4.0,1.2537398120161891,0.009730851542297058,0.009654197108711935,0.32341768430190454
grid,16,537,4,2,21,12,13,-0.05,0.07084785779988033,0.6929077926931044,0.10224716556371524,0.11389233388265278,True,0.015652404158370794,0.015652404158370794,0.46185560073707277,0.2784980887418973,0.13556102066006093,0.2574496043365417,0.3930106249966026,0.23092780036853638,0.12159586882028962,0.2152753962101656,0.10594346466191883,True,True,True,0,3.0,5,6,True,False,3.0,0.3543036096550984,0.009730851542297058,0.009693418188210075,0.3236877306620545
grid,16,537,4,2,21,12,13,-0.02,0.02833914311995223,0.6929077926931044,0.04089886622548624,0.04264291302057999,True,0.006085783552685131,0.006085783552685131,0.46185560073707277,0.2784980887418973,0.05270724047059612,0.09213926384664262,0.14484650431723872,0.23092780036853638,0.13209967821784124,0.22484201681585125,0.1260138946651561,True,True,True,0,0.0,5,6,True,True,0.0,0.17902134796029928,0.009730851542297058,0.00971609786255019,0.32380496780278567
grid,16,537,4,2,21,12,13,0.02,0.02833914311995223,0.6929077926931044,0.04089886622548624,0.04264291302057999,True,0.005865173266868291,0.005865173266868291,0.46185560073707277,0.2784980887418973,0.05079659752968758,0.0886297043672319,0.13942630189691949,0.23092780036853638,0.13235231480782775,0.2250626271016681,0.12648714154095947,True,True,True,0,0.0,5,6,True,True,0.0,0.18444155038061852,0.009730851542297058,0.009745309622452793,0.3239201181584106
grid,16,537,4,2,21,12,13,0.05,0.07084785779988045,0.6929077926931044,0.10224716556371542,0.113892333882653,True,0.01427204375325773,0.01427204375325773,0.46185560073707277,0.2784980887418973,0.12360611178455826,0.23195588361052563,0.3555619953950839,0.23092780036853638,0.12305826031317015,0.21665575661527867,0.10878621655991241,True,True,True,0,3.0,5,6,True,False,3.0,0.3917522392566171,0.009730851542297058,0.009766441427057924,0.3224383205309287
grid,16,537,4,2,21,12,13,0.1,0.1416957155997609,0.6929077926931044,0.20449433112743085,0.25706206646804985,True,0.02732115900315098,0.02732115900315098,0.46185560073707277,0.2784980887418973,0.2366207876188947,0.4971643661962822,0.733785153815177,0.23092780036853638,0.10990795342868356,0.2036066413653854,0.08258679442553259,True,True,True,0,3.0,5,6,True,False,3.0,0.013529080836524043,0.009730851542297058,0.009800190616457932,0.31554381622690286
grid,16,537,4,2,21,12,13,0.2,0.28339143119952137,0.6929077926931044,0.4089886622548611,0.692014917709123,False,0.050283337689898636,0.050283337689898636,0.46185560073707277,0.2784980887418973,0.43548968647041836,1.116330106426961,1.5518197928973794,0.23092780036853638,0.09008686122573646,0.18064446267863776,0.039803523535837826,True,True,True,0,4.0,5,6,True,False,4.0,0.6140030077046399,0.009730851542297058,0.009862356639890891,0.2869518797529431
grid,16,537,4,2,22,13,14,-0.2,0.28145986158600855,0.6929077926931044,0.40620103360660265,0.6840716414071537,False,0.04755594128478514,0.04755594128478514,0.46185560073707277,0.2784980887418973,0.41186848191418163,1.0311331835756805,1.443001665489862,0.23092780036853638,0.09224015295458629,0.18337185908375125,0.044684211669801153,True,True,True,0,4.0,5,6,True,False,4.0,0.7228211351121572,0.009730851542297058,0.009678622367901488,0.32158194029574827
grid,16,537,4,2,22,13,14,-0.1,0.14072993079300422,0.6929077926931044,0.20310051680330124,0.25486340634653154,True,0.022665622852176336,0.022665622852176336,0.46185560073707277,0.2784980887418973,0.19630051311279453,0.3961481753192066,0.5924486884320012,0.23092780036853638,0.11443002524958207,0.20826217751636006,0.09176440239740573,True,True,True,0,3.0,5,6,True,False,3.0,0.15486554621969983,0.009730851542297058,0.009705821559376071,0.3228385170509369
grid,16,537,4,2,22,13,14,-0.05,0.07036496539650226,0.6929077926931044,0.10155025840165083,0.11302831277016356,True,0.011067439166460672,0.011067439166460672,0.46185560073707277,0.2784980887418973,0.09585194289122581,0.17494957251690463,0.27080151540813047,0.23092780036853638,0.12652147710039444,0.21986036120207572,0.11545403793393376,True,True,True,0,0.0,5,6,True,True,0.0,0.05306633686940754,0.009730851542297058,0.009718599466664946,0.3233782436045929
grid,16,537,4,2,22,13,14,-0.02,0.02814598615860087,0.6929077926931044,0.040620103360660284,0.04233995678140692,True,0.004364914790295678,0.004364914790295678,0.46185560073707277,0.2784980887418973,0.03780328555790801,0.06510754212638037,0.10291082768428839,0.23092780036853638,0.1340832305364234,0.2265628855782407,0.12971831574612772,True,True,True,0,0.0,5,6,True,True,0.0,0.22095702459324962,0.009730851542297058,0.009726012661079862,0.323677644111219
grid,16,537,4,2,22,13,14,0.02,0.02814598615860087,0.6929077926931044,0.040620103360660284,0.04233995678140692,True,0.004284054876698236,0.004284054876698236,0.46185560073707277,0.2784980887418973,0.037102980843894386,0.06385669208607413,0.10095967292996852,0.23092780036853638,0.13417716254151232,0.22664374549183816,0.1298931076648141,True,True,True,0,0.0,5,6,True,True,0.0,0.22290817934756949,0.009730851542297058,0.00973560922011659,0.3240509545627126
grid,16,537,4,2,22,13,14,0.05,0.07036496539650228,0.6929077926931044,0.10155025840165086,0.11302831277016358,True,0.010562035143697352,0.010562035143697352,0.46185560073707277,0.2784980887418973,0.09147478239381711,0.16623113634244568,0.2577059187362628,0.23092780036853638,0.1270764957286817,0.22036576522483903,0.11651446058498435,True,True,True,0,0.0,5,6,True,True,0.0,0.0661619335412752,0.009730851542297058,0.009742596158886802,0.32431300006716857
grid,16,537,4,2,22,13,14,0.1,0.14072993079300433,0.6929077926931044,0.20310051680330138,0.2548634063465318,True,0.020643592868839176,0.020643592868839176,0.46185560073707277,0.2784980887418973,0.1787882865198056,0.3545437418156401,0.5333320283354457,0.23092780036853638,0.11645159924765323,0.2102842074996972,0.09580800637881406,True,True,True,0,3.0,5,6,True,False,3.0,0.2139822063162553,0.009730851542297058,0.009753852589431988,0.32471864063487965
grid,16,537,4,2,22,13,14,0.2,0.28145986158600833,0.6929077926931044,0.4062010336066023,0.6840716414071527,False,0.03946172855707351,0.03946172855707351,0.46185560073707277,0.2784980887418973,0.3417668075831213,0.7977031661125793,1.1394699736957006,0.23092780036853638,0.09893837766592067,0.19146607181146288,0.05947664910884717,True,True,True,0,4.0,5,6,True,False,4.0,1.0263528269063187,0.009730851542297058,0.009774980124197977,0.32542822810388605
grid,16,537,4,2,23,14,15,-0.2,0.4218136084076012,0.6929077926931044,0.6087586441597814,1.555967013897161,False,0.04194447788983355,0.04194447788983355,0.46185560073707277,0.2784980887418973,0.3632691934266432,0.8663200608823721,1.2295892543090154,0.23092780036853638,0.09683367564433837,0.18898332247870284,0.05488919775450482,True,True,True,0,4.0,5,6,True,False,4.0,0.9362335462930038,0.009730851542297058,0.009771082858951622,0.284737872526708
grid,16,537,4,2,23,14,15,-0.1,0.21090680420380073,0.6929077926931044,0.30437932207989093,0.4375650864634711,False,0.01883826732777889,0.01883826732777889,0.46185560073707277,0.2784980887418973,0.16315287546770033,0.31851883699063027,0.4816717124583306,0.23092780036853638,0.11828667657940149,0.2120895330407575,0.0994484092516226,True,True,True,0,3.0,5,6,True,False,3.0,0.26564252219337037,0.009730851542297058,0.009749520123082715,0.30948397551773055
grid,16,537,4,2,23,14,15,-0.05,0.1054534021019007,0.6929077926931044,0.15218966103994594,0.17950908834943638,True,0.008962315971748977,0.008962315971748977,0.46185560073707277,0.2784980887418973,0.07762006962735597,0.13911308807832756,0.21673315770568352,0.23092780036853638,0.12884935695917768,0.2219654843967874,0.11988704098742871,True,True,True,0,0.0,5,6,True,True,0.0,0.10713469457185448,0.009730851542297058,0.009739856178909777,0.3201557195318201
grid,16,537,4,2,23,14,15,-0.02,0.04218136084076041,0.6929077926931044,0.060875864415978566,0.06482195708677123,True,0.003483479842072362,0.003483479842072362,0.46185560073707277,0.2784980887418973,0.03016942816337484,0.051564818111128986,0.08173424627450382,0.23092780036853638,0.13511071966025376,0.22744432052646402,0.1316272398181814,True,True,True,0,0.0,5,6,True,True,0.0,0.24213360600303419,0.009730851542297058,0.009734378109816404,0.32379343773692604
grid,16,537,4,2,23,14,15,0.02,0.04218136084075996,0.6929077926931044,0.06087586441597792,0.06482195708677051,True,0.0033567513203363944,0.0033567513203363944,0.46185560073707277,0.2784980887418973,0.029071868479926398,0.04963439044578761,0.078706258925714,0.23092780036853638,0.13525909314843923,0.2275710490482,0.13190234182810284,True,True,True,0,0.0,5,6,True,True,0.0,0.245161593351824,0.009730851542297058,0.009727421123859327,0.32393624860373693
grid,16,537,4,2,23,14,15,0.05,0.10545340210190027,0.6929077926931044,0.15218966103994533,0.17950908834943552,True,0.008168871955737454,0.008168871955737454,0.46185560073707277,0.2784980887418973,0.07074827667089711,0.1259289108265146,0.19667718749741173,0.23092780036853638,0.1297378322757236,0.22275892841279893,0.12156896031998615,True,True,True,0,0.0,5,6,True,True,0.0,0.12719066478012628,0.009730851542297058,0.009722448203688528,0.32402873732636706
grid,16,537,4,2,23,14,15,0.1,0.21090680420380067,0.6929077926931044,0.3043793220798909,0.437565086463471,False,0.015644472552440055,0.015644472552440055,0.46185560073707277,0.2784980887418973,0.13549232727695087,0.25730147034392925,0.3927937976208801,0.23092780036853638,0.12160422193878978,0.21528332781609633,0.10595974938634972,True,True,True,0,3.0,5,6,True,False,3.0,0.35452043703082087,0.009730851542297058,0.00971459335111044,0.3241597493964119
grid,16,537,4,2,23,14,15,0.2,0.4218136084076007,0.6929077926931044,0.6087586441597808,1.5559670138971564,False,0.02883931599539222,0.02883931599539222,0.46185560073707277,0.2784980887418973,0.24976911354430015,0.531736014002087,0.7815051275463871,0.23092780036853638,0.10847230669344517,0.20208848437314417,0.07963299069805295,True,True,True,0,4.0,5,6,True,False,4.0,1.3843176730556321,0.009730851542297058,0.00970034255694387,0.3243549169173141
rgg,12,509,4,2,0,0,3,-0.2,0.370568921453022,1.904982978098599,0.19452610638174528,0.24150516599354704,True,0.03755316216029258,0.03755316216029258,0.82242647512703,0.788257349852075,0.18264568710287302,0.22874967678989616,0.4113953638927692,0.411213237563515,0.328334122148594,0.37366007540322244,0.2907809599883014,True,True,True,0,3.0,3,3,False,False,3.0,inf,0.000492627608806256,0.00047158990919690923,0.26660070267162184
rgg,12,509,4,2,0,0,3,-0.1,0.18528446072651114,1.904982978098599,0.09726305319087271,0.10774240883201361,True,0.018803063717146132,0.018803063717146132,0.82242647512703,0.788257349852075,0.09145164600515496,0.10455324714575134,0.1960048931509063,0.411213237563515,0.3596839740602971,0.3924101738463689,0.340880910343151,True,True,True,0,0.0,3,3,True,True,0.0,0.06700797926786017,0.000492627608806256,0.00048140534731109906,0.2647711837479431
rgg,12,509,4,2,0,0,3,-0.05,0.09264223036325502,1.904982978098599,0.04863152659543606,0.05111744603161323,True,0.009404815550954035,0.009404815550954035,0.82242647512703,0.788257349852075,0.045741793754883145,0.049958300225155614,0.09570009398003876,0.411213237563515,0.37650662686951897,0.401808422012561,0.36710181131856495,True,True,True,0,0.0,3,3,True,True,0.0,0.16731277843872772,0.000492627608806256,0.00048683099549549474,0.2638828591710782
rgg,12,509,4,2,0,0,3,-0.02,0.037056892145302056,1.904982978098599,0.019452610638174453,0.019838521675974163,True,0.0037622852265734113,0.0037622852265734113,0.82242647512703,0.788257349852075,0.018298463584807616,0.019444223367423928,0.03774268695223154,0.411213237563515,0.38698230888219404,0.4074509523369416,0.38322002365562063,True,True,True,0,0.0,3,3,True,True,0.0,0.22527018546653493,0.000492627608806256,0.0004902632038011582,0.263358634295349
rgg,12,509,4,2,0,0,3,0.02,0.03705689214530294,1.904982978098599,0.019452610638174914,0.019838521675974642,True,0.0037622628748944773,0.0037622628748944773,0.82242647512703,0.788257349852075,0.018298354873915592,0.019444105735804382,0.037742460609719974,0.411213237563515,0.38698235095138833,0.40745097468862057,0.3832200880764939,True,True,True,0,0.0,3,3,True,True,0.0,0.2252704118090465,0.000492627608806256,0.0004950544830182446,0.262670123674117
rgg,12,509,4,2,0,0,3,0.05,0.09264223036325614,1.904982978098599,0.04863152659543665,0.05111744603161388,True,0.00940467633369927,0.00940467633369927,0.82242647512703,0.788257349852075,0.045741116649955345,0.04995752687778317,0.09569864352773852,0.411213237563515,0.3765068818040977,0.40180856122981573,0.3671022054703984,True,True,True,0,0.0,3,3,True,True,0.0,0.16731422889102796,0.000492627608806256,0.0004988146585817735,0.2621617151249247
rgg,12,509,4,2,0,0,3,0.1,0.18528446072651217,1.904982978098599,0.09726305319087325,0.10774240883201427,True,0.018802513703839972,0.018802513703839972,0.82242647512703,0.788257349852075,0.09144897092927744,0.10454990915221801,0.19599888008149546,0.411213237563515,0.35968493624350667,0.39241072385967507,0.3408824225396667,True,True,True,0,0.0,3,3,True,True,0.0,0.06701399233727101,0.000492627608806256,0.0005054116715560375,0.26132984158004574
rgg,12,509,4,2,0,0,3,0.2,0.37056892145302317,1.904982978098599,0.1945261063817459,0.24150516599354802,True,0.037551071057590084,0.037551071057590084,0.82242647512703,0.788257349852075,0.1826355166972952,0.22873461280344987,0.41137012950074503,0.411213237563515,0.3283374614567623,0.37366216650592493,0.2907863903991722,True,True,True,0,3.0,3,3,False,False,3.0,inf,0.000492627608806256,0.0005199133607601619,0.2597255684786489
rgg,12,509,4,2,1,0,5,-0.2,0.5069336787712501,1.904982978098599,0.2661092957781862,0.3626007173102936,False,0.0859102687755129,0.0859102687755129,0.82242647512703,0.788257349852075,0.4178380505673454,0.6620667841418693,1.0799048347092146,0.411213237563515,0.25952145866029086,0.32530296878800213,0.17361118988477797,True,True,True,0,3.0,3,3,False,False,3.0,inf,0.000492627608806256,0.0004899655812050775,0.3057396697603617
rgg,12,509,4,2,1,0,5,-0.1,0.253466839385625,1.904982978098599,0.13305464788909308,0.15347524219966244,True,0.043189963547380424,0.043189963547380424,0.82242647512703,0.788257349852075,0.21006115368895148,0.2703978286808927,0.4804589823698442,0.411213237563515,0.31945495833363835,0.3680232740161346,0.27626499478625793,True,True,True,0,3.0,3,3,False,False,3.0,inf,0.000492627608806256,0.0004920766499948376,0.284120919326687
rgg,12,509,4,2,1,0,5,-0.05,0.12673341969281293,1.904982978098599,0.06652732394454677,0.07126863554878675,True,0.0216113150271221,0.0216113150271221,0.82242647512703,0.788257349852075,0.1051100161812474,0.12182091482389021,0.22693093100513761,0.411213237563515,0.3548046746876657,0.3896019225363929,0.3331933596605436,True,True,True,0,0.0,3,3,True,True,0.0,0.03608194141362886,0.000492627608806256,0.0004925599731716691,0.2734833770653673
rgg,12,509,4,2,1,0,5,-0.02,0.050693367877125084,1.904982978098599,0.02661092957781866,0.027338430630083902,True,0.008642933363511828,0.008642933363511828,0.82242647512703,0.788257349852075,0.042036260382677305,0.04574137789729145,0.08777763827996876,0.411213237563515,0.37790437283803885,0.40257030420000317,0.369261439474527,True,True,True,0,0.0,3,3,True,True,0.0,0.1752352341387977,0.000492627608806256,0.0004926516475304498,0.2671786232506415
rgg,12,509,4,2,1,0,5,0.02,0.050693367877125084,1.904982978098599,0.02661092957781866,0.027338430630083902,True,0.008634386540062986,0.008634386540062986,0.82242647512703,0.788257349852075,0.041994691567920836,0.04569424567102628,0.0876889372389471,0.411213237563515,0.3779200822014166,0.40257885102345203,0.3692856956613536,True,True,True,0,0.0,3,3,True,True,0.0,0.17532393517981937,0.000492627608806256,0.0004925344105437909,0.25887974437515027
rgg,12,509,4,2,1,0,5,0.05,0.1267334196928125,1.904982978098599,0.06652732394454654,0.07126863554878647,True,0.021557992738169385,0.021557992738169385,0.82242647512703,0.788257349852075,0.10485067487565786,0.12148883102551832,0.22633950590117619,0.411213237563515,0.3548967021279709,0.38965524482534564,0.33333870938980154,True,True,True,0,0.0,3,3,True,True,0.0,0.03667336651759029,0.000492627608806256,0.000492263615848142,0.2527460429312261
rgg,12,509,4,2,1,0,5,0.1,0.2534668393856254,1.904982978098599,0.1330546478890933,0.15347524219966274,True,0.04297802648902327,0.04297802648902327,0.82242647512703,0.788257349852075,0.20903036460437383,0.26879374956138125,0.4778241141657551,0.411213237563515,0.3197844187906526,0.36823521107449175,0.27680639230162934,True,True,True,0,3.0,3,3,False,False,3.0,inf,0.000492627608806256,0.0004914608329983825,0.24271643905921467
rgg,12,509,4,2,1,0,5,0.2,0.5069336787712496,1.904982978098599,0.266109295778186,0.36260071731029314,False,0.08508353796000645,0.08508353796000645,0.82242647512703,0.788257349852075,0.4138171157336084,0.6530643741502896,1.066881489883898,0.411213237563515,0.26056707830896375,0.32612969960350857,0.1754835403489573,True,True,True,0,3.0,3,3,False,False,3.0,inf,0.000492627608806256,0.0004885557484021551,0.22348415777980923
rgg,12,509,4,2,2,1,2,-0.2,0.43016183017449766,1.904982978098599,0.22580875268704534,0.291670505796568,True,0.025766752726321087,0.025766752726321087,0.82242647512703,0.788257349852075,0.12532063840644828,0.14821007051435048,0.2735307089207988,0.411213237563515,0.3477058291234834,0.38544648483719396,0.32193907639716235,True,True,True,0,2.0,3,3,True,False,2.0,0.12457358182117673,0.000492627608806256,0.0002471646121032441,0.27239060386780034
rgg,12,509,4,2,2,1,2,-0.1,0.21508091508724883,1.904982978098599,0.11290437634352267,0.1272741893124751,True,0.012324213439633122,0.012324213439633122,0.82242647512703,0.788257349852075,0.05994074272830068,0.06640229769940076,0.12634304042770145,0.411213237563515,0.37119840326682974,0.3988890241238819,0.3588741898271966,True,True,True,0,0.0,3,3,True,True,0.0,0.13666983199106503,0.000492627608806256,0.0003264179260168798,0.2673698314166486
rgg,12,509,4,2,2,1,2,-0.05,0.1075404575436245,1.904982978098599,0.05645218817176138,0.05982970599272378,True,0.006030212523575095,0.006030212523575095,0.82242647512703,0.788257349852075,0.02932888327868425,0.03151098311021347,0.06083986638889772,0.411213237563515,0.3827371873789972,0.4051830250399399,0.3767069748554221,True,True,True,0,0.0,3,3,True,True,0.0,0.20217300602986876,0.000492627608806256,0.0003999633905564759,0.2651152763724748
rgg,12,509,4,2,2,1,2,-0.02,0.043016183017449805,1.904982978098599,0.022580875268704555,0.02310255109333196,True,0.002381384598398723,0.002381384598398723,0.82242647512703,0.788257349852075,0.011582237053012673,0.012225077038580678,0.02380731409159335,0.411213237563515,0.38959011724562526,0.4088318529651163,0.38720873264722655,True,True,True,0,0.0,3,3,True,True,0.0,0.23920555832717313,0.000492627608806256,0.00045342015349579003,0.2638363844343373
rgg,12,509,4,2,2,1,2,0.02,0.043016183017449805,1.904982978098599,0.022580875268704555,0.02310255109333196,True,0.0023415219783981204,0.0023415219783981204,0.82242647512703,0.788257349852075,0.011388358955912524,0.01201810800093378,0.023406466956846304,0.411213237563515,0.3896656575587753,0.4088717155851169,0.3873241355803772,True,True,True,0,0.0,3,3,True,True,0.0,0.23960640546192016,0.000492627608806256,0.0005345237739835591,0.26221173620121135
rgg,12,509,4,2,2,1,2,0.05,0.1075404575436245,1.904982978098599,0.05645218817176138,0.05982970599272378,True,0.005781007760715179,0.005781007760715179,0.82242647512703,0.788257349852075,0.028116836875039842,0.03017216693882527,0.05828900381386511,0.411213237563515,0.3832013638553902,0.40543222980279986,0.37742035609467506,True,True,True,0,0.0,3,3,True,True,0.0,0.20472386860490135,0.000492627608806256,0.0006021123823789769,0.26105039506077843
rgg,12,509,4,2,2,1,2,0.1,0.215080915087249,1.904982978098599,0.11290437634352277,0.12727418931247522,True,0.011326488835815702,0.011326488835815702,0.82242647512703,0.788257349852075,0.05508815281787342,0.060731183494880124,0.11581933631275354,0.411213237563515,0.37300405439227347,0.3998867487276993,0.36167756555645775,True,True,True,0,0.0,3,3,True,True,0.0,0.14719353610601293,0.000492627608806256,0.0007263499622950255,0.25921673359730507
rgg,12,509,4,2,2,1,2,0.2,0.43016183017449766,1.904982978098599,0.22580875268704534,0.291670505796568,True,0.021761365410528376,0.021761365410528376,0.82242647512703,0.788257349852075,0.10583980972726914,0.12275628854199666,0.2285960982692658,0.411213237563515,0.35454583498723985,0.38945187215298666,0.3327844695767115,True,True,True,0,0.0,3,3,True,True,0.0,0.03441677414950067,0.000492627608806256,0.0007680603580178582,0.2558963383201591
rgg,12,509,4,2,3,1,6,-0.2,0.43332299090697757,1.904982978098599,0.22746816947387413,0.294445044832598,True,0.06133546555131707,0.06133546555131707,0.82242647512703,0.788257349852075,0.29831464529078217,0.4194305238005682,0.7177451690913503,0.411213237563515,0.2924702045790115,0.34987777201219794,0.23113473902769444,True,True,True,0,3.0,3,3,False,False,3.0,inf,0.000492627608806256,0.0008040961528999762,0.19658767214908818
rgg,12,509,4,2,3,1,6,-0.1,0.216661495453489,1.904982978098599,0.11373408473693719,0.12832952591116908,True,0.029665805422035046,0.029665805422035046,0.82242647512703,0.788257349852075,0.14428429200289514,0.1739041628719306,0.3181884548748257,0.411213237563515,0.3411741838967021,0.38154743214147996,0.31150837847466706,True,True,True,0,2.0,3,3,True,False,2.0,0.07991583586714979,0.000492627608806256,0.0007841617592673494,0.23009623477634
rgg,12,509,4,2,3,1,6,-0.05,0.10833074772674435,1.904982978098599,0.05686704236846851,0.06029589137811219,True,0.014579557278393091,0.014579557278393091,0.82242647512703,0.788257349852075,0.07090996080174179,0.07942040612947195,0.15033036693121374,0.411213237563515,0.3671488975925243,0.3966336802851219,0.3525693403141312,True,True,True,0,0.0,3,3,True,True,0.0,0.11268250548755274,0.000492627608806256,0.0007744931512624484,0.24665034788190882
rgg,12,509,4,2,3,1,6,-0.02,0.04333229909069769,1.904982978098599,0.02274681694738738,0.023276278186512442,True,0.005770902324544517,0.005770902324544517,0.82242647512703,0.788257349852075,0.028067687503144433,0.03011794445213837,0.0581856319552828,0.411213237563515,0.383220198424583,0.4054423352389705,0.37744929610003847,True,True,True,0,0.0,3,3,True,True,0.0,0.20482724046348366,0.000492627608806256,0.0006190707715682625,0.25649331219867777
rgg,12,509,4,2,3,1,6,0.02,0.04333229909069858,1.904982978098599,0.022746816947387845,0.02327627818651293,True,0.005689710127747812,0.005689710127747812,0.82242647512703,0.788257349852075,0.027672796534761325,0.02968248427171588,0.057355280806477206,0.411213237563515,0.38337155850323995,0.4055235274357672,0.3776818483754921,True,True,True,0,0.0,3,3,True,True,0.0,0.20565759161228928,0.000492627608806256,0.00038374395858981254,0.269495882534977
rgg,12,509,4,2,3,1,6,0.05,0.10833074772674522,1.904982978098599,0.05686704236846897,0.06029589137811271,True,0.014072353185998792,0.014072353185998792,0.82242647512703,0.788257349852075,0.06844309424170816,0.07646860139593907,0.14491169563764722,0.411213237563515,0.3680557229792912,0.3971408843775162,0.35398336979329237,True,True,True,0,0.0,3,3,True,True,0.0,0.11810117678111925,0.000492627608806256,0.0002516085652077917,0.2791473409580931
rgg,12,509,4,2,3,1,6,0.1,0.21666149545348962,1.904982978098599,0.11373408473693751,0.12832952591116947,True,0.027640521245959466,0.027640521245959466,0.82242647512703,0.788257349852075,0.13443400513919582,0.16044350385633468,0.2948775089955305,0.411213237563515,0.34455145370933205,0.3835727163175556,0.3169109324633726,True,True,True,0,2.0,3,3,True,False,2.0,0.103226781746445,0.000492627608806256,0.00010813101398155025,0.2950227350635448
rgg,12,509,4,2,3,1,6,0.2,0.4333229909069785,1.904982978098599,0.22746816947387463,0.2944450448325988,True,0.05329093713287941,0.05329093713287941,0.82242647512703,0.788257349852075,0.25918882110232755,0.35043671023998474,0.6096255313423122,0.411213237563515,0.3041401518487314,0.3579223004306356,0.250849214715852,True,True,True,0,3.0,3,3,False,False,3.0,inf,0.000492627608806256,6.810138918744765e-05,0.3258975049394663
rgg,12,509,4,2,4,1,7,-0.2,0.5107572122468627,1.904982978098599,0.26811641789926094,0.3663375220546435,False,0.0030681159722629886,0.0030681159722629886,0.82242647512703,0.788257349852075,0.014922262670540098,0.015803176490414187,0.030725439160954285,0.411213237563515,0.3882910469454075,0.40814512159125205,0.38522293097314453,True,True,True,0,0.0,3,3,True,True,0.0,0.2322874332578122,0.000492627608806256,0.0006287424480682798,0.2626423120204837
rgg,12,509,4,2,4,1,7,-0.1,0.25537860612343133,1.904982978098599,0.13405820894963047,0.15481203278920241,True,0.0014394889293281306,0.0014394889293281306,0.82242647512703,0.788257349852075,0.0070011799126762815,0.007355985516265605,0.014357165428941887,0.411213237563515,0.3913789460691903,0.4097737486341869,0.3899394571398622,True,True,True,0,0.0,3,3,True,True,0.0,0.2486557069898246,0.000492627608806256,0.0005544467390481584,0.26283693727234314
rgg,12,509,4,2,4,1,7,-0.05,0.12768930306171525,1.904982978098599,0.06702910447481503,0.07184479687019948,True,0.0006982364691973119,0.0006982364691973119,0.82242647512703,0.788257349852075,0.003395982451024398,0.0035552434694643303,0.006951225920488729,0.411213237563515,0.39279249097531727,0.4105150010943177,0.39209425450611995,True,True,True,0,0.0,3,3,True,True,0.0,0.25606164649827773,0.000492627608806256,0.0005221620506171914,0.26292708031820655
rgg,12,509,4,2,4,1,7,-0.02,0.05107572122468551,1.904982978098599,0.026811641789925702,0.027550310855792307,True,0.0002743766109464644,0.0002743766109464644,0.82242647512703,0.788257349852075,0.001334473630139812,0.0013941792170611724,0.0027286528472009845,0.411213237563515,0.39360307138250156,0.41093886095256854,0.3933286947715551,True,True,True,0,0.0,3,3,True,True,0.0,0.2602842195715655,0.000492627608806256,0.000504131867730735,0.2629790585896289
rgg,12,509,4,2,4,1,7,0.02,0.05107572122468729,1.904982978098599,0.02681164178992663,0.02755031085579329,True,0.00026808408538392674,0.00026808408538392674,0.82242647512703,0.788257349852075,0.0013038689463031653,0.0013621635620840256,0.002666032508387191,0.411213237563515,0.3936151176643937,0.4109451534781311,0.3933470335790098,True,True,True,0,0.0,3,3,True,True,0.0,0.26034683991037927,0.000492627608806256,0.00048151415576098766,0.26304603677583105
rgg,12,509,4,2,4,1,7,0.05,0.127689303061717,1.904982978098599,0.06702910447481594,0.07184479687020054,True,0.0006588798766187691,0.0006588798766187691,0.82242647512703,0.788257349852075,0.0032045654975637796,0.0033542075423816757,0.006558773039945455,0.411213237563515,0.39286768531378796,0.41055435768689624,0.3922088054371692,True,True,True,0,0.0,3,3,True,True,0.0,0.256454099378821,0.000492627608806256,0.0004655385769878845,0.2630946037151227
rgg,12,509,4,2,4,1,7,0.1,0.25537860612343244,1.904982978098599,0.13405820894963105,0.1548120327892032,True,0.0012816567966638657,0.0012816567966638657,0.82242647512703,0.788257349852075,0.006233538610078933,0.006544416016036592,0.012777954626115525,0.411213237563515,0.3916795000572285,0.40993158076685116,0.39039784326056465,True,True,True,0,0.0,3,3,True,True,0.0,0.25023491779265095,0.000492627608806256,0.0004406313538914691,0.26317254143152374
rgg,12,509,4,2,4,1,7,0.2,0.5107572122468644,1.904982978098599,0.2681164178992619,0.3663375220546452,False,0.0024302086924244343,0.0024302086924244343,0.82242647512703,0.788257349852075,0.011819700682904548,0.012478683311123652,0.0242983839940282,0.411213237563515,0.3894976147456385,0.4087830288710906,0.38706740605321405,True,True,True,0,0.0,3,3,True,True,0.0,0.23871448842473827,0.000492627608806256,0.0003964760590178944,0.263318001286401
rgg,12,509,4,2,5,1,8,-0.2,0.3208885382879506,1.904982978098599,0.16844693206037767,0.20256907051975223,True,0.009483077464990025,0.009483077464990025,0.82242647512703,0.788257349852075,0.04612243283401251,0.050393204819853314,0.09651563765386582,0.411213237563515,0.37636334100561086,0.401730160098525,0.36688026354062087,True,True,True,0,0.0,3,3,True,True,0.0,0.16649723476490064,0.000492627608806256,0.0005590948941765025,0.26010665749718526
rgg,12,509,4,2,5,1,8,-0.1,0.16044426914397483,1.904982978098599,0.08422346603018858,0.09196945205080459,True,0.004549169857007037,0.004549169857007037,0.82242647512703,0.788257349852075,0.022125600255290336,0.02360114871043407,0.04572674896572441,0.411213237563515,0.38550410514517447,0.406664067706508,0.38095493528816743,True,True,True,0,0.0,3,3,True,True,0.0,0.21728612345304207,0.000492627608806256,0.000520195230370557,0.26162704196580744
rgg,12,509,4,2,5,1,8,-0.05,0.08022213457198792,1.904982978098599,0.042111733015094556,0.04396309514015392,True,0.0022293649636247904,0.0022293649636247904,0.82242647512703,0.788257349852075,0.01084286574446888,0.011436210241150161,0.02227907598561904,0.411213237563515,0.38987827551526,0.4089838725998902,0.3876489105516352,True,True,True,0,0.0,3,3,True,True,0.0,0.24073379643314743,0.000492627608806256,0.0005051362871540547,0.2623356938576443
rgg,12,509,4,2,5,1,8,-0.02,0.03208885382879556,1.904982978098599,0.016844693206038028,0.017133298360528647,True,0.0008812348759665151,0.0008812348759665151,0.82242647512703,0.788257349852075,0.0042860238701843915,0.004491020479873152,0.008777044350057543,0.411213237563515,0.39244304492301285,0.4103320026875485,0.3915618100470463,True,True,True,0,0.0,3,3,True,True,0.0,0.2542358280687089,0.000492627608806256,0.0004973414143366128,0.2627456493209668
rgg,12,509,4,2,5,1,8,0.02,0.03208885382879467,1.904982978098599,0.016844693206037563,0.017133298360528165,True,0.0008676002043292683,0.0008676002043292683,0.82242647512703,0.788257349852075,0.004219709508720574,0.004421241161522108,0.008640950670242682,0.411213237563515,0.39246907039586965,0.4103456373591858,0.3916014701915404,True,True,True,0,0.0,3,3,True,True,0.0,0.2543719217485238,0.000492627608806256,0.0004882821365295903,0.26327537377109517
rgg,12,509,4,2,5,1,8,0.05,0.08022213457198789,1.904982978098599,0.04211173301509454,0.043963095140153896,True,0.0021441210260499453,0.0021441210260499453,0.82242647512703,0.788257349852075,0.010428268500080908,0.010994366181600589,0.0214226346816815,0.411213237563515,0.39003995148682563,0.4090691165374651,0.3878958304607757,True,True,True,0,0.0,3,3,True,True,0.0,0.241590237737085,0.000492627608806256,0.0004824227649693514,0.2636605294671326
rgg,12,509,4,2,5,1,8,0.1,0.16044426914397492,1.904982978098599,0.08422346603018863,0.09196945205080463,True,0.004207804407110703,0.004207804407110703,0.82242647512703,0.788257349852075,0.020465315912699795,0.02179392642288912,0.04225924233558892,0.411213237563515,0.38614468319865913,0.4070054331564043,0.3819368787915484,True,True,True,0,0.0,3,3,True,True,0.0,0.22075363008317755,0.000492627608806256,0.0004743004013584379,0.2642804651337747
rgg,12,509,4,2,5,1,8,0.2,0.3208885382879497,1.904982978098599,0.1684469320603772,0.20256907051975157,True,0.00811134533552067,0.00811134533552067,0.82242647512703,0.788257349852075,0.03945079873197326,0.04281718567959527,0.08226798441156853,0.411213237563515,0.3788826942629332,0.40310189222799436,0.37077134892741254,True,True,True,0,0.0,3,3,True,True,0.0,0.18074488800719796,0.000492627608806256,0.0004635264789475794,0.2654436963676638
rgg,12,509,4,2,6,1,9,-0.2,0.3080503433574116,1.904982978098599,0.16170766190513824,0.1929012762691376,True,0.04840576493422193,0.04840576493422193,0.82242647512703,0.788257349852075,0.23542902082156483,0.31083833538673383,0.5462673562082987,0.411213237563515,0.31145299291348494,0.3628074726292931,0.263047227979263,True,True,True,0,3.0,3,3,False,False,3.0,inf,0.000492627608806256,0.00021048557257007013,0.3003631212461042
rgg,12,509,4,2,6,1,9,-0.1,0.1540251716787053,1.904982978098599,0.08085383095256886,0.08796623831480771,True,0.02380729834014194,0.02380729834014194,0.82242647512703,0.788257349852075,0.11579052503855604,0.1356404627844451,0.25143098782300116,0.411213237563515,0.35103534522697155,0.3874059392233731,0.3272280468868296,True,True,True,0,0.0,3,3,True,True,0.0,0.011581884595765313,0.000492627608806256,0.00019311305576200102,0.28178924294885965
rgg,12,509,4,2,6,1,9,-0.05,0.07701258583935265,1.904982978098599,0.04042691547628443,0.04213010569835891,True,0.011799506676685133,0.011799506676685133,0.82242647512703,0.788257349852075,0.057388749188127045,0.06341316502860608,0.12080191421673313,0.411213237563515,0.3721469089695271,0.3994137308868299,0.360347402292842,True,True,True,0,0.0,3,3,True,True,0.0,0.14221095820203333,0.000492627608806256,0.00030610159752720667,0.27241814119436214
rgg,12,509,4,2,6,1,9,-0.02,0.03080503433574056,1.904982978098599,0.016170766190513507,0.01643655792570695,True,0.004694216629758272,0.004694216629758272,0.82242647512703,0.788257349852075,0.022831057957044557,0.024370839670440778,0.047201897627485334,0.411213237563515,0.3852322442096121,0.40651902093375675,0.38053802757985383,True,True,True,0,0.0,3,3,True,True,0.0,0.21581097479128114,0.000492627608806256,0.00040956796332931877,0.26677806108632157
rgg,12,509,4,2,6,1,9,0.02,0.030805034335741447,1.904982978098599,0.016170766190513976,0.01643655792570743,True,0.0046594726842188895,0.0046594726842188895,0.82242647512703,0.788257349852075,0.022662075335058728,0.024186373030056798,0.04684844836511552,0.411213237563515,0.3852973472647997,0.4065537648792961,0.3806378745805808,True,True,True,0,0.0,3,3,True,True,0.0,0.21616442405365094,0.000492627608806256,0.0005865101719093396,0.2592447340346096
rgg,12,509,4,2,6,1,9,0.05,0.07701258583935355,1.904982978098599,0.0404269154762849,0.04213010569835943,True,0.01158245138099151,0.01158245138099151,0.82242647512703,0.788257349852075,0.05633306675445978,0.06218098371107149,0.11851405046553126,0.411213237563515,0.37253998536948923,0.3996307861825235,0.3609575339884977,True,True,True,0,0.0,3,3,True,True,0.0,0.1444988219532352,0.000492627608806256,0.0007467930590697781,0.25358911751592483
rgg,12,509,4,2,6,1,9,0.1,0.15402517167870636,1.904982978098599,0.08085383095256941,0.08796623831480836,True,0.022940423377132327,0.022940423377132327,0.82242647512703,0.788257349852075,0.11157434285460717,0.13015160036640355,0.2417259432210107,0.411213237563515,0.35251849862084383,0.3882728141863827,0.3295780752437115,True,True,True,0,0.0,3,3,True,True,0.0,0.021286929197755766,0.000492627608806256,0.0008160211682919538,0.24416183941906583
rgg,12,509,4,2,6,1,9,0.2,0.3080503433574116,1.904982978098599,0.16170766190513824,0.1929012762691376,True,0.04495969002171853,0.04495969002171853,0.82242647512703,0.788257349852075,0.21866849563554805,0.28391072044771676,0.5025792160832648,0.411213237563515,0.31671710001523545,0.3662535475417965,0.27175740999351694,True,True,True,0,3.0,3,3,False,False,3.0,inf,0.000492627608806256,0.0008683695049063493,0.225352611627475
rgg,12,509,4,2,7,1,10,-0.2,0.33085539287334154,1.904982978098599,0.17367892347446318,0.21018333963444022,True,0.02635840336456992,0.02635840336456992,0.82242647512703,0.788257349852075,0.12819822397132175,0.15205014668495492,0.28024837065627667,0.411213237563515,0.3467067140577515,0.3848548341989451,0.3203483106931816,True,True,True,0,2.0,3,3,True,False,2.0,0.11785592008569884,0.000492627608806256,0.0005087714849031108,0.2607076896513678
rgg,12,509,4,2,7,1,10,-0.1,0.16542769643667007,1.904982978098599,0.08683946173723123,0.09509769432485322,True,0.012720071560298595,0.012720071560298595,0.82242647512703,0.788257349852075,0.06186606071179254,0.06866724221599439,0.13053330292778692,0.411213237563515,0.37048441585253467,0.39849316600321644,0.3577643442922361,True,True,True,0,0.0,3,3,True,True,0.0,0.13247956949097955,0.000492627608806256,0.00045620876024948413,0.26184343219129697
rgg,12,509,4,2,7,1,10,-0.05,0.0827138482183355,1.904982978098599,0.043419730868615856,0.04539057752889136,True,0.0062500336941071636,0.0062500336941071636,0.82242647512703,0.788257349852075,0.03039801797791978,0.03269459880900511,0.06309261678692489,0.411213237563515,0.38232820843702847,0.4049632038694079,0.3760781747429213,True,True,True,0,0.0,3,3,True,True,0.0,0.19992025563184157,0.000492627608806256,0.00046427717865092844,0.2624251643374227
rgg,12,509,4,2,7,1,10,-0.02,0.03308553928733394,1.904982978098599,0.017367892347446207,0.017674867544209404,True,0.002474205115929304,0.002474205115929304,0.82242647512703,0.788257349852075,0.012033684180933714,0.0127073158754034,0.024741000056337115,0.411213237563515,0.38941427760026615,0.4087390324475857,0.3869400724843368,True,True,True,0,0.0,3,3,True,True,0.0,0.23827187236242936,0.000492627608806256,0.0004789713565255048,0.2627772110106028
rgg,12,509,4,2,7,1,10,0.02,0.03308553928733437,1.904982978098599,0.017367892347446432,0.01767486754420964,True,0.0024404691977334162,0.0024404691977334162,0.82242647512703,0.788257349852075,0.01186960425784672,0.0125319945309736,0.024401598788820318,0.411213237563515,0.3894781779072191,0.4087727683657816,0.3870377087094857,True,True,True,0,0.0,3,3,True,True,0.0,0.23861127362994616,0.000492627608806256,0.0005092404860454517,0.26324915510451496
rgg,12,509,4,2,7,1,10,0.05,0.08271384821833594,1.904982978098599,0.043419730868616085,0.04539057752889162,True,0.006039159733357103,0.006039159733357103,0.82242647512703,0.788257349852075,0.029372399435095075,0.0315591102158274,0.06093150965092248,0.411213237563515,0.382720532490068,0.4051740778301579,0.3766813727567109,True,True,True,0,0.0,3,3,True,True,0.0,0.202081362767844,0.000492627608806256,0.0005394659061784017,0.26360448165296224
rgg,12,509,4,2,7,1,10,0.1,0.1654276964366711,1.904982978098599,0.08683946173723177,0.09509769432485388,True,0.011876226563682521,0.011876226563682521,0.82242647512703,0.788257349852075,0.057761888377186044,0.06384929494114228,0.12161118331832832,0.411213237563515,0.3720080722780195,0.3993370109998325,0.360131845714337,True,True,True,0,0.0,3,3,True,True,0.0,0.14140168910043815,0.000492627608806256,0.0006031259038585377,0.2641981772131813
rgg,12,509,4,2,7,1,10,0.2,0.3308553928733419,1.904982978098599,0.17367892347446337,0.21018333963444052,True,0.022977465093767448,0.022977465093767448,0.82242647512703,0.788257349852075,0.11175450104627725,0.13038524295973455,0.2421397440060118,0.411213237563515,0.35245499524610047,0.38823577246974755,0.329477530152333,True,True,True,0,0.0,3,3,True,True,0.0,0.020873128412754682,0.000492627608806256,0.0007748465775437336,0.2653856985987544
rgg,12,509,4,2,8,1,11,-0.2,0.32142517635762613,1.904982978098599,0.16872863435160293,0.20297659864657253,True,0.02694718337749242,0.02694718337749242,0.82242647512703,0.788257349852075,0.13106184780021932,0.15589234053901538,0.2869541883392347,0.411213237563515,0.34571529665048956,0.3842660541860226,0.31876811327299714,True,True,True,0,2.0,3,3,True,False,2.0,0.11115010240274081,0.000492627608806256,0.0005404122399825232,0.25860802351238854
rgg,12,509,4,2,8,1,11,-0.1,0.1607125881788135,1.904982978098599,0.0843643171758017,0.09213742840994066,True,0.01305751708622297,0.01305751708622297,0.82242647512703,0.788257349852075,0.06350727989006501,0.07060466982979732,0.13411194971986234,0.411213237563515,0.36987686841960987,0.39815572047729203,0.3568193513333869,True,True,True,0,0.0,3,3,True,True,0.0,0.12890092269890413,0.000492627608806256,0.0004725912058157641,0.2608241412981176
rgg,12,509,4,2,8,1,11,-0.05,0.08035629408940681,1.904982978098599,0.04218215858790088,0.04403985472405926,True,0.006428298541996826,0.006428298541996826,0.82242647512703,0.788257349852075,0.0312650369919277,0.03365628940750893,0.06492132639943662,0.411213237563515,0.38199686627145724,0.4047849390215182,0.3755685677294604,True,True,True,0,0.0,3,3,True,True,0.0,0.19809154601932985,0.000492627608806256,0.000472455064088949,0.2619228228513802
rgg,12,509,4,2,8,1,11,-0.02,0.03214251763576325,1.904982978098599,0.016872863435160628,0.017162442991978003,True,0.0025476564915383622,0.0025476564915383622,0.82242647512703,0.788257349852075,0.012390926452822946,0.013089231347266719,0.025480157800089664,0.411213237563515,0.38927518720499377,0.40866558107197665,0.3867275307134554,True,True,True,0,0.0,3,3,True,True,0.0,0.2375327146186768,0.000492627608806256,0.0004822224823840721,0.2625779880269044
rgg,12,509,4,2,8,1,11,0.02,0.032142517635762376,1.904982978098599,0.01687286343516017,0.017162442991977528,True,0.0025166210272895956,0.0025166210272895956,0.82242647512703,0.788257349852075,0.012239980610550672,0.012927827229597393,0.025167807840148063,0.411213237563515,0.3893339511109742,0.4086966165362254,0.3868173300836846,True,True,True,0,0.0,3,3,True,True,0.0,0.23784506457861843,0.000492627608806256,0.0005060336816845683,0.2634461370396627
rgg,12,509,4,2,8,1,11,0.05,0.08035629408940594,1.904982978098599,0.04218215858790042,0.04403985472405877,True,0.006234315415904604,0.006234315415904604,0.82242647512703,0.788257349852075,0.030321569669515644,0.03260988173872096,0.06293145140823661,0.411213237563515,0.3823574378990759,0.40497892214761044,0.3761231224831713,True,True,True,0,0.0,3,3,True,True,0.0,0.20008142101052986,0.000492627608806256,0.0005315620985191515,0.26409281351976377
rgg,12,509,4,2,8,1,11,0.1,0.1607125881788123,1.904982978098599,0.08436431717580106,0.0921374284099399,True,0.012281421104709877,0.012281421104709877,0.82242647512703,0.788257349852075,0.05973261550371621,0.06615796385187192,0.12589057935558812,0.411213237563515,0.37127566780041943,0.39893181645880516,0.35899424669570956,True,True,True,0,0.0,3,3,True,True,0.0,0.13712229306317836,0.000492627608806256,0.0005877978430187895,0.26516138571057546
rgg,12,509,4,2,8,1,11,0.2,0.32142517635762435,1.904982978098599,0.168728634351602,0.2029765986465712,True,0.023840211734064306,0.023840211734064306,0.82242647512703,0.788257349852075,0.11595060448598522,0.13584972961650005,0.25180033410248526,0.411213237563515,0.3509791561803553,0.3873730258294507,0.327138944446291,True,True,True,0,0.0,3,3,True,True,0.0,0.011212538316281218,0.000492627608806256,0.000607784095097851,0.2672603248180588
rgg,12,509,4,2,9,2,3,-0.2,0.46007111546197454,1.904982978098599,0.2415093052018662,0.31840773638777725,True,0.017028630560641887,0.017028630560641887,0.82242647512703,0.788257349852075,0.08282141237251238,0.09387297211858192,0.17669438449109431,0.411213237563515,0.36280156420595766,0.3941846070028731,0.34577293364531575,True,True,True,0,0.0,3,3,True,True,0.0,0.08631848792767216,0.000492627608806256,0.0005161510959203113,0.2549832246595024
rgg,12,509,4,2,9,2,3,-0.1,0.23003555773098786,1.904982978098599,0.1207546526009334,0.1373389725156271,True,0.008200164201385543,0.008200164201385543,0.82242647512703,0.788257349852075,0.03988278320013453,0.043304734865998784,0.08318751806613331,0.411213237563515,0.3787190581704264,0.4030130733621295,0.37051889396904086,True,True,True,0,0.0,3,3,True,True,0.0,0.17982535435263317,0.000492627608806256,0.0005038498280886442,0.259215279141393
rgg,12,509,4,2,9,2,3,-0.05,0.1150177788654936,1.904982978098599,0.06037732630046653,0.06425699165255946,True,0.004025611015808109,0.004025611015808109,0.82242647512703,0.788257349852075,0.019579189812372336,0.020831805133390124,0.04041099494576246,0.411213237563515,0.3864870077298951,0.4071876265477069,0.38246139671408697,True,True,True,0,0.0,3,3,True,True,0.0,0.22260187747300403,0.000492627608806256,0.0004981118009180642,0.2611645458768492
rgg,12,509,4,2,9,2,3,-0.02,0.04600711154619663,1.904982978098599,0.02415093052018619,0.024748633037135637,True,0.0015928617760223342,0.0015928617760223342,0.82242647512703,0.788257349852075,0.007747132779383371,0.008145815890818829,0.0158929486702022,0.411213237563515,0.3910871046858923,0.40962037578749266,0.38949424290986995,True,True,True,0,0.0,3,3,True,True,0.0,0.24711992374856429,0.000492627608806256,0.0004947917816319054,0.2622852012589606
rgg,12,509,4,2,9,2,3,0.02,0.04600711154619841,1.904982978098599,0.024150930520187124,0.024748633037136616,True,0.0015702351900803312,0.0015702351900803312,0.82242647512703,0.788257349852075,0.0076370848340591,0.008029221007902394,0.015666305841961492,0.411213237563515,0.3911301453864327,0.4096430023734347,0.3895599101963524,True,True,True,0,0.0,3,3,True,True,0.0,0.24734656657680498,0.000492627608806256,0.0004905017050804118,0.26372549967301284
rgg,12,509,4,2,9,2,3,0.05,0.11501777886549448,1.904982978098599,0.060377326300466994,0.06425699165255999,True,0.0038841621118550947,0.0038841621118550947,0.82242647512703,0.788257349852075,0.01889123090914677,0.02008600966795338,0.03897724057710015,0.411213237563515,0.38675298638854666,0.4073290754516599,0.38286882427669156,True,True,True,0,0.0,3,3,True,True,0.0,0.22403563184166633,0.000492627608806256,0.000487382667208784,0.26476713499689336
rgg,12,509,4,2,9,2,3,0.1,0.23003555773098872,1.904982978098599,0.12075465260093386,0.13733897251562768,True,0.007633900497214444,0.007633900497214444,0.82242647512703,0.788257349852075,0.037128670966169126,0.040203441784835585,0.07733211275100471,0.411213237563515,0.3797635305987106,0.40357933706630056,0.37212963010149613,True,True,True,0,0.0,3,3,True,True,0.0,0.18568075966776176,0.000492627608806256,0.0004823633728223545,0.2664336439748815
rgg,12,509,4,2,9,2,3,0.2,0.4600711154619763,1.904982978098599,0.24150930520186714,0.3184077363877789,True,0.01475606456353305,0.01475606456353305,0.82242647512703,0.788257349852075,0.07176843163398339,0.0804509437471397,0.15221937538112307,0.411213237563515,0.3668338462234056,0.39645717299998195,0.3520777816598725,True,True,True,0,0.0,3,3,True,True,0.0,0.11079349703764341,0.000492627608806256,0.00047295179612841964,0.2695261286961407
rgg,12,509,4,2,10,2,5,-0.2,0.3874695276793002,1.904982978098599,0.20339789495969207,0.2553318572380626,True,0.02386410333518554,0.02386410333518554,0.82242647512703,0.788257349852075,0.11606680503080617,0.13600167473107722,0.2520684797618834,0.411213237563515,0.3509383745806543,0.3873491342283295,0.3270742712454688,True,True,True,0,0.0,3,3,True,True,0.0,0.010944392656883073,0.000492627608806256,0.0004918187431730853,0.26411712856809744
rgg,12,509,4,2,10,2,5,-0.1,0.19373476383965008,1.904982978098599,0.10169894747984602,0.11321254405138786,True,0.011521076642409643,0.011521076642409643,0.82242647512703,0.788257349852075,0.05603456109863255,0.06183303001793298,0.11786759111656553,0.411213237563515,0.37265120726149986,0.3996921609211054,0.3611301306190902,True,True,True,0,0.0,3,3,True,True,0.0,0.14514528130220095,0.000492627608806256,0.0004922212130902757,0.26356473384494566
rgg,12,509,4,2,10,2,5,-0.05,0.09686738191982512,1.904982978098599,0.05084947373992305,0.05357366648711079,True,0.00566263184520203,0.00566263184520203,0.82242647512703,0.788257349852075,0.027541097065618633,0.02953733005549773,0.05707842712111636,0.411213237563515,0.38342205165886717,0.405550605718313,0.3777594198136651,True,True,True,0,0.0,3,3,True,True,0.0,0.20593444529765012,0.000492627608806256,0.000492424138462203,0.2632886619795738
rgg,12,509,4,2,10,2,5,-0.02,0.038746952767930054,1.904982978098599,0.020339789495969225,0.020762085953766045,True,0.0022421432083804265,0.0022421432083804265,0.82242647512703,0.788257349852075,0.010905014739629388,0.011502475005536928,0.022407489745166317,0.411213237563515,0.3898540457251382,0.40897109435513457,0.38761190251675776,True,True,True,0,0.0,3,3,True,True,0.0,0.24060538267360015,0.000492627608806256,0.0004925461799844457,0.2631231436651206
rgg,12,509,4,2,10,2,5,0.02,0.038746952767930054,1.904982978098599,0.020339789495969225,0.020762085953766045,True,0.002212260185816353,0.002212260185816353,0.82242647512703,0.788257349852075,0.010759673978027774,0.011347521986011536,0.02210719596403931,0.411213237563515,0.389910711526883,0.4090009773776987,0.3876984513410667,True,True,True,0,0.0,3,3,True,True,0.0,0.24090567645472716,0.000492627608806256,0.0004927090652781318,0.2629026736589002
rgg,12,509,4,2,10,2,5,0.05,0.09686738191982512,1.904982978098599,0.05084947373992305,0.05357366648711079,True,0.0054758282513676995,0.0054758282513676995,0.82242647512703,0.788257349852075,0.026632548523061184,0.028536989102617486,0.055169537625678666,0.411213237563515,0.3837705675028934,0.4057374093121473,0.3782947392515257,True,True,True,0,0.0,3,3,True,True,0.0,0.2078433347930878,0.000492627608806256,0.0004928312551989939,0.26273753648531867
rgg,12,509,4,2,10,2,5,0.1,0.19373476383965024,1.904982978098599,0.1016989474798461,0.11321254405138798,True,0.01077336635008766,0.01077336635008766,0.82242647512703,0.788257349852075,0.052397954958459385,0.05761021997402664,0.11000817493248602,0.411213237563515,0.37400886005798256,0.4004398712134274,0.3632354937078949,True,True,True,0,0.0,3,3,True,True,0.0,0.15300469748628046,0.000492627608806256,0.000493034755039488,0.26246283409982313
rgg,12,509,4,2,10,2,5,0.2,0.38746952767930015,1.904982978098599,0.20339789495969204,0.25533185723806257,True,0.02086531745272687,0.02086531745272687,0.82242647512703,0.788257349852075,0.10148174011301893,0.11718982853124045,0.21867156864425938,0.411213237563515,0.3560943422178418,0.39034792011078817,0.33522902476511496,True,True,True,0,0.0,3,3,True,True,0.0,0.044341303774507096,0.000492627608806256,0.0004934402238867985,0.26191605986555355
rgg,12,509,4,2,11,2,7,-0.2,0.37462709063396427,1.904982978098599,0.19665639795264048,0.24479736622218964,True,0.01824785073268344,0.01824785073268344,0.82242647512703,0.788257349852075,0.08875128067765534,0.10119239473139978,0.1899436754090551,0.411213237563515,0.36065656477682256,0.3929653868308316,0.34240871404413914,True,True,True,0,0.0,3,3,True,True,0.0,0.07306919700971137,0.000492627608806256,0.0007629844279608972,0.2725990454010728
rgg,12,509,4,2,11,2,7,-0.1,0.1873135453169821,1.904982978098599,0.09832819897632022,0.10905098602915932,True,0.008843180476028997,0.008843180476028997,0.82242647512703,0.788257349852075,0.0430101935843595,0.04684675793545195,0.08985695151981145,0.411213237563515,0.37753649839391745,0.402370057087486,0.36869331791788845,True,True,True,0,0.0,3,3,True,True,0.0,0.17315592089895504,0.000492627608806256,0.0006602948413243963,0.26759822939214495
rgg,12,509,4,2,11,2,7,-0.05,0.09365677265849116,1.904982978098599,0.04916409948816017,0.051706187641521406,True,0.004354218564935587,0.004354218564935587,0.82242647512703,0.788257349852075,0.02117742410596908,0.022568330128628498,0.043745754234597575,0.411213237563515,0.3858698042893436,0.40685901899857946,0.381515585724408,True,True,True,0,0.0,3,3,True,True,0.0,0.21926711818416889,0.000492627608806256,0.0005704143998178524,0.26525647041803696
rgg,12,509,4,2,11,2,7,-0.02,0.03746270906339532,1.904982978098599,0.01966563979526347,0.020060135188117268,True,0.0017258642504664246,0.0017258642504664246,0.82242647512703,0.788257349852075,0.008394011149506594,0.008831695114468664,0.01722570626397526,0.411213237563515,0.3908342007049134,0.4094873733130486,0.389108336454447,True,True,True,0,0.0,3,3,True,True,0.0,0.2457871661547912,0.000492627608806256,0.0005223471864236696,0.26389887644077054
rgg,12,509,4,2,11,2,7,0.02,0.037462709063397104,1.904982978098599,0.0196656397952644,0.020060135188118243,True,0.0017051596563139235,0.0017051596563139235,0.82242647512703,0.788257349852075,0.008293311112342529,0.008724865696212452,0.017018176808554983,0.411213237563515,0.3908735597051425,0.4095080779072011,0.3891684000488286,True,True,True,0,0.0,3,3,True,True,0.0,0.24599469561021148,0.000492627608806256,0.0004647054308743119,0.26214172908856526
rgg,12,509,4,2,11,2,7,0.05,0.09365677265849116,1.904982978098599,0.04916409948816017,0.051706187641521406,True,0.004224798473668794,0.004224798473668794,0.82242647512703,0.788257349852075,0.02054796921763124,0.021883754279133794,0.042431723496765036,0.411213237563515,0.38611276838336167,0.4069884390898462,0.38188796990969287,True,True,True,0,0.0,3,3,True,True,0.0,0.22058114892200142,0.000492627608806256,0.00042607857299475265,0.2608621766440796
rgg,12,509,4,2,11,2,7,0.1,0.18731354531698233,1.904982978098599,0.09832819897632034,0.10905098602915946,True,0.00832526615375397,0.00832526615375397,0.82242647512703,0.788257349852075,0.04049123614347687,0.0439921522200362,0.08448338836351307,0.411213237563515,0.37848869553430176,0.40288797140976107,0.3701634293805478,True,True,True,0,0.0,3,3,True,True,0.0,0.1785294840552534,0.000492627608806256,0.0003699686615476524,0.2587994516977514
rgg,12,509,4,2,11,2,7,0.2,0.3746270906339642,1.904982978098599,0.19665639795264045,0.24479736622218962,True,0.01617245089498822,0.01617245089498822,0.82242647512703,0.788257349852075,0.07865724844273897,0.08878267223791475,0.16743992068065372,0.411213237563515,0.3643154793009656,0.3950407866685268,0.3481430284059774,True,True,True,0,0.0,3,3,True,True,0.0,0.09557295173811275,0.000492627608806256,0.000286136792123093,0.25491969458700126
rgg,12,509,4,2,12,2,8,-0.2,0.4274629151739944,1.904982978098599,0.22439198674659735,0.2893110732641247,True,0.017156049948311828,0.017156049948311828,0.82242647512703,0.788257349852075,0.08344113652548428,0.09463402011259842,0.1780751566380827,0.411213237563515,0.36257679696792,0.3940571876152032,0.3454207470196082,True,True,True,0,0.0,3,3,True,True,0.0,0.08493771578068376,0.000492627608806256,0.00051894668746272,0.26891791934468245
rgg,12,509,4,2,12,2,8,-0.1,0.21373145758699696,1.904982978098599,0.11219599337329857,0.12637473196319338,True,0.008263151792689976,0.008263151792689976,0.82242647512703,0.788257349852075,0.04018913321784136,0.043650740140242617,0.08383987335808397,0.411213237563515,0.37860305534989025,0.40295008577082503,0.37033990355720026,True,True,True,0,0.0,3,3,True,True,0.0,0.17917299906068251,0.000492627608806256,0.0005053048597017769,0.2658027129786717
rgg,12,509,4,2,12,2,8,-0.05,0.1068657287934991,1.904982978098599,0.05609799668664961,0.05943201358798956,True,0.004056809253131766,0.004056809253131766,0.82242647512703,0.788257349852075,0.019730927326993754,0.020996436044885908,0.04072736337187966,0.411213237563515,0.38642836760097493,0.40715642831038323,0.38237155834784314,True,True,True,0,0.0,3,3,True,True,0.0,0.22228550904688682,0.000492627608806256,0.0004988511487549382,0.26436997856205013
rgg,12,509,4,2,12,2,8,-0.02,0.042746291517399504,1.904982978098599,0.02243919867465977,0.02295427419372539,True,0.001605258044040893,0.001605258044040893,0.82242647512703,0.788257349852075,0.0078074239708440735,0.008209704746813236,0.01601712871765731,0.411213237563515,0.39106352628917784,0.40960797951947414,0.38945826824513696,True,True,True,0,0.0,3,3,True,True,0.0,0.24699574370110916,0.000492627608806256,0.0004950900779626069,0.263546977500675
rgg,12,509,4,2,12,2,8,0.02,0.042746291517399504,1.904982978098599,0.02243919867465977,0.02295427419372539,True,0.0015825084153313449,0.0015825084153313449,0.82242647512703,0.788257349852075,0.007696777587744433,0.008092461811514238,0.01578923939925867,0.411213237563515,0.3911067984478337,0.40963072914818366,0.38952429003250233,True,True,True,0,0.0,3,3,True,True,0.0,0.2472236330195078,0.000492627608806256,0.0004902003046521157,0.26249004250382435
rgg,12,509,4,2,12,2,8,0.05,0.10686572879349822,1.904982978098599,0.056097996686649144,0.05943201358798904,True,0.003914593834277131,0.003914593834277131,0.82242647512703,0.788257349852075,0.019039240358464833,0.020246376430571308,0.03928561678903614,0.411213237563515,0.3866957475280598,0.4072986437292379,0.3827811536937827,True,True,True,0,0.0,3,3,True,True,0.0,0.22372725562973034,0.000492627608806256,0.00048662388382683436,0.26172626507842567
rgg,12,509,4,2,12,2,8,0.1,0.2137314575869971,1.904982978098599,0.11219599337329864,0.1263747319631935,True,0.0076938578936091495,0.0076938578936091495,0.82242647512703,0.788257349852075,0.03742028315623363,0.040531021140403065,0.07795130429663669,0.411213237563515,0.37965280306937943,0.40351937966990586,0.3719589451757703,True,True,True,0,0.0,3,3,True,True,0.0,0.1850615681221298,0.000492627608806256,0.0004808300989717282,0.2605054420430061
rgg,12,509,4,2,12,2,8,0.2,0.427462915173994,1.904982978098599,0.22439198674659716,0.2893110732641243,True,0.01487194431127447,0.01487194431127447,0.82242647512703,0.788257349852075,0.0723320309404066,0.08112843808937009,0.1534604690297767,0.411213237563515,0.36662715717247557,0.39634129325224055,0.3517552128612011,True,True,True,0,0.0,3,3,True,True,0.0,0.10955240338898978,0.000492627608806256,0.00046983517299165777,0.2582441404424059
rgg,12,509,4,2,13,2,9,-0.2,0.44829338454325723,1.904982978098599,0.23532671404271951,0.3077480518338212,True,0.04846402900617303,0.04846402900617303,0.82242647512703,0.788257349852075,0.23571239726292806,0.3113006817679296,0.5470130790308576,0.411213237563515,0.3113647469767015,0.362749208557342,0.2629007179705285,True,True,True,0,3.0,3,3,False,False,3.0,inf,0.000492627608806256,0.0004163696886333234,0.2947260794899011
rgg,12,509,4,2,13,2,9,-0.1,0.22414669227162842,1.904982978098599,0.11766335702135966,0.13335426784967838,True,0.024031188213921886,0.024031188213921886,0.82242647512703,0.788257349852075,0.11687944851342527,0.13706523242585594,0.25394468093928124,0.411213237563515,0.3506533026443642,0.38718204934959316,0.3266221144304423,True,True,True,0,0.0,3,3,True,True,0.0,0.009068191479485233,0.000492627608806256,0.0004440804017846074,0.27928357994517383
rgg,12,509,4,2,13,2,9,-0.05,0.11207334613581477,1.904982978098599,0.05883167851068012,0.06250919964835187,True,0.011959093095284217,0.011959093095284217,0.82242647512703,0.788257349852075,0.05816492273518818,0.06432072249861948,0.12248564523380766,0.411213237563515,0.3718581704532593,0.3992541444682308,0.3598990773579751,True,True,True,0,0.0,3,3,True,True,0.0,0.1405272271849588,0.000492627608806256,0.00046572501144301033,0.2712450604461822
rgg,12,509,4,2,13,2,9,-0.02,0.04482933845432546,1.904982978098599,0.023532671404271815,0.024099804176873477,True,0.00476931222573405,0.00476931222573405,0.82242647512703,0.788257349852075,0.023196297152264674,0.02476975671355371,0.047966053865818384,0.411213237563515,0.38509156798656324,0.40644392533778095,0.3803222557608292,True,True,True,0,0.0,3,3,True,True,0.0,0.2150468185529481,0.000492627608806256,0.00048123449685286227,0.2663281040770502
rgg,12,509,4,2,13,2,9,0.02,0.044829338454326344,1.904982978098599,0.023532671404272277,0.024099804176873962,True,0.004749353961836999,0.004749353961836999,0.82242647512703,0.788257349852075,0.023099227009215264,0.024663707847839292,0.04776293485705456,0.411213237563515,0.3851289506944978,0.406463883601678,0.3803795967326608,True,True,True,0,0.0,3,3,True,True,0.0,0.2152499375617119,0.000492627608806256,0.0005048632480342427,0.25966888011632117
rgg,12,509,4,2,13,2,9,0.05,0.11207334613581453,1.904982978098599,0.05883167851068,0.06250919964835173,True,0.011834408969268385,0.011834408969268385,0.82242647512703,0.788257349852075,0.05755850195576678,0.06361153500502854,0.12117003696079533,0.411213237563515,0.37208374136335065,0.3993788285942466,0.36024933239408224,True,True,True,0,0.0,3,3,True,True,0.0,0.14184283545797116,0.000492627608806256,0.0005247936488286365,0.25460095216387535
rgg,12,509,4,2,13,2,9,0.1,0.22414669227162867,1.904982978098599,0.1176633570213598,0.13335426784967855,True,0.023533236369755732,0.023533236369755732,0.82242647512703,0.788257349852075,0.11445758171207143,0.1339004126840907,0.24835799439616213,0.411213237563515,0.35150356743526034,0.3876800011937593,0.3279703310655046,True,True,True,0,0.0,3,3,True,True,0.0,0.014654878022604345,0.000492627608806256,0.0005621950357389092,0.24602354760336442
rgg,12,509,4,2,13,2,9,0.2,0.44829338454325773,1.904982978098599,0.2353267140427198,0.30774805183382165,True,0.046484690002100364,0.046484690002100364,0.82242647512703,0.788257349852075,0.2260855719408617,0.2957260740979274,0.5218116460387892,0.411213237563515,0.31437667540067715,0.36472854756141465,0.2678919853985768,True,True,True,0,3.0,3,3,False,False,3.0,inf,0.000492627608806256,0.0006524333755431873,0.22843019512737733
rgg,12,509,4,2,14,2,10,-0.2,0.47213335365488857,1.904982978098599,0.24784124534599997,0.32950656202892864,True,0.014902103658299722,0.014902103658299722,0.82242647512703,0.788257349852075,0.0724787156493131,0.08130488665548068,0.15378360230479377,0.411213237563515,0.36657338251870464,0.3963111339052153,0.3516712788604049,True,True,True,0,0.0,3,3,True,True,0.0,0.10922927011397271,0.000492627608806256,0.000499317161440145,0.2603920435951742
rgg,12,509,4,2,14,2,10,-0.1,0.23606667682744467,1.904982978098599,0.12392062267300019,0.1414490808482373,True,0.007125567020925925,0.007125567020925925,0.82242647512703,0.788257349852075,0.03465631147064096,0.03743367250789777,0.07208998397853872,0.411213237563515,0.38070360419072274,0.4040876705425891,0.3735780371697968,True,True,True,0,0.0,3,3,True,True,0.0,0.19092288844022776,0.000492627608806256,0.0004986954057903506,0.26180616477795693
rgg,12,509,4,2,14,2,10,-0.05,0.11803333841372197,1.904982978098599,0.06196031133649991,0.0660529741814866,True,0.0034864204967607676,0.0034864204967607676,0.82242647512703,0.788257349852075,0.016956752255439068,0.017994341258874728,0.034951093514313795,0.411213237563515,0.3875018759068249,0.40772681706675423,0.3840154554100641,True,True,True,0,0.0,3,3,True,True,0.0,0.22806177890445267,0.000492627608806256,0.000495591191324504,0.26243307303462055
rgg,12,509,4,2,14,2,10,-0.02,0.04721333536548821,1.904982978098599,0.024784124534599657,0.025413987977556233,True,0.001376837427162222,0.001376837427162222,0.82242647512703,0.788257349852075,0.006696464517145117,0.007033684163848148,0.013730148680993265,0.411213237563515,0.3914982234314458,0.4098364001363528,0.3901213860042836,True,True,True,0,0.0,3,3,True,True,0.0,0.24928272373777322,0.000492627608806256,0.0004937967461304764,0.26278633132916307
rgg,12,509,4,2,14,2,10,0.02,0.047213335365489544,1.904982978098599,0.024784124534600358,0.025413987977556965,True,0.0013538601446507954,0.0013538601446507954,0.82242647512703,0.788257349852075,0.006584710904116657,0.006915529998970309,0.013500240903086966,0.411213237563515,0.39154197721718476,0.40985937741886425,0.390188117072534,True,True,True,0,0.0,3,3,True,True,0.0,0.2495126315156795,0.000492627608806256,0.0004914795544330411,0.26323254177618394
rgg,12,509,4,2,14,2,10,0.05,0.11803333841372286,1.904982978098599,0.06196031133650037,0.06605297418148713,True,0.0033427651858490867,0.0033427651858490867,0.82242647512703,0.788257349852075,0.016258062146322666,0.017240847863173345,0.03349891000949601,0.411213237563515,0.38777271423979937,0.40787047237766594,0.3844299490539503,True,True,True,0,0.0,3,3,True,True,0.0,0.22951396240927047,0.000492627608806256,0.000489795842316319,0.26354969403590334
rgg,12,509,4,2,14,2,10,0.1,0.2360666768274449,1.904982978098599,0.1239206226730003,0.14144908084823746,True,0.006550269311374642,0.006550269311374642,0.82242647512703,0.788257349852075,0.03185826093627593,0.034315235644421876,0.06617349658069781,0.411213237563515,0.3817703237855762,0.4046629682521404,0.37522005447420154,True,True,True,0,0.0,3,3,True,True,0.0,0.19683937583806865,0.000492627608806256,0.0004870877565387539,0.26404724747056707
rgg,12,509,4,2,14,2,10,0.2,0.47213335365488934,1.904982978098599,0.24784124534600038,0.32950656202892936,True,0.012590037954819439,0.012590037954819439,0.82242647512703,0.788257349852075,0.061233621900972056,0.0679223066081081,0.12915592850908014,0.411213237563515,0.37071879868451135,0.3986231996086956,0.3581287607296919,True,True,True,0,0.0,3,3,True,True,0.0,0.13385694390968633,0.000492627608806256,0.0004820131327113161,0.2649375675325102
rgg,12,509,4,2,15,2,11,-0.2,0.4168093622124729,1.904982978098599,0.218799520523012,0.2800811395680374,True,0.013729917094227613,0.013729917094227613,0.82242647512703,0.788257349852075,0.0667776026646366,0.07448366216876467,0.1412612648334013,0.411213237563515,0.368669227437245,0.3974833204692874,0.3549393103430174,True,True,True,0,0.0,3,3,True,True,0.0,0.12175160758536518,0.000492627608806256,0.0005032060049738779,0.25810006979816325
rgg,12,509,4,2,15,2,11,-0.1,0.20840468110623608,1.904982978098599,0.1093997602615058,0.12283823356439777,True,0.006625272914631511,0.006625272914631511,0.82242647512703,0.788257349852075,0.0322230527104964,0.034720824472943716,0.06694387718344011,0.411213237563515,0.38163108251039773,0.4045879646488835,0.37500580959576624,True,True,True,0,0.0,3,3,True,True,0.0,0.19606899523532637,0.000492627608806256,0.000497732621521793,0.26068146963127453
rgg,12,509,4,2,15,2,11,-0.05,0.10420234055311818,1.904982978098599,0.05469988013075298,0.05786509382683566,True,0.003255635290699317,0.003255635290699317,0.82242647512703,0.788257349852075,0.01583429225182207,0.01678434723876376,0.03261863949058583,0.411213237563515,0.3879370754652129,0.4079576022728157,0.38468144017451356,True,True,True,0,0.0,3,3,True,True,0.0,0.23039423292818065,0.000492627608806256,0.0004951361701261094,0.26187635908408596
rgg,12,509,4,2,15,2,11,-0.02,0.0416809362212478,1.904982978098599,0.021879952052301466,0.02236939330525962,True,0.0012889273204955759,0.0012889273204955759,0.82242647512703,0.788257349852075,0.006268899941707208,0.006581773614904688,0.012850673556611895,0.411213237563515,0.39166564999341474,0.40992431024301945,0.3903767226729192,True,True,True,0,0.0,3,3,True,True,0.0,0.25016219886215457,0.000492627608806256,0.0004936207430837927,0.26256502731389036
rgg,12,509,4,2,15,2,11,0.02,0.041680936221247356,1.904982978098599,0.021879952052301234,0.022369393305259378,True,0.0012715558181891511,0.0012715558181891511,0.82242647512703,0.788257349852075,0.006184410918886091,0.00649251927117067,0.012676930190056761,0.411213237563515,0.3916987428394267,0.40994168174532586,0.3904271870212375,True,True,True,0,0.0,3,3,True,True,0.0,0.2503359422287097,0.000492627608806256,0.0004916479048046919,0.26345197604266746
rgg,12,509,4,2,15,2,11,0.05,0.1042023405531176,1.904982978098599,0.054699880130752665,0.057865093826835315,True,0.0031470411702313847,0.0031470411702313847,0.82242647512703,0.788257349852075,0.015306127734982269,0.01621592599701284,0.03152205373199511,0.411213237563515,0.3881420241817958,0.4080661963932836,0.3849949830115644,True,True,True,0,0.0,3,3,True,True,0.0,0.23149081868677135,0.000492627608806256,0.0004902030007660351,0.264094731465327
rgg,12,509,4,2,15,2,11,0.1,0.20840468110623725,1.904982978098599,0.10939976026150641,0.12283823356439855,True,0.00619057863472331,0.00619057863472331,0.82242647512703,0.788257349852075,0.03010884898260177,0.0323742200211604,0.06248306900376217,0.411213237563515,0.38243878188738023,0.4050226589287917,0.3762482032526569,True,True,True,0,0.0,3,3,True,True,0.0,0.20052980341500432,0.000492627608806256,0.0004878586100071683,0.2651253715220355
rgg,12,509,4,2,15,2,11,0.2,0.41680936221247133,1.904982978098599,0.21879952052301116,0.28008113956803604,True,0.011986041976576205,0.011986041976576205,0.82242647512703,0.788257349852075,0.05829599284106154,0.06447411429317887,0.12277010713424041,0.411213237563515,0.3718094341574936,0.3992271955869388,0.3598233921809174,True,True,True,0,0.0,3,3,True,True,0.0,0.14024276528452606,0.000492627608806256,0.00048339648195737747,0.2670454532030165
rgg,12,509,4,2,16,3,4,-0.2,0.3348664361544791,1.904982978098599,0.17578447681916606,0.21327489215536008,True,0.030441560198160092,0.030441560198160092,0.82242647512703,0.788257349852075,0.14805729688338723,0.1791262923445027,0.3271835892278899,0.411213237563515,0.339889357388291,0.38077167736535494,0.30944779719013094,True,True,True,0,2.0,3,3,True,False,2.0,0.07092070151408558,0.000492627608806256,0.0006387692999542153,0.2834507736548394
rgg,12,509,4,2,16,3,4,-0.1,0.1674332180772391,1.904982978098599,0.0878922384095828,0.09636168236999487,True,0.014684715183707892,0.014684715183707892,0.82242647512703,0.788257349852075,0.07142141274787987,0.08003416448842052,0.15145557723630038,0.411213237563515,0.36696116658611466,0.3965285223798071,0.35227645140240677,True,True,True,0,0.0,3,3,True,True,0.0,0.1115572951824661,0.000492627608806256,0.0005606312805025385,0.2726554391699087
rgg,12,509,4,2,16,3,4,-0.05,0.08371660903861966,1.904982978098599,0.04394611920479145,0.04596615325512698,True,0.0072137565519767586,0.0072137565519767586,0.82242647512703,0.788257349852075,0.035085235070344924,0.03791322848869546,0.07299846355904038,0.411213237563515,0.3805403464454458,0.40399948101153826,0.37332658989346906,True,True,True,0,0.0,3,3,True,True,0.0,0.1900144088597261,0.000492627608806256,0.0005254442647306849,0.2676995902883391
rgg,12,509,4,2,16,3,4,-0.02,0.0334866436154484,1.904982978098599,0.01757844768191686,0.01789297846778651,True,0.0028553140199642393,0.0028553140199642393,0.82242647512703,0.788257349852075,0.013887267038786484,0.014691867523944304,0.028579134562730788,0.411213237563515,0.3886931345263965,0.40835792354355077,0.3858378205064322,True,True,True,0,0.0,3,3,True,True,0.0,0.2344337378560357,0.000492627608806256,0.0005054797613423628,0.26485640676817745
rgg,12,509,4,2,16,3,4,0.02,0.0334866436154484,1.904982978098599,0.01757844768191686,0.01789297846778651,True,0.0028158362208026183,0.0028158362208026183,0.82242647512703,0.788257349852075,0.013695260578121302,0.014485954928882465,0.028181215507003768,0.411213237563515,0.38876777328477435,0.4083974013427124,0.38595193706397174,True,True,True,0,0.0,3,3,True,True,0.0,0.23483165691176272,0.000492627608806256,0.0004801302762744007,0.2612095982920779
rgg,12,509,4,2,16,3,4,0.05,0.08371660903861966,1.904982978098599,0.04394611920479145,0.04596615325512698,True,0.006966996735770305,0.006966996735770305,0.82242647512703,0.788257349852075,0.03388508004776573,0.036572417827292224,0.07045749787505795,0.411213237563515,0.38099732802304215,0.40424624082774474,0.37403033128727187,True,True,True,0,0.0,3,3,True,True,0.0,0.19255537454370852,0.000492627608806256,0.0004620291893063163,0.2585778658785245
rgg,12,509,4,2,16,3,4,0.1,0.1674332180772401,1.904982978098599,0.08789223840958332,0.09636168236999551,True,0.013697340023148243,0.013697340023148243,0.82242647512703,0.788257349852075,0.0666191589760414,0.0742951617263739,0.1409143207024153,0.411213237563515,0.36872764537736646,0.39751589754036676,0.3550303053542182,True,True,True,0,0.0,3,3,True,True,0.0,0.12209855171635117,0.000492627608806256,0.00043350560709528327,0.2543783647120374
rgg,12,509,4,2,16,3,4,0.2,0.3348664361544791,1.904982978098599,0.17578447681916606,0.21327489215536008,True,0.026486738030754707,0.026486738030754707,0.82242647512703,0.788257349852075,0.1288223997247347,0.15288585133447824,0.28170825105921293,0.411213237563515,0.34649037565690705,0.38472649953276034,0.32000363762615236,True,True,True,0,2.0,3,3,True,False,2.0,0.11639603968276258,0.000492627608806256,0.000382151553684339,0.24662664747587232
rgg,12,509,4,2,17,3,5,-0.2,0.4811823668258038,1.904982978098599,0.25259142593813694,0.33795628616541656,False,0.021912155668727902,0.021912155668727902,0.82242647512703,0.788257349852075,0.10657320177025383,0.12369758490858412,0.23027078667883794,0.411213237563515,0.35428590921838254,0.3893010818947871,0.33237375354965465,True,True,True,0,0.0,3,3,True,True,0.0,0.03274208573992854,0.000492627608806256,0.0005081785720097585,0.2754617229548102
rgg,12,509,4,2,17,3,5,-0.1,0.24059118341290173,1.904982978098599,0.12629571296906839,0.14455201244147856,True,0.01021634432372382,0.01021634432372382,0.82242647512703,0.788257349852075,0.04968879107227587,0.05448375757195305,0.10417254864422892,0.411213237563515,0.37502348512698597,0.4009968932397912,0.36480714080326215,True,True,True,0,0.0,3,3,True,True,0.0,0.15884032377453755,0.000492627608806256,0.0004998379858785441,0.2687065634996266
rgg,12,509,4,2,17,3,5,-0.05,0.12029559170645145,1.904982978098599,0.0631478564845345,0.06740429311244038,True,0.004941779700622919,0.004941779700622919,0.82242647512703,0.788257349852075,0.02403511973448872,0.025687016425489248,0.04972213615997797,0.411213237563515,0.38476867992494346,0.4062714578628921,0.37982690022432053,True,True,True,0,0.0,3,3,True,True,0.0,0.2132907362587885,0.000492627608806256,0.0004961058473004954,0.2657426322555958
rgg,12,509,4,2,17,3,5,-0.02,0.048118236682580084,1.904982978098599,0.02525914259381354,0.025913700448577527,True,0.0019388712331404527,0.0019388712331404527,0.82242647512703,0.788257349852075,0.009430003978609658,0.009931991249334431,0.019361995227944087,0.411213237563515,0.3904295089406934,0.40927436633037456,0.38849063770755293,True,True,True,0,0.0,3,3,True,True,0.0,0.2436508771908224,0.000492627608806256,0.0004939900595521745,0.2640784058652923
rgg,12,509,4,2,17,3,5,0.02,0.048118236682580084,1.904982978098599,0.02525914259381354,0.025913700448577527,True,0.001890672028740276,0.001890672028740276,0.82242647512703,0.788257349852075,0.009195579597304415,0.009682817603592039,0.018878397200896454,0.411213237563515,0.39052104586559444,0.40932256553477475,0.38863037383685417,True,True,True,0,0.0,3,3,True,True,0.0,0.24413447521787002,0.000492627608806256,0.0004913018659111067,0.2619806564749135
rgg,12,509,4,2,17,3,5,0.05,0.12029559170645145,1.904982978098599,0.0631478564845345,0.06740429311244038,True,0.004640268957409276,0.004640268957409276,0.82242647512703,0.788257349852075,0.022568675001336996,0.024084440798346145,0.04665311579968314,0.411213237563515,0.3853333358462629,0.40657296860610576,0.3806930668888536,True,True,True,0,0.0,3,3,True,True,0.0,0.21635975661908333,0.000492627608806256,0.0004893789969665047,0.26049159250386505
rgg,12,509,4,2,17,3,5,0.1,0.24059118341290267,1.904982978098599,0.12629571296906889,0.1445520124414792,True,0.009006490792190439,0.009006490792190439,0.82242647512703,0.788257349852075,0.04380447889058687,0.04774980641942389,0.09155428531001075,0.411213237563515,0.37723674576099375,0.40220674677132456,0.3682302549688033,True,True,True,0,0.0,3,3,True,True,0.0,0.17145858710875572,0.000492627608806256,0.0004863386422397056,0.25815662548559415
rgg,12,509,4,2,17,3,5,0.2,0.4811823668258046,1.904982978098599,0.2525914259381374,0.33795628616541734,False,0.017010846212861676,0.017010846212861676,0.82242647512703,0.788257349852075,0.08273491541105468,0.09376682224186793,0.1765017376529226,0.411213237563515,0.3628329467961034,0.3942023913506533,0.3458221005832417,True,True,True,0,0.0,3,3,True,True,0.0,0.08651113476584388,0.000492627608806256,0.0004808093673140328,0.25397126415637805
rgg,12,509,4,2,18,3,8,-0.2,0.49645033743977673,1.904982978098599,0.26060618029001686,0.3524592353128351,False,0.022702885236585,0.022702885236585,0.82242647512703,0.788257349852075,0.11041903889622895,0.12865521518654482,0.23907425408277377,0.411213237563515,0.3529259999863471,0.38851035232693004,0.3302231147497621,True,True,True,0,0.0,3,3,True,True,0.0,0.0239386183359927,0.000492627608806256,0.0004778724139635925,0.26806377262637837
rgg,12,509,4,2,18,3,8,-0.1,0.248225168719888,1.904982978098599,0.13030309014500824,0.14982586308917004,True,0.010917201167330078,0.010917201167330078,0.82242647512703,0.788257349852075,0.053097518124736114,0.05842022624518556,0.11151774436992168,0.411213237563515,0.37374730873212836,0.40029603639618494,0.3628301075647983,True,True,True,0,0.0,3,3,True,True,0.0,0.1514951280488448,0.000492627608806256,0.00048540965847488477,0.2653749500553327
rgg,12,509,4,2,18,3,8,-0.05,0.12411258435994398,1.904982978098599,0.0651515450725041,0.06969209258366595,True,0.005355639242446292,0.005355639242446292,0.82242647512703,0.788257349852075,0.026047990449816552,0.027894319827451972,0.05394231027726852,0.411213237563515,0.38399496926794263,0.4058575983210687,0.3786393300254963,True,True,True,0,0.0,3,3,True,True,0.0,0.20907056214149794,0.000492627608806256,0.0004890582164201471,0.2641562708184422
rgg,12,509,4,2,18,3,8,-0.02,0.04964503374397711,1.904982978098599,0.02606061802900139,0.026757946656044973,True,0.0021182229617494825,0.0021182229617494825,0.82242647512703,0.788257349852075,0.010302309207262847,0.01086020116971332,0.021162510376976168,0.411213237563515,0.3900890837375525,0.40909501460176556,0.38797086077580306,True,True,True,0,0.0,3,3,True,True,0.0,0.2418503620417903,0.000492627608806256,0.0004912092965830714,0.2634615745797462
rgg,12,509,4,2,18,3,8,0.02,0.049645033743977995,1.904982978098599,0.026060618029001857,0.026757946656045466,True,0.002086941770227917,0.002086941770227917,0.82242647512703,0.788257349852075,0.010150168231904611,0.010698193679406843,0.020848361911311453,0.411213237563515,0.3901484367861298,0.40912629579328713,0.3880614950159019,True,True,True,0,0.0,3,3,True,True,0.0,0.24216451050745502,0.000492627608806256,0.0004940334009032185,0.2625752976755304
rgg,12,509,4,2,18,3,8,0.05,0.12411258435994399,1.904982978098599,0.06515154507250412,0.06969209258366596,True,0.005160088836950769,0.005160088836950769,0.82242647512703,0.788257349852075,0.025096900418502478,0.026850265621042254,0.05194716603954473,0.411213237563515,0.3843603567859578,0.40605314872656423,0.379200267949007,True,True,True,0,0.0,3,3,True,True,0.0,0.21106570637922173,0.000492627608806256,0.0004961187622078082,0.26193905525717903
rgg,12,509,4,2,18,3,8,0.1,0.2482251687198889,1.904982978098599,0.1303030901450087,0.14982586308917065,True,0.01013438565816174,0.01013438565816174,0.82242647512703,0.788257349852075,0.049290172262980256,0.05402513233560325,0.10331530459858351,0.411213237563515,0.37517300634108947,0.4010788519053533,0.36503862068292775,True,True,True,0,0.0,3,3,True,True,0.0,0.15969756782018296,0.000492627608806256,0.0004995327724764682,0.2609296186813002
rgg,12,509,4,2,18,3,8,0.2,0.49645033743977657,1.904982978098599,0.26060618029001675,0.3524592353128349,False,0.01956178904893547,0.01956178904893547,0.82242647512703,0.788257349852075,0.09514182551535201,0.1091742214422636,0.20431604695761563,0.411213237563515,0.35835912160419026,0.39165144851457956,0.3387973325552548,True,True,True,0,0.0,3,3,True,True,0.0,0.05869682546115085,0.000492627608806256,0.0005061344059698147,0.25908529488624976
rgg,12,509,4,2,19,3,10,-0.2,0.3197157959664521,1.904982978098599,0.16783131379240288,0.20167943900563307,True,0.006463454789181446,0.006463454789181446,0.82242647512703,0.788257349852075,0.03143602490755477,0.03384614182536606,0.06528216673292084,0.411213237563515,0.381931555007395,0.4047497827743336,0.3754681002182136,True,True,True,0,0.0,3,3,True,True,0.0,0.19773070568584564,0.000492627608806256,0.000493512761089416,0.26284476966384984
rgg,12,509,4,2,19,3,10,-0.1,0.15985789798322605,1.904982978098599,0.08391565689620144,0.09160254459964418,True,0.003150694075069493,0.003150694075069493,0.82242647512703,0.788257349852075,0.015323894209912658,0.01623503695038349,0.03155893116029615,0.411213237563515,0.38813512832751146,0.4080625434884455,0.38498443425244194,True,True,True,0,0.0,3,3,True,True,0.0,0.23145394125847032,0.000492627608806256,0.0004930528566929958,0.26293275072004413
rgg,12,509,4,2,19,3,10,-0.05,0.07992894899161264,1.904982978098599,0.04195782844810052,0.04379538781694179,True,0.0015558297964738512,0.0015558297964738512,0.82242647512703,0.788257349852075,0.007567021945559529,0.007955003278132937,0.015522025223692466,0.411213237563515,0.3911575500542116,0.4096574077670412,0.38960172025773776,True,True,True,0,0.0,3,3,True,True,0.0,0.247490847195074,0.000492627608806256,0.0004928361530961407,0.2629737284181573
rgg,12,509,4,2,19,3,10,-0.02,0.03197157959664465,1.904982978098599,0.016783131379239993,0.01706961293573318,True,0.0006177385388703049,0.0006177385388703049,0.82242647512703,0.788257349852075,0.003004468156377823,0.0031441371560188658,0.006148605312396689,0.411213237563515,0.3929463049585858,0.4105954990246447,0.3923285664197155,True,True,True,0,0.0,3,3,True,True,0.0,0.2568642671063698,0.000492627608806256,0.0004927100774577117,0.2629974271090596
rgg,12,509,4,2,19,3,10,0.02,0.03197157959664598,1.904982978098599,0.016783131379240694,0.0170696129357339,True,0.0006117168951679058,0.0006117168951679058,0.82242647512703,0.788257349852075,0.0029751809489032876,0.0031133972872710706,0.006088578236174359,0.411213237563515,0.39295781342707004,0.4106015206683471,0.3923460965319021,True,True,True,0,0.0,3,3,True,True,0.0,0.2569242941825921,0.000492627608806256,0.0004925463721192044,0.2630280432662834
rgg,12,509,4,2,19,3,10,0.05,0.0799289489916135,1.904982978098599,0.04195782844810097,0.04379538781694228,True,0.0015181899695817392,0.0015181899695817392,0.82242647512703,0.788257349852075,0.007383954750956883,0.0077611288036302205,0.015145083554587104,0.411213237563515,0.39122916472449604,0.40969504759393327,0.3897109747549143,True,True,True,0,0.0,3,3,True,True,0.0,0.24786778886417937,0.000492627608806256,0.0004924267666598474,0.2630503003646521
rgg,12,509,4,2,19,3,10,0.1,0.15985789798322614,1.904982978098599,0.08391565689620148,0.09160254459964422,True,0.0030000696769309104,0.0030000696769309104,0.82242647512703,0.788257349852075,0.014591308853317383,0.015447572022552414,0.030038880875869797,0.411213237563515,0.3884195746167761,0.4082131678865841,0.3854195049398452,True,True,True,0,0.0,3,3,True,True,0.0,0.23297399154289666,0.000492627608806256,0.0004922332033454364,0.2630861203685174
rgg,12,509,4,2,19,3,10,0.2,0.3197157959664521,1.904982978098599,0.16783131379240288,0.20167943900563307,True,0.005859913430567907,0.005859913430567907,0.82242647512703,0.788257349852075,0.02850060696143226,0.030595729945477622,0.05909633690690988,0.411213237563515,0.38305433085011686,0.4053533241329471,0.37719441741954896,True,True,True,0,0.0,3,3,True,True,0.0,0.2039165355118566,0.000492627608806256,0.0004918663709547451,0.26315332676014613
rgg,12,509,4,2,20,3,11,-0.2,0.49759603155453713,1.904982978098599,0.2612075998974004,0.3535602151038983,False,0.007760734932724602,0.007760734932724602,0.82242647512703,0.788257349852075,0.03774555011267553,0.04089662760909031,0.07864217772176585,0.411213237563515,0.3795293346388093,0.4034525026307904,0.37176859970608467,True,True,True,0,0.0,3,3,True,True,0.0,0.18437069469700063,0.000492627608806256,0.0004922329548700756,0.2634313867003134
rgg,12,509,4,2,20,3,11,-0.1,0.24879801577726865,1.904982978098599,0.13060379994870025,0.15022356888722752,True,0.0037428639961027566,0.0037428639961027566,0.82242647512703,0.788257349852075,0.018204005387957106,0.019342023563950456,0.03754602895190756,0.411213237563515,0.38701886425975446,0.4074703735674123,0.3832760002636517,True,True,True,0,0.0,3,3,True,True,0.0,0.2254668434668589,0.000492627608806256,0.0004924357909072655,0.26321200862066585
rgg,12,509,4,2,20,3,11,-0.05,0.1243990078886348,1.904982978098599,0.06530189997435037,0.06986416252751385,True,0.0018388465188858825,0.0018388465188858825,0.82242647512703,0.788257349852075,0.008943518111339296,0.009415026894828241,0.018358545006167536,0.411213237563515,0.39061949358763426,0.40937439104462914,0.3887806470687484,True,True,True,0,0.0,3,3,True,True,0.0,0.24465432741259893,0.000492627608806256,0.0004925330418239505,0.2631100771378626
rgg,12,509,4,2,20,3,11,-0.02,0.049759603155454135,1.904982978098599,0.026120759989740262,0.026821354143933784,True,0.0007279330182172944,0.0007279330182172944,0.82242647512703,0.788257349852075,0.0035404162693320864,0.0037069861602901893,0.007247402429622275,0.411213237563515,0.39273576255289305,0.41048530454529775,0.3920078295346758,True,True,True,0,0.0,3,3,True,True,0.0,0.2557654699891442,0.000492627608806256,0.0004925900992880303,0.26305120688208083
rgg,12,509,4,2,20,3,11,0.02,0.04975960315545324,1.904982978098599,0.026120759989739794,0.026821354143933288,True,0.000718032743310066,0.000718032743310066,0.82242647512703,0.788257349852075,0.003492264731381175,0.0036563931183367544,0.007148657849717929,0.411213237563515,0.3927546738391684,0.41049520482020496,0.39203664109585834,True,True,True,0,0.0,3,3,True,True,0.0,0.25586421456904856,0.000492627608806256,0.0004926647010295435,0.2629752458891339
rgg,12,509,4,2,20,3,11,0.05,0.1243990078886348,1.904982978098599,0.06530189997435037,0.06986416252751385,True,0.0017769546263532113,0.0017769546263532113,0.82242647512703,0.788257349852075,0.008642497196256952,0.00909539762099474,0.017737894817251694,0.411213237563515,0.39073709592453654,0.40943628293716183,0.38896014129818335,True,True,True,0,0.0,3,3,True,True,0.0,0.2452749776015148,0.000492627608806256,0.0004927195678505761,0.26292009393621407
rgg,12,509,4,2,20,3,11,0.1,0.24879801577726893,1.904982978098599,0.1306037999487004,0.15022356888722768,True,0.003495079391451408,0.003495079391451408,0.82242647512703,0.788257349852075,0.016998866146236677,0.01803979182172064,0.03503865796795731,0.411213237563515,0.387485557038767,0.40771815817206364,0.38399047764731564,True,True,True,0,0.0,3,3,True,True,0.0,0.22797421445080918,0.000492627608806256,0.0004928089972220774,0.2628314647801504
rgg,12,509,4,2,20,3,11,0.2,0.49759603155453713,1.904982978098599,0.2612075998974004,0.3535602151038983,False,0.006766107747674015,0.006766107747674015,0.82242647512703,0.788257349852075,0.03290802498365067,0.03548318908924982,0.0683912140729005,0.411213237563515,0.38136976530804056,0.404447129815841,0.37460365756036657,True,True,True,0,0.0,3,3,True,True,0.0,0.19462165834586598,0.000492627608806256,0.0004929805841591844,0.2626656521915461
rgg,12,509,4,2,21,4,6,-0.2,0.476848810778906,1.904982978098599,0.2503165730409089,0.3338963675057581,False,0.08524127340819362,0.08524127340819362,0.82242647512703,0.788257349852075,0.4145842867961052,0.6547772166074223,1.0693615034035275,0.411213237563515,0.26036725544560546,0.32597196415532137,0.17512598203741184,True,True,True,0,3.0,3,3,False,False,3.0,inf,0.000492627608806256,0.00032218853076086077,0.19114350719188553
rgg,12,509,4,2,21,4,6,-0.1,0.23842440538945375,1.904982978098599,0.12515828652045483,0.14306392184096645,True,0.040023287363387276,0.040023287363387276,0.82242647512703,0.788257349852075,0.19465952798859193,0.24674268049813136,0.4414022084867233,0.411213237563515,0.32441316826571787,0.37118995020012774,0.2843898809023306,True,True,True,0,3.0,3,3,False,False,3.0,inf,0.000492627608806256,0.0003899707405535188,0.2280908113937245
rgg,12,509,4,2,21,4,6,-0.05,0.11921220269472708,1.904982978098599,0.06257914326022752,0.06675672171181428,True,0.019380919459080773,0.019380919459080773,0.82242647512703,0.788257349852075,0.09426213793074811,0.10806968001784617,0.20233181794859428,0.411213237563515,0.3586745043731099,0.39183231810443425,0.3392935849140291,True,True,True,0,0.0,3,3,True,True,0.0,0.06068105447017219,0.000492627608806256,0.0004377487018961638,0.24583845992541598
rgg,12,509,4,2,21,4,6,-0.02,0.04768488107789071,1.904982978098599,0.025031657304090942,0.025674328291393843,True,0.007604204017736834,0.007604204017736834,0.82242647512703,0.788257349852075,0.03698423748609166,0.04004126348526787,0.07702550097135953,0.411213237563515,0.3798183851283614,0.4036090335457782,0.3722141811106246,True,True,True,0,0.0,3,3,True,True,0.0,0.18598737144740696,0.000492627608806256,0.000469920216150404,0.2562149340036084
rgg,12,509,4,2,21,4,6,0.02,0.04768488107788982,1.904982978098599,0.025031657304090474,0.025674328291393347,True,0.007410849906098855,0.007410849906098855,0.82242647512703,0.788257349852075,0.03604382947401684,0.0389864432544418,0.07503027272845864,0.411213237563515,0.38017573738299526,0.40380238765741616,0.3727648874768964,True,True,True,0,0.0,3,3,True,True,0.0,0.18798259969030784,0.000492627608806256,0.0005162372666991532,0.26971233626642555
rgg,12,509,4,2,21,4,6,0.05,0.11921220269472622,1.904982978098599,0.06257914326022707,0.06675672171181377,True,0.018172989990570855,0.018172989990570855,0.82242647512703,0.788257349852075,0.08838718373099017,0.10074057282758445,0.1891277565585746,0.411213237563515,0.3607879026392589,0.39304024757294415,0.34261491264868804,True,True,True,0,0.0,3,3,True,True,0.0,0.07388511586019186,0.000492627608806256,0.0005531569695284885,0.2795729901677231
rgg,12,509,4,2,21,4,6,0.1,0.23842440538945245,1.904982978098599,0.12515828652045413,0.14306392184096556,True,0.03519930497443964,0.03519930497443964,0.82242647512703,0.788257349852075,0.17119733393311706,0.21197083379164364,0.3831681677247607,0.411213237563515,0.3321146060031894,0.3760139325890754,0.2969153010287498,True,True,True,0,2.0,3,3,True,False,2.0,0.014936123017214809,0.000492627608806256,0.0006180459158256165,0.2954945090015449
rgg,12,509,4,2,21,4,6,0.2,0.47684881077890506,1.904982978098599,0.2503165730409084,0.3338963675057572,False,0.06607586946595798,0.06607586946595798,0.82242647512703,0.788257349852075,0.32137034234337875,0.4623855093590181,0.7837558517023968,0.411213237563515,0.28580423965948093,0.345137368097557,0.21972837019352295,True,True,True,0,3.0,3,3,False,False,3.0,inf,0.000492627608806256,0.0007565558327789273,0.3253897311766476
rgg,12,509,4,2,22,4,7,-0.2,0.3476272561632794,1.904982978098599,0.1824831298546578,0.22321634759930403,True,0.027552784892338054,0.027552784892338054,0.82242647512703,0.788257349852075,0.1340072856389129,0.15986599268944854,0.2938732783283614,0.411213237563515,0.3446985119075496,0.383660452671177,0.31714572701521154,True,True,True,0,2.0,3,3,True,False,2.0,0.1042310124136141,0.000492627608806256,0.000340318730883388,0.2492448325417536
rgg,12,509,4,2,22,4,7,-0.1,0.17381362808164014,1.904982978098599,0.09124156492732914,0.10040244074326837,True,0.013260105967562172,0.013260105967562172,0.82242647512703,0.788257349852075,0.0644926026512658,0.07177079197990952,0.13626339463117532,0.411213237563515,0.3695125998128602,0.39795313159595286,0.35625249384529806,True,True,True,0,0.0,3,3,True,True,0.0,0.12674947778759116,0.000492627608806256,0.0004121163305711479,0.2565542552055394
rgg,12,509,4,2,22,4,7,-0.05,0.08690681404082055,1.904982978098599,0.04562078246366482,0.04780152545801632,True,0.0065067504209614475,0.0065067504209614475,0.82242647512703,0.788257349852075,0.03164659999524665,0.03408003679950864,0.0657266367947553,0.411213237563515,0.38185113820389194,0.4047064871425536,0.3753443877829305,True,True,True,0,0.0,3,3,True,True,0.0,0.19728623562401118,0.000492627608806256,0.0004514717913920757,0.25988217334533853
rgg,12,509,4,2,22,4,7,-0.02,0.034762725616328205,1.904982978098599,0.01824831298546592,0.01858750356819684,True,0.0025738201925573113,0.0025738201925573113,0.82242647512703,0.788257349852075,0.012518177711435008,0.013225336830422579,0.02574351454185759,0.411213237563515,0.38922565459908554,0.4086394173709577,0.3866518344065282,True,True,True,0,0.0,3,3,True,True,0.0,0.2372693578769089,0.000492627608806256,0.0004759708979692941,0.2617833396078225
rgg,12,509,4,2,22,4,7,0.02,0.03476272561632732,1.904982978098599,0.018248312985465455,0.018587503568196356,True,0.0025361246386998194,0.0025361246386998194,0.82242647512703,0.788257349852075,0.01233483948000626,0.013029252736828673,0.025364092216834933,0.411213237563515,0.38929702108412906,0.4086771129248152,0.3867608964454292,True,True,True,0,0.0,3,3,True,True,0.0,0.23764878020193153,0.000492627608806256,0.0005095200261492328,0.26421309724315967
rgg,12,509,4,2,22,4,7,0.05,0.08690681404081967,1.904982978098599,0.045620782463664356,0.04780152545801581,True,0.0062711213632994905,0.0062711213632994905,0.82242647512703,0.788257349852075,0.030500581160551127,0.03280827542434871,0.06330885658489983,0.411213237563515,0.38228899764998736,0.40494211620021553,0.37601787628668787,True,True,True,0,0.0,3,3,True,True,0.0,0.19970401583386665,0.000492627608806256,0.0005352592239605108,0.26596031988088353
rgg,12,509,4,2,22,4,7,0.1,0.17381362808163933,1.904982978098599,0.09124156492732871,0.10040244074326786,True,0.01231713541333275,0.01231713541333275,0.82242647512703,0.788257349852075,0.059906317638572,0.0663618770648948,0.12626819470346679,0.411213237563515,0.37121118202512304,0.3988961021501823,0.3588940466117903,True,True,True,0,0.0,3,3,True,True,0.0,0.1367446777152997,0.000492627608806256,0.0005790797248704726,0.26873738669238384
rgg,12,509,4,2,22,4,7,0.2,0.34762725616327844,1.904982978098599,0.1824831298546573,0.2232163475993033,True,0.023773672656199982,0.023773672656199982,0.82242647512703,0.788257349852075,0.11562698125703191,0.13542673272640857,0.25105371398344045,0.411213237563515,0.35109275956953,0.387439564907315,0.32731908691333,True,True,True,0,0.0,3,3,True,True,0.0,0.011959158435326023,0.000492627608806256,0.0006693050347825485,0.27382690398247467
rgg,12,509,4,2,23,4,8,-0.2,0.3665861036182336,1.904982978098599,0.19243536967670463,0.23829098310022107,True,0.022109475864228033,0.022109475864228033,0.82242647512703,0.788257349852075,0.10753289945250391,0.12493132741679502,0.23246422686929893,0.411213237563515,0.3539460649524126,0.389103761699287,0.3318365890881846,True,True,True,0,0.0,3,3,True,True,0.0,0.03054864554946754,0.000492627608806256,0.0006116539557029182,0.25955647235144375
rgg,12,509,4,2,23,4,8,-0.1,0.18329305180911618,1.904982978098599,0.09621768483835198,0.10646112811041535,True,0.010580235877256934,0.010580235877256934,0.82242647512703,0.788257349852075,0.05145863464875805,0.05652434175654031,0.10798297640529836,0.411213237563515,0.3743603392261607,0.4006330016862581,0.36378010334890376,True,True,True,0,0.0,3,3,True,True,0.0,0.15502989601346812,0.000492627608806256,0.0005479160567130159,0.2614000610048836
rgg,12,509,4,2,23,4,8,-0.05,0.09164652590455814,1.904982978098599,0.04810884241917602,0.0505402766230562,True,0.005178290144998983,0.005178290144998983,0.82242647512703,0.788257349852075,0.025185425331543013,0.02694736062938225,0.052132785960925264,0.411213237563515,0.38432633282480344,0.40603494741851603,0.37914804267980445,True,True,True,0,0.0,3,3,True,True,0.0,0.2108800864578412,0.000492627608806256,0.0005193002693554923,0.26223305046196826
rgg,12,509,4,2,23,4,8,-0.02,0.03665861036182472,1.904982978098599,0.019243536967671174,0.019621116651297406,True,0.002045295264031499,0.002045295264031499,0.82242647512703,0.788257349852075,0.009947613924834254,0.010482579602091814,0.020430193526926068,0.411213237563515,0.3902274710364913,0.4091679422994835,0.3881821757724598,True,True,True,0,0.0,3,3,True,True,0.0,0.2425826788918404,0.000492627608806256,0.0005030734640847032,0.2627070568368307
rgg,12,509,4,2,23,4,8,0.02,0.03665861036182295,1.904982978098599,0.019243536967670245,0.019621116651296438,True,0.002011516842358351,0.002011516842358351,0.82242647512703,0.788257349852075,0.00978332727942717,0.010307764334510954,0.020091091613938124,0.411213237563515,0.3902915854650816,0.4092017207211567,0.38828006862272324,True,True,True,0,0.0,3,3,True,True,0.0,0.24292178080482835,0.000492627608806256,0.00048246835617089866,0.26331083210314604
rgg,12,509,4,2,23,4,8,0.05,0.09164652590455814,1.904982978098599,0.04810884241917602,0.0505402766230562,True,0.004967117753864638,0.004967117753864638,0.82242647512703,0.788257349852075,0.024158355325793367,0.025821903790332168,0.04998025911612554,0.411213237563515,0.38472126565078046,0.40624611980965036,0.3797541478969158,True,True,True,0,0.0,3,3,True,True,0.0,0.21303261330264095,0.000492627608806256,0.0004677471264950738,0.2637435708708369
rgg,12,509,4,2,23,4,8,0.1,0.1832930518091163,1.904982978098599,0.09621768483835204,0.10646112811041542,True,0.009734727978192645,0.009734727978192645,0.82242647512703,0.788257349852075,0.04734637452759065,0.051793832980903266,0.09914020750849392,0.411213237563515,0.37590297600804734,0.4014785095853224,0.3661682480298547,True,True,True,0,0.0,3,3,True,True,0.0,0.16387266491027255,0.000492627608806256,0.00044452091301416417,0.26442884453623666
rgg,12,509,4,2,23,4,8,0.2,0.36658610361823235,1.904982978098599,0.19243536967670397,0.23829098310022,True,0.018714326416365716,0.018714326416365716,0.82242647512703,0.788257349852075,0.09102005824155962,0.10401492773561227,0.1950349859771719,0.411213237563515,0.35983924276588947,0.3924989111471493,0.34112491634952374,True,True,True,0,0.0,3,3,True,True,0.0,0.06797788644159458,0.000492627608806256,0.0004025378082694642,0.2656763691670077
rgg,12,509,4,2,24,4,10,-0.2,0.3167739365881308,1.904982978098599,0.16628701685529448,0.19945355322172362,True,0.03337104604999043,0.03337104604999043,0.82242647512703,0.788257349852075,0.162305310245933,0.1991819974841554,0.3614873077300884,0.411213237563515,0.33508094578321557,0.3778421915135246,0.30170989973322515,True,True,True,0,2.0,3,3,True,False,2.0,0.036616983011887094,0.000492627608806256,0.0006692124534581164,0.2748029698368072
rgg,12,509,4,2,24,4,10,-0.1,0.1583869682940654,1.904982978098599,0.08314350842764724,0.0906832303549067,True,0.015990455017522068,0.015990455017522068,0.82242647512703,0.788257349852075,0.0777720829818968,0.08770589222422281,0.16547797520611962,0.411213237563515,0.3646381015460621,0.39522278254599297,0.34864764652854,True,True,True,0,0.0,3,3,True,True,0.0,0.09753489721264685,0.000492627608806256,0.0005737758527233689,0.268428526451388
rgg,12,509,4,2,24,4,10,-0.05,0.0791934841470332,1.904982978098599,0.041571754213823885,0.04337492597552105,True,0.007829824969598258,0.007829824969598258,0.82242647512703,0.788257349852075,0.03808158033039431,0.041274577507683145,0.07935615783807745,0.411213237563515,0.3794018227389855,0.40338341259391675,0.3715719977693872,True,True,True,0,0.0,3,3,True,True,0.0,0.18365671458068902,0.000492627608806256,0.0005315515879763636,0.2656114068467894
rgg,12,509,4,2,24,4,10,-0.02,0.03167739365881361,1.904982978098599,0.01662870168552973,0.016909891222198423,True,0.0030932686269113823,0.0030932686269113823,0.82242647512703,0.788257349852075,0.015044596546742265,0.015934681399104332,0.030979277945846595,0.411213237563515,0.38824354870192146,0.4081199689366036,0.38515028007501007,True,True,True,0,0.0,3,3,True,True,0.0,0.23203359447291988,0.000492627608806256,0.0005078175206875315,0.26402729362209
rgg,12,509,4,2,24,4,10,0.02,0.03167739365881273,1.904982978098599,0.016628701685529265,0.016909891222197944,True,0.0030428989894599806,0.0030428989894599806,0.82242647512703,0.788257349852075,0.014799615924280559,0.015671367313872395,0.030470983238152956,0.411213237563515,0.388338672499417,0.40817033857405505,0.38529577350995703,True,True,True,0,0.0,3,3,True,True,0.0,0.23254188918061353,0.000492627608806256,0.00047792564986940094,0.26203041197983856
rgg,12,509,4,2,24,4,10,0.05,0.07919348414703231,1.904982978098599,0.04157175421382341,0.04337492597552054,True,0.007514968551279002,0.007514968551279002,0.82242647512703,0.788257349852075,0.03655022681568347,0.03955420788742744,0.0761044347031109,0.411213237563515,0.37998326613779493,0.40369826901223604,0.37246829758651595,True,True,True,0,0.0,3,3,True,True,0.0,0.18690843771565557,0.000492627608806256,0.00045675455057110045,0.2606142126988993
rgg,12,509,4,2,24,4,10,0.1,0.1583869682940651,1.904982978098599,0.08314350842764708,0.09068323035490651,True,0.014730371224042261,0.014730371224042261,0.82242647512703,0.788257349852075,0.0716434680523486,0.0803008268224773,0.1519442948748259,0.411213237563515,0.36687968995903364,0.3964828663394728,0.3521493187349914,True,True,True,0,0.0,3,3,True,True,0.0,0.11106857754394056,0.000492627608806256,0.00042370038622065306,0.2583984321354422
rgg,12,509,4,2,24,4,10,0.2,0.3167739365881308,1.904982978098599,0.16628701685529448,0.19945355322172362,True,0.02832028546365693,0.02832028546365693,0.82242647512703,0.788257349852075,0.1377401449012577,0.16493368945978806,0.3026738343610458,0.411213237563515,0.3434141994448211,0.3828929520998581,0.31509391398116415,True,True,True,0,2.0,3,3,True,False,2.0,0.09543045638092973,0.000492627608806256,0.00036520296782783856,0.25445516908063326
rgg,12,509,4,2,25,4,11,-0.2,0.485680475377533,1.904982978098599,0.25495265887483165,0.3421965891319106,False,0.043188498404166255,0.043188498404166255,0.82242647512703,0.788257349852075,0.21005402773540557,0.2703867291421018,0.4804407568775074,0.411213237563515,0.31945723476294224,0.36802473915934875,0.27626873635877597,True,True,True,0,3.0,3,3,False,False,3.0,inf,0.000492627608806256,0.0007040334498000339,0.28530815573860346
rgg,12,509,4,2,25,4,11,-0.1,0.24284023768876684,1.904982978098599,0.127476329437416,0.146100711921342,True,0.020478311972551337,0.020478311972551337,0.82242647512703,0.788257349852075,0.09959947833337104,0.1147999294510655,0.21439940778443656,0.411213237563515,0.3567652361891111,0.3907349255909637,0.33628692421655976,True,True,True,0,0.0,3,3,True,True,0.0,0.04861346463432992,0.000492627608806256,0.0006155182203576415,0.273183029527278
rgg,12,509,4,2,25,4,11,-0.05,0.12142011884438396,1.904982978098599,0.06373816471870829,0.06807728598651969,True,0.009976414116335692,0.009976414116335692,0.82242647512703,0.788257349852075,0.048521852922085267,0.05314216012231825,0.1016640130444035,0.411213237563515,0.37546136978146183,0.4012368234471793,0.3654849556651261,True,True,True,0,0.0,3,3,True,True,0.0,0.16134885937436297,0.000492627608806256,0.000550595347970614,0.26787790544564616
rgg,12,509,4,2,25,4,11,-0.02,0.0485680475377539,1.904982978098599,0.025495265887483482,0.026162280176814198,True,0.0039295118653509585,0.0039295118653509585,0.82242647512703,0.788257349852075,0.019111796539594692,0.020325007508824315,0.03943680404841901,0.411213237563515,0.3866676913791958,0.40728372569816407,0.38273817951384487,True,True,True,0,0.0,3,3,True,True,0.0,0.22357606837034746,0.000492627608806256,0.0005150247308337708,0.2649088935882975
rgg,12,509,4,2,25,4,11,0.02,0.04856804753775213,1.904982978098599,0.025495265887482552,0.02616228017681322,True,0.003850381021953506,0.003850381021953506,0.82242647512703,0.788257349852075,0.018726931286392672,0.019908047737234473,0.03863497902362714,0.411213237563515,0.386816534978671,0.4073628565415615,0.3829661539567175,True,True,True,0,0.0,3,3,True,True,0.0,0.22437789339513933,0.000492627608806256,0.0004712344549128632,0.2611804283305216
rgg,12,509,4,2,25,4,11,0.05,0.12142011884438308,1.904982978098599,0.06373816471870783,0.06807728598651916,True,0.009481742109044749,0.009481742109044749,0.82242647512703,0.788257349852075,0.046115938121180845,0.05038578147764518,0.09650171959882603,0.411213237563515,0.37636578538536886,0.4017314954544703,0.3668840432763241,True,True,True,0,0.0,3,3,True,True,0.0,0.16651115281994044,0.000492627608806256,0.0004409388605423061,0.2585455039471607
rgg,12,509,4,2,25,4,11,0.1,0.2428402376887666,1.904982978098599,0.12747632943741588,0.14610071192134186,True,0.01849814156903139,0.01849814156903139,0.82242647512703,0.788257349852075,0.08996860936984895,0.1027053180669942,0.19267392743684314,0.411213237563515,0.3602177943106147,0.3927150959944836,0.3417196527415833,True,True,True,0,0.0,3,3,True,True,0.0,0.07033894498192333,0.000492627608806256,0.00039491271502106853,0.25443777475534113
rgg,12,509,4,2,25,4,11,0.2,0.4856804753775321,1.904982978098599,0.2549526588748312,0.34219658913190976,False,0.03524452449857273,0.03524452449857273,0.82242647512703,0.788257349852075,0.1714172661726579,0.2122898308055345,0.3837070969781924,0.411213237563515,0.3320415713257414,0.3759687130649423,0.2967970468271687,True,True,True,0,2.0,3,3,True,False,2.0,0.014397193763783123,0.000492627608806256,0.000317661510333601,0.24716849668363985
rgg,12,509,4,2,26,5,10,-0.2,0.35417668028138294,1.904982978098599,0.18592117848469894,0.22838228138478167,True,0.019525648885123,0.019525648885123,0.82242647512703,0.788257349852075,0.09496605216706874,0.10895337063372226,0.203919422800791,0.411213237563515,0.35842211712318695,0.39168758867839204,0.33889646823806396,True,True,True,0,0.0,3,3,True,True,0.0,0.05909344961797547,0.000492627608806256,0.0004923064862523393,0.2745192266795483
rgg,12,509,4,2,26,5,10,-0.1,0.17708834014069166,1.904982978098599,0.09296058924234957,0.10248792735995843,True,0.009391670669552168,0.009391670669552168,0.82242647512703,0.788257349852075,0.04567786156495778,0.049885285349448805,0.0955631469144066,0.411213237563515,0.376530698532165,0.40182156689396287,0.3671390278626128,True,True,True,0,0.0,3,3,True,True,0.0,0.16744972550435988,0.000492627608806256,0.0004924838074803617,0.2684296813538209
rgg,12,509,4,2,26,5,10,-0.05,0.08854417007034587,1.904982978098599,0.046480294621174804,0.04874602418699736,True,0.004608582702420296,0.004608582702420296,0.82242647512703,0.788257349852075,0.02241456393634928,0.023916293218892277,0.04633085715524156,0.411213237563515,0.38539272455313633,0.4066046548610947,0.380784141850716,True,True,True,0,0.0,3,3,True,True,0.0,0.21668201526352493,0.000492627608806256,0.0004925594080639794,0.2656439470150919
rgg,12,509,4,2,26,5,10,-0.02,0.035417668028138394,1.904982978098599,0.018592117848469945,0.01894433312244308,True,0.0018231473991818117,0.0018231473991818117,0.82242647512703,0.788257349852075,0.008867162983293857,0.009333933547963863,0.01820109653125772,0.411213237563515,0.39064932052778967,0.4093900901643332,0.38882617312860784,True,True,True,0,0.0,3,3,True,True,0.0,0.24481177588750874,0.000492627608806256,0.0004926011611859503,0.26404752978060414
rgg,12,509,4,2,26,5,10,0.02,0.035417668028138394,1.904982978098599,0.018592117848469945,0.01894433312244308,True,0.0017968261836341774,0.0017968261836341774,0.82242647512703,0.788257349852075,0.008739145628095904,0.00919799973538445,0.01793714536348035,0.411213237563515,0.3906993336218172,0.40941641137988083,0.388902507438183,True,True,True,0,0.0,3,3,True,True,0.0,0.24507572705528613,0.000492627608806256,0.0004926530056782867,0.26200104874805247
rgg,12,509,4,2,26,5,10,0.05,0.08854417007034587,1.904982978098599,0.046480294621174804,0.04874602418699736,True,0.004444019893693604,0.004444019893693604,0.82242647512703,0.788257349852075,0.02161418693632007,0.023043841476660266,0.04465802841298033,0.411213237563515,0.3857013075007209,0.40676921766982144,0.3812572876070273,True,True,True,0,0.0,3,3,True,True,0.0,0.21835484400578614,0.000492627608806256,0.0004926892351878468,0.26052458800775447
rgg,12,509,4,2,26,5,10,0.1,0.17708834014069175,1.904982978098599,0.09296058924234961,0.10248792735995847,True,0.008732629237500497,0.008732629237500497,0.82242647512703,0.788257349852075,0.04247251031723742,0.04623624549202983,0.08870875580926725,0.411213237563515,0.3777395480351371,0.4024806083260145,0.3690069187976366,True,True,True,0,0.0,3,3,True,True,0.0,0.17430411660949924,0.000492627608806256,0.0004927450097358504,0.2581683641118152
rgg,12,509,4,2,26,5,10,0.2,0.3541766802813829,1.904982978098599,0.1859211784846989,0.22838228138478162,True,0.016876748053185012,0.016876748053185012,0.82242647512703,0.788257349852075,0.08208270800415694,0.09296699569715271,0.17504970370130965,0.411213237563515,0.363069666318192,0.39433648951033,0.346192918265007,True,True,True,0,0.0,3,3,True,True,0.0,0.08796316871745682,0.000492627608806256,0.0004928414618041171,0.2538141175201693
rgg,12,509,4,2,27,5,11,-0.2,0.4992267926023045,1.904982978098599,0.2620636500912951,0.35513042571180664,False,0.024649622569175047,0.024649622569175047,0.82242647512703,0.788257349852075,0.11988730088178508,0.14101607727613544,0.26090337815792053,0.411213237563515,0.34960017389941356,0.38656361499434,0.32495055133023854,True,True,True,0,0.0,3,3,True,True,0.0,0.0021094942608459455,0.000492627608806256,0.0004922808118290369,0.28029087392274804
rgg,12,509,4,2,27,5,11,-0.1,0.2496133963011524,1.904982978098599,0.13103182504564762,0.15079013112595388,True,0.011725998653394593,0.011725998653394593,0.82242647512703,0.788257349852075,0.057031231401364714,0.06299559054288158,0.1200268219442463,0.411213237563515,0.37227998189532385,0.39948723891012045,0.3605539832419293,True,True,True,0,0.0,3,3,True,True,0.0,0.14298605047452018,0.000492627608806256,0.0004925030275077378,0.2710377199691358
rgg,12,509,4,2,27,5,11,-0.05,0.12480669815057643,1.904982978098599,0.06551591252282393,0.07010917938656082,True,0.005724322835222969,0.005724322835222969,0.82242647512703,0.788257349852075,0.02784114085986254,0.029868082003566828,0.05770922286342937,0.411213237563515,0.3833070255089948,0.40548891472829207,0.37758270267377186,True,True,True,0,0.0,3,3,True,True,0.0,0.20530364955533711,0.000492627608806256,0.0004925756679418178,0.2668866679974168
rgg,12,509,4,2,27,5,11,-0.02,0.049922679260230966,1.904982978098599,0.02620636500912978,0.026911620765908455,True,0.0022577309169560774,0.0022577309169560774,0.82242647512703,0.788257349852075,0.010980828002198512,0.011583320035536014,0.022564148037734526,0.411213237563515,0.3898244907383501,0.40895550664655894,0.38756675982139405,True,True,True,0,0.0,3,3,True,True,0.0,0.24044872438103196,0.000492627608806256,0.0004926091128269815,0.26453081960862157
rgg,12,509,4,2,27,5,11,0.02,0.049922679260229204,1.904982978098599,0.026206365009128856,0.026911620765907477,True,0.0022164767151766256,0.0022164767151766256,0.82242647512703,0.788257349852075,0.010780181729116996,0.011369383323251773,0.02214956505236877,0.411213237563515,0.3899027154170554,0.4089967608483384,0.3876862387018788,True,True,True,0,0.0,3,3,True,True,0.0,0.24086330736639772,0.000492627608806256,0.0004926432795060018,0.26153517887922484
rgg,12,509,4,2,27,5,11,0.05,0.12480669815057555,1.904982978098599,0.06551591252282347,0.07010917938656029,True,0.005466356647551206,0.005466356647551206,0.82242647512703,0.788257349852075,0.02658648189411405,0.02848631604187156,0.05507279793598561,0.411213237563515,0.38378824692644,0.40574688091596384,0.3783218902788888,True,True,True,0,0.0,3,3,True,True,0.0,0.20794007448278087,0.000492627608806256,0.0004926618604006276,0.2593908651278379
rgg,12,509,4,2,27,5,11,0.1,0.24961339630115173,1.904982978098599,0.13103182504564728,0.1507901311259534,True,0.0106923090209914,0.0106923090209914,0.82242647512703,0.788257349852075,0.05200371994026526,0.057154231947819815,0.10915795188808508,0.411213237563515,0.37415633651601427,0.40052092854252364,0.3634640274950229,True,True,True,0,0.0,3,3,True,True,0.0,0.1538549205306814,0.000492627608806256,0.0004926809842516165,0.255998086796114
rgg,12,509,4,2,27,5,11,0.2,0.49922679260230307,1.904982978098599,0.26206365009129434,0.3551304257118053,False,0.02048538191836971,0.02048538191836971,0.82242647512703,0.788257349852075,0.09963386412240967,0.11484351197067058,0.21447737609308026,0.411213237563515,0.35675296874587725,0.39072785564514534,0.33626758682750757,True,True,True,0,0.0,3,3,True,True,0.0,0.04853549632568621,0.000492627608806256,0.0004926822741357128,0.24982223792574354
rgg,12,509,4,2,28,6,7,-0.2,0.5174714231075349,1.904982978098599,0.27164096952930955,0.3729492711221908,False,0.05698095730877436,0.05698095730877436,0.82242647512703,0.788257349852075,0.2771358122923911,0.38148745218967195,0.6586232644820631,0.411213237563515,0.29873044044680125,0.3542322802547407,0.24174948313802688,True,True,True,0,3.0,3,3,False,False,3.0,inf,0.000492627608806256,5.175809483245708e-05,0.19103338261948333
rgg,12,509,4,2,28,6,7,-0.1,0.25873571155376807,1.904982978098599,0.1358204847646551,0.1571669802051101,True,0.02758318380183589,0.02758318380183589,0.82242647512703,0.788257349852075,0.13415513549743377,0.16006603637761516,0.2942211718750489,0.411213237563515,0.3446475520486285,0.38363005376167914,0.3170643682467926,True,True,True,0,2.0,3,3,True,False,2.0,0.10388311886692658,0.000492627608806256,0.00014744219637593083,0.22738985819007201
rgg,12,509,4,2,28,6,7,-0.05,0.12936785577688403,1.904982978098599,0.06791024238232755,0.07285805023316562,True,0.013563672491211742,0.013563672491211742,0.82242647512703,0.788257349852075,0.06596904599461845,0.07352232796907837,0.13949137396369682,0.411213237563515,0.36896743794392034,0.39764956507230326,0.3554037654527086,True,True,True,0,0.0,3,3,True,True,0.0,0.12352149845506966,0.000492627608806256,0.0002932941476285707,0.245311208341912
rgg,12,509,4,2,28,6,7,-0.02,0.051747142310753384,1.904982978098599,0.0271640969529309,0.02792258886400969,True,0.0053708097265468225,0.0053708097265468225,0.82242647512703,0.788257349852075,0.02612177447579012,0.0279753978619611,0.054097172337751215,0.411213237563515,0.38396663761838085,0.4058424278369682,0.37859582789183405,True,True,True,0,0.0,3,3,True,True,0.0,0.20891570008101526,0.000492627608806256,0.0004070091135065671,0.2559606161225044
rgg,12,509,4,2,28,6,7,0.02,0.05174714231075427,1.904982978098599,0.027164096952931368,0.02792258886401018,True,0.00529810429426326,0.00529810429426326,0.82242647512703,0.788257349852075,0.025768160216121095,0.027586933974747832,0.053355094190868924,0.411213237563515,0.3841024377056885,0.40591513326925177,0.3788043334114253,True,True,True,0,0.0,3,3,True,True,0.0,0.20965777822789755,0.000492627608806256,0.0005855022114135763,0.2700250697712262
rgg,12,509,4,2,28,6,7,0.05,0.12936785577688403,1.904982978098599,0.06791024238232755,0.07285805023316562,True,0.013109442583295536,0.013109442583295536,0.82242647512703,0.788257349852075,0.06375982767952933,0.07090334585218254,0.13466317353171187,0.411213237563515,0.3697834686285683,0.39810379498021947,0.35667402604527276,True,True,True,0,0.0,3,3,True,True,0.0,0.1283496988870546,0.000492627608806256,0.0007373611117600137,0.2804644834090619
rgg,12,509,4,2,28,6,7,0.1,0.2587357115537683,1.904982978098599,0.13582048476465522,0.15716698020511027,True,0.02576882399590757,0.02576882399590757,0.82242647512703,0.788257349852075,0.1253307123505594,0.14822347762111468,0.2735541899716741,0.411213237563515,0.34770232637203696,0.38544441356760745,0.3219335023761294,True,True,True,0,2.0,3,3,True,False,2.0,0.12455010077030143,0.000492627608806256,0.0007440524261214238,0.2976401726780602
rgg,12,509,4,2,28,6,7,0.2,0.5174714231075357,1.904982978098599,0.27164096952931,0.37294927112219156,False,0.049764597563343706,0.049764597563343706,0.82242647512703,0.788257349852075,0.2420379161828767,0.32168305918281165,0.5637209753656883,0.411213237563515,0.30940141945779387,0.3614486400001713,0.25963682189445014,True,True,True,0,3.0,3,3,False,False,3.0,inf,0.000492627608806256,0.0007252818906436422,0.33108109513918793
rgg,12,509,4,2,29,6,8,-0.2,0.4550464125385438,1.904982978098599,0.2388716423034575,0.31383884188255967,True,0.054280717894848673,0.054280717894848673,0.82242647512703,0.788257349852075,0.2640027748934741,0.35866788647439396,0.6226706613678681,0.411213237563515,0.3026795536584728,0.35693251966866635,0.24839883576362415,True,True,True,0,3.0,3,3,False,False,3.0,inf,0.000492627608806256,0.00047320889371762044,0.20491100327186076
rgg,12,509,4,2,29,6,8,-0.1,0.22752320626927158,1.904982978098599,0.1194358211517286,0.1356355664023762,True,0.026517752927502414,0.026517752927502414,0.82242647512703,0.788257349852075,0.1289732455337435,0.15308796540641162,0.2820612109401551,0.411213237563515,0.3464381129777795,0.3846954846360126,0.3199203600502771,True,True,True,0,2.0,3,3,True,False,2.0,0.11604307980182038,0.000492627608806256,0.00048267967287686004,0.23389296295873127
rgg,12,509,4,2,29,6,8,-0.05,0.11376160313463624,1.904982978098599,0.059717910575864536,0.06351063287022521,True,0.013098429202762914,0.013098429202762914,0.82242647512703,0.788257349852075,0.0637062623779944,0.0708399845391687,0.1345462469171631,0.411213237563515,0.3698032767220766,0.3981148083607521,0.35670484751931364,True,True,True,0,0.0,3,3,True,True,0.0,0.12846662550160337,0.000492627608806256,0.0004875972747555304,0.24845136627673126
rgg,12,509,4,2,29,6,8,-0.02,0.045504641253854894,1.904982978098599,0.023887164230346022,0.024471724328377735,True,0.0052003850323271835,0.0052003850323271835,0.82242647512703,0.788257349852075,0.025292887277365162,0.02706524878284066,0.052358136060205826,0.411213237563515,0.38428503458828156,0.40601285253118785,0.3790846495559544,True,True,True,0,0.0,3,3,True,True,0.0,0.21065473635856063,0.000492627608806256,0.0004906024014918309,0.25718979378079315
rgg,12,509,4,2,29,6,8,0.02,0.045504641253854006,1.904982978098599,0.023887164230345558,0.024471724328377246,True,0.005147942720787918,0.005147942720787918,0.82242647512703,0.788257349852075,0.02503782587977985,0.02678548152298339,0.05182330740276324,0.411213237563515,0.38438306336742206,0.40606529484272713,0.3792351206466341,True,True,True,0,0.0,3,3,True,True,0.0,0.21118956501600322,0.000492627608806256,0.0004946696958567148,0.26883179968490867
rgg,12,509,4,2,29,6,8,0.05,0.11376160313463533,1.904982978098599,0.05971791057586406,0.06351063287022467,True,0.012770812939322201,0.012770812939322201,0.82242647512703,0.788257349852075,0.062112849357626294,0.06895817731221932,0.1310710266698456,0.411213237563515,0.37039299578642504,0.3984424246241928,0.35762218284710284,True,True,True,0,0.0,3,3,True,True,0.0,0.13194184574892087,0.000492627608806256,0.0004977634118807897,0.27754858089299006
rgg,12,509,4,2,29,6,8,0.1,0.22752320626927222,1.904982978098599,0.11943582115172893,0.13563556640237664,True,0.025209402979921216,0.025209402979921216,0.82242647512703,0.788257349852075,0.12260988060253013,0.14461166208096093,0.2672215426834911,0.411213237563515,0.34864965407572335,0.38600383458359383,0.32344025109580216,True,True,True,0,2.0,3,3,True,False,2.0,0.13088274805848443,0.000492627608806256,0.0005029970011468465,0.2920317056595512
rgg,12,509,4,2,29,6,8,0.2,0.4550464125385439,1.904982978098599,0.2388716423034576,0.3138388418825598,True,0.049081045671934054,0.049081045671934054,0.82242647512703,0.788257349852075,0.23871335447635297,0.31621150110858615,0.5549248555849391,0.411213237563515,0.3104317553274557,0.36213219189158097,0.26135070965552165,True,True,True,0,3.0,3,3,False,False,3.0,inf,0.000492627608806256,0.000513725389941581,0.3207439171634425
rgg,12,509,4,2,30,7,8,-0.2,0.2902649129129758,1.904982978098599,0.15237139452169537,0.17976197775405936,True,0.006525926361312452,0.006525926361312452,0.82242647512703,0.788257349852075,0.03173986518517402,0.03418366152923464,0.06592352671440865,0.411213237563515,0.38181552644565786,0.4046873112022026,0.3752896000843454,True,True,True,0,0.0,3,3,True,True,0.0,0.19708934570435782,0.000492627608806256,0.000492412281929641,0.2623591786711661
rgg,12,509,4,2,30,7,8,-0.1,0.14513245645648742,1.904982978098599,0.07618569726084744,0.08246862712014015,True,0.0031642115745988825,0.0031642115745988825,0.82242647512703,0.788257349852075,0.015389638686474172,0.01630576250341848,0.03169540118989265,0.411213237563515,0.3881096114254713,0.4080490259889161,0.3849453998508724,True,True,True,0,0.0,3,3,True,True,0.0,0.23131747122887383,0.000492627608806256,0.0004909105505881656,0.2626976801547484
rgg,12,509,4,2,30,7,8,-0.05,0.07256622822824375,1.904982978098599,0.03809284863042374,0.03960137792528794,True,0.0015585209530802643,0.0015585209530802643,0.82242647512703,0.788257349852075,0.00758011080730123,0.007968867543336646,0.015548978350637876,0.411213237563515,0.3911524302806258,0.40965471661043473,0.3895939093275455,True,True,True,0,0.0,3,3,True,True,0.0,0.2474638940681286,0.000492627608806256,0.0004914012930670033,0.2628580511552232
rgg,12,509,4,2,30,7,8,-0.02,0.02902649129129753,1.904982978098599,0.01523713945216951,0.0154729022210413,True,0.0006178817477685407,0.0006178817477685407,0.82242647512703,0.788257349852075,0.003005164675288957,0.0031448682445309366,0.006150032919819894,0.411213237563515,0.3929460312641486,0.41059535581574647,0.39232814951638006,True,True,True,0,0.0,3,3,True,True,0.0,0.25686283949894656,0.000492627608806256,0.0004920528994019701,0.2629515930437971
rgg,12,509,4,2,30,7,8,0.02,0.02902649129129753,1.904982978098599,0.01523713945216951,0.0154729022210413,True,0.0006106634789565367,0.0006106634789565367,0.82242647512703,0.788257349852075,0.002970057494135096,0.0031080198911539003,0.006078077385288996,0.411213237563515,0.39295982673381047,0.41060257408455847,0.3923491632548539,True,True,True,0,0.0,3,3,True,True,0.0,0.2569347950334775,0.000492627608806256,0.0004933100373463828,0.2630733052518796
rgg,12,509,4,2,30,7,8,0.05,0.07256622822824464,1.904982978098599,0.038092848630424204,0.03960137792528844,True,0.001513398639362916,0.001513398639362916,0.82242647512703,0.788257349852075,0.007360651365845974,0.007736454788733498,0.015097106154579473,0.411213237563515,0.3912382817946171,0.4096998389241521,0.3897248831552542,True,True,True,0,0.0,3,3,True,True,0.0,0.247915766264187,0.000492627608806256,0.0004945275257605622,0.263162401776703
rgg,12,509,4,2,30,7,8,0.1,0.14513245645648842,1.904982978098599,0.07618569726084796,0.08246862712014076,True,0.0029836060317960447,0.0029836060317960447,0.82242647512703,0.788257349852075,0.014511235336071612,0.015361569439312129,0.02987280477538374,0.411213237563515,0.38845067798354416,0.408229631531719,0.3854670719517481,True,True,True,0,0.0,3,3,True,True,0.0,0.23314006764338274,0.000492627608806256,0.0004970441728655338,0.26330688249407785
rgg,12,509,4,2,30,7,8,0.2,0.2902649129129758,1.904982978098599,0.15237139452169537,0.17976197775405936,True,0.005801637751911499,0.005801637751911499,0.82242647512703,0.788257349852075,0.028217174069039508,0.03028287708996178,0.05850005115900129,0.411213237563515,0.3831629164346895,0.4054115998116035,0.377361278682778,True,True,True,0,0.0,3,3,True,True,0.0,0.2045128212597652,0.000492627608806256,0.0005037229808132167,0.26358160379704837
rgg,12,509,4,2,31,7,9,-0.2,0.4686240031982854,1.904982978098599,0.24599905016790663,0.32625827622987413,True,0.05084448714929345,0.05084448714929345,0.82242647512703,0.788257349852075,0.24729012835555975,0.3303943194170884,0.5776844477726482,0.411213237563515,0.3077806376271717,0.36036875041422156,0.25693615047787827,True,True,True,0,3.0,3,3,False,False,3.0,inf,0.000492627608806256,0.0006146522764339786,0.3087639616866254
rgg,12,509,4,2,31,7,9,-0.1,0.23431200159914242,1.904982978098599,0.12299952508395316,0.14025023771592326,True,0.025124405642518013,0.025124405642518013,0.82242647512703,0.788257349852075,0.12219648273670838,0.14406451358731479,0.26626099632402317,0.411213237563515,0.3487938148944721,0.386088831920997,0.3236694092519541,True,True,True,0,2.0,3,3,True,False,2.0,0.13184329441795234,0.000492627608806256,0.0006855684235384082,0.28612383433782396
rgg,12,509,4,2,31,7,9,-0.05,0.11715600079957157,1.904982978098599,0.06149976254197677,0.06552983162641715,True,0.012480735059575344,0.012480735059575344,0.82242647512703,0.788257349852075,0.06070201014697441,0.06729684041741421,0.12799885056438862,0.411213237563515,0.3709159295492197,0.39873250250393966,0.35843519448964434,True,True,True,0,0.0,3,3,True,True,0.0,0.13501402185437786,0.000492627608806256,0.0006724671498716233,0.2746168886476389
rgg,12,509,4,2,31,7,9,-0.02,0.04686240031982836,1.904982978098599,0.024599905016790567,0.025220322556165048,True,0.004971912341172534,0.004971912341172534,0.82242647512703,0.788257349852075,0.024181674552267225,0.025847431517796463,0.05002910607006369,0.411213237563515,0.3847122943530597,0.40624132522234246,0.37974038201188715,True,True,True,0,0.0,3,3,True,True,0.0,0.21298376634870278,0.000492627608806256,0.0005593126366465637,0.26766482295140753
rgg,12,509,4,2,31,7,9,0.02,0.04686240031982836,1.904982978098599,0.024599905016790567,0.025220322556165048,True,0.004943823418794561,0.004943823418794561,0.82242647512703,0.788257349852075,0.024045059677977654,0.025697894960310136,0.04974295463828779,0.411213237563515,0.3847648553650167,0.40626941414472045,0.37982103194622213,True,True,True,0,0.0,3,3,True,True,0.0,0.21326991778047868,0.000492627608806256,0.0004326751591781477,0.2583486330942555
rgg,12,509,4,2,31,7,9,0.05,0.11715600079957157,1.904982978098599,0.06149976254197677,0.06552983162641715,True,0.01230526532799153,0.01230526532799153,0.82242647512703,0.788257349852075,0.05984858561899233,0.06629409638767925,0.12614268200667159,0.411213237563515,0.37123261341498465,0.3989079722355235,0.3589273480869931,True,True,True,0,0.0,3,3,True,True,0.0,0.1368701904120949,0.000492627608806256,0.0003548627989141862,0.2513320165671381
rgg,12,509,4,2,31,7,9,0.1,0.23431200159914264,1.904982978098599,0.12299952508395327,0.1402502377159234,True,0.02442375351852453,0.02442375351852453,0.82242647512703,0.788257349852075,0.11878875137015546,0.139570511512826,0.2583592628829815,0.411213237563515,0.3499844380276571,0.3867894840449905,0.32556068450913256,True,True,True,0,0.0,3,3,True,True,0.0,0.004653609535784975,0.000492627608806256,0.00025554748504891923,0.2395940586818982
rgg,12,509,4,2,31,7,9,0.2,0.4686240031982852,1.904982978098599,0.2459990501679065,0.32625827622987397,True,0.048061368014918456,0.048061368014918456,0.82242647512703,0.788257349852075,0.23375399245261413,0.3081102595736686,0.5418642520262827,0.411213237563515,0.3119751226812171,0.3631518695485966,0.26391375466629863,True,True,True,0,3.0,3,3,False,False,3.0,inf,0.000492627608806256,0.00015784258158176625,0.21602260709819532
rgg,12,509,4,2,32,7,10,-0.2,0.3997923465770684,1.904982978098599,0.20986662409766466,0.2656091116996497,True,0.024606283323118743,0.024606283323118743,0.82242647512703,0.788257349852075,0.11967651366922795,0.14073847221214145,0.2604149858813694,0.411213237563515,0.3496738729127112,0.38660695424039626,0.3250675895895924,True,True,True,0,0.0,3,3,True,True,0.0,0.002597886537397065,0.000492627608806256,0.0006650650434019846,0.26538775397804054
rgg,12,509,4,2,32,7,10,-0.1,0.1998961732885343,1.904982978098599,0.10493331204883237,0.11723518868636215,True,0.01189572579056376,0.01189572579056376,0.82242647512703,0.788257349852075,0.05785672592179805,0.06396019275945036,0.12181691868124842,0.411213237563515,0.371972793618766,0.3993175117729513,0.36007706782820226,True,True,True,0,0.0,3,3,True,True,0.0,0.14119595373751806,0.000492627608806256,0.0005908503295577603,0.2641171113528414
rgg,12,509,4,2,32,7,10,-0.05,0.09994808664426758,1.904982978098599,0.052466656024416414,0.05537183082579561,True,0.005850047613986077,0.005850047613986077,0.82242647512703,0.788257349852075,0.028452623016945035,0.03054275303129091,0.058995376048235945,0.411213237563515,0.3830727117488545,0.40536318994952897,0.37722266413486844,True,True,True,0,0.0,3,3,True,True,0.0,0.20401749637053052,0.000492627608806256,0.0005344435976161066,0.26354574775855083
rgg,12,509,4,2,32,7,10,-0.02,0.03997923465770703,1.904982978098599,0.020986662409766564,0.02143654392025305,True,0.002317044323925736,0.002317044323925736,0.82242647512703,0.788257349852075,0.011269308048809351,0.011891058137536508,0.023160366186345857,0.411213237563515,0.389712050370273,0.4088961932395893,0.3873950060463473,True,True,True,0,0.0,3,3,True,True,0.0,0.2398525062324206,0.000492627608806256,0.0005076803025826091,0.26322158881203944
rgg,12,509,4,2,32,7,10,0.02,0.03997923465770703,1.904982978098599,0.020986662409766564,0.02143654392025305,True,0.002286983191359845,0.002286983191359845,0.82242647512703,0.788257349852075,0.011123101021311858,0.011735068703241591,0.02285816972455345,0.411213237563515,0.3897690331762794,0.4089262543721552,0.3874820499849196,True,True,True,0,0.0,3,3,True,True,0.0,0.24015470269421302,0.000492627608806256,0.00047972028007416367,0.2628098624044646
rgg,12,509,4,2,32,7,10,0.05,0.0999480866442677,1.904982978098599,0.052466656024416476,0.05537183082579568,True,0.005662145771773705,0.005662145771773705,0.82242647512703,0.788257349852075,0.02753873297135355,0.02953472478406544,0.057073457755418985,0.411213237563515,0.38342295810581206,0.4055510917917413,0.37776081233403835,True,True,True,0,0.0,3,3,True,True,0.0,0.20593941466334748,0.000492627608806256,0.00046422591707977477,0.2625156773689367
rgg,12,509,4,2,32,7,10,0.1,0.1998961732885334,1.904982978098599,0.10493331204883191,0.11723518868636157,True,0.011143836403146305,0.011143836403146305,0.82242647512703,0.788257349852075,0.054199794097946834,0.05969876704421217,0.113898561142159,0.411213237563515,0.37333556302405096,0.4000694011603687,0.36219172662090465,True,True,True,0,0.0,3,3,True,True,0.0,0.14911431127660746,0.000492627608806256,0.0004481444390078381,0.26205157512961236
rgg,12,509,4,2,32,7,10,0.2,0.3997923465770685,1.904982978098599,0.2098666240976647,0.26560911169964974,True,0.021594233618064743,0.021594233618064743,0.82242647512703,0.788257349852075,0.10502693807238804,0.12171451632366811,0.22674145439605614,0.411213237563515,0.3548341524135131,0.3896190039454503,0.3332399187954484,True,True,True,0,0.0,3,3,True,True,0.0,0.03627141802271033,0.000492627608806256,0.00044894978843293816,0.2612132964020303
rgg,12,509,4,2,33,7,11,-0.2,0.29271540222757286,1.904982978098599,0.1536577521126923,0.18155510078371057,True,0.01769106237047281,0.01769106237047281,0.82242647512703,0.788257349852075,0.08604325325368588,0.09783944628179068,0.18388269953547656,0.411213237563515,0.36163455626108487,0.3935221751930422,0.3439434938906121,True,True,True,0,0.0,3,3,True,True,0.0,0.07913017288328991,0.000492627608806256,0.0006379580053750664,0.26326139271941446
rgg,12,509,4,2,33,7,11,-0.1,0.1463577011137869,1.904982978098599,0.0768288760563464,0.08322278943057117,True,0.00864775705623974,0.00864775705623974,0.82242647512703,0.788257349852075,0.04205972116792095,0.04576798027948255,0.0878277014474035,0.411213237563515,0.37789550700870517,0.4025654805072753,0.36924774995246545,True,True,True,0,0.0,3,3,True,True,0.0,0.175185170971363,0.000492627608806256,0.0005488106278364875,0.26311308429590663
rgg,12,509,4,2,33,7,11,-0.05,0.07317885055689387,1.904982978098599,0.03841443802817342,0.0399490586666056,True,0.0042757269365631245,0.0042757269365631245,0.82242647512703,0.788257349852075,0.020795667775178106,0.022153041853772617,0.042948709628950726,0.411213237563515,0.3860171406514972,0.4069375106269519,0.3817414137149341,True,True,True,0,0.0,3,3,True,True,0.0,0.22006416278981575,0.000492627608806256,0.0005168250062281941,0.26305737362265275
rgg,12,509,4,2,33,7,11,-0.02,0.02927154022275791,1.904982978098599,0.015365775211269557,0.015605566843430146,True,0.0016988967773165998,0.0016988967773165998,0.82242647512703,0.788257349852075,0.008262850619220118,0.008692555363185356,0.016955405982405476,0.411213237563515,0.39088546608785585,0.4095143407861984,0.38918656931053924,True,True,True,0,0.0,3,3,True,True,0.0,0.246057466436361,0.000492627608806256,0.0005013998139811012,0.2630293769459525
rgg,12,509,4,2,33,7,11,0.02,0.029271540222757013,1.904982978098599,0.015365775211269087,0.01560556684342966,True,0.001683891843328304,0.001683891843328304,0.82242647512703,0.788257349852075,0.008189871772151858,0.008615152546749156,0.01680502431890101,0.411213237563515,0.39091399349944284,0.40952934572018673,0.38923010165611455,True,True,True,0,0.0,3,3,True,True,0.0,0.24620784809986546,0.000492627608806256,0.0004850328114646538,0.2629980406292563
rgg,12,509,4,2,33,7,11,0.05,0.07317885055689298,1.904982978098599,0.03841443802817295,0.03994905866660509,True,0.00418194231443419,0.00418194231443419,0.82242647512703,0.788257349852075,0.020339531573509994,0.021657251836425077,0.04199678340993507,0.411213237563515,0.38619325720732767,0.4070312952490808,0.38201131489289347,True,True,True,0,0.0,3,3,True,True,0.0,0.2210160890088314,0.000492627608806256,0.0004757903545329614,0.2629788291031129
rgg,12,509,4,2,33,7,11,0.1,0.1463577011137861,1.904982978098599,0.07682887605634597,0.08322278943057067,True,0.008272564546613227,0.008272564546613227,0.82242647512703,0.788257349852075,0.040234913621113505,0.04370246441343625,0.08393737803454976,0.411213237563515,0.3785857231460769,0.4029406730169018,0.3703131585994637,True,True,True,0,0.0,3,3,True,True,0.0,0.17907549438421672,0.000492627608806256,0.00046590436113505703,0.2629545389402354
rgg,12,509,4,2,33,7,11,0.2,0.2927154022275719,1.904982978098599,0.1536577521126918,0.18155510078370987,True,0.016189430883860288,0.016189430883860288,0.82242647512703,0.788257349852075,0.07873983327863908,0.08888322819348171,0.1676230614721208,0.411213237563515,0.3642853936092197,0.39502380667965475,0.3480959627253594,True,True,True,0,0.0,3,3,True,True,0.0,0.09538981094664567,0.000492627608806256,0.00046544322801711686,0.2629326165147481
rgg,12,509,4,2,34,8,9,-0.2,0.2927498920138905,1.904982978098599,0.15367585714917514,0.18158037726717954,True,0.031148085438766467,0.031148085438766467,0.82242647512703,0.788257349852075,0.15149359307264718,0.18391457642215675,0.3354081694948039,0.411213237563515,0.3387234013172428,0.38006515212474856,0.30757531587847636,True,True,True,0,2.0,3,3,True,False,2.0,0.06269612124717161,0.000492627608806256,0.00038822179423603345,0.2849334699932662
rgg,12,509,4,2,34,8,9,-0.1,0.14637494600694576,1.904982978098599,0.07683792857458782,0.08323341150264753,True,0.01552742675940656,0.01552742675940656,0.82242647512703,0.788257349852075,0.07552007251229713,0.08497465355715514,0.16049472606945225,0.411213237563515,0.3654601957032422,0.3956858108041085,0.3499327689438356,True,True,True,0,0.0,3,3,True,True,0.0,0.10251814634931422,0.000492627608806256,0.0004368652733081328,0.2741749614890039
rgg,12,509,4,2,34,8,9,-0.05,0.0731874730034725,1.904982978098599,0.038418964287293716,0.039953953811930454,True,0.007750182451366194,0.007750182451366194,0.82242647512703,0.788257349852075,0.03769422646647711,0.04083892330128671,0.07853314976776382,0.411213237563515,0.379548813967973,0.4034630551121488,0.3717986315166068,True,True,True,0,0.0,3,3,True,True,0.0,0.18447972265100265,0.000492627608806256,0.0004638436759422611,0.2686426848219526
rgg,12,509,4,2,34,8,9,-0.02,0.029274989201389382,1.904982978098599,0.015367585714917687,0.01560743429930216,True,0.0030965897840933613,0.0030965897840933613,0.82242647512703,0.788257349852075,0.015060749514976737,0.015952047697726155,0.03101279721270289,0.411213237563515,0.3882372774668617,0.40811664777942164,0.3851406876827683,True,True,True,0,0.0,3,3,True,True,0.0,0.23200007520606358,0.000492627608806256,0.0004808959333423132,0.26527627926778563
rgg,12,509,4,2,34,8,9,0.02,0.029274989201389164,1.904982978098599,0.015367585714917573,0.015607434299302041,True,0.003091674307010486,0.003091674307010486,0.82242647512703,0.788257349852075,0.015036842322144132,0.015926344913667186,0.030963187235811318,0.411213237563515,0.38824655924126905,0.40812156325650456,0.3851548849342586,True,True,True,0,0.0,3,3,True,True,0.0,0.23204968518295516,0.000492627608806256,0.0005046515957342619,0.26073442114867607
rgg,12,509,4,2,34,8,9,0.05,0.0731874730034725,1.904982978098599,0.038418964287293716,0.039953953811930454,True,0.007719467119801539,0.007719467119801539,0.82242647512703,0.788257349852075,0.03754483763966479,0.04067099524357701,0.0782158328832418,0.411213237563515,0.37960551855542013,0.4034937704437135,0.3718860514356186,True,True,True,0,0.0,3,3,True,True,0.0,0.18479703953552468,0.000492627608806256,0.0005232382190788898,0.2572890401558481
rgg,12,509,4,2,34,8,9,0.1,0.1463749460069449,1.904982978098599,0.07683792857458738,0.08323341150264701,True,0.015404656784936258,0.015404656784936258,0.82242647512703,0.788257349852075,0.07492296150878115,0.08425246536571916,0.15917542687450031,0.411213237563515,0.3656784811712855,0.3958085807785788,0.35027382438634924,True,True,True,0,0.0,3,3,True,True,0.0,0.10383744554426616,0.000492627608806256,0.0005556928106493557,0.25147481490191925
rgg,12,509,4,2,34,8,9,0.2,0.2927498920138903,1.904982978098599,0.153675857149175,0.18158037726717938,True,0.030658462209836538,0.030658462209836538,0.82242647512703,0.788257349852075,0.14911223379622404,0.18059301565025904,0.32970524944648305,0.411213237563515,0.3395309846224672,0.3805547753536785,0.3088725224126307,True,True,True,0,2.0,3,3,True,False,2.0,0.06839904129549246,0.000492627608806256,0.0006261835843604509,0.23959017468907823
rgg,12,509,4,2,35,8,10,-0.2,0.2887808233546606,1.904982978098599,0.15159233792361673,0.17867865260977414,True,0.014972016893560562,0.014972016893560562,0.82242647512703,0.788257349852075,0.0728187496213471,0.0817141094679653,0.1545328590893124,0.411213237563515,0.36644875630517887,0.3962412206699545,0.35147673941161833,True,True,True,0,0.0,3,3,True,True,0.0,0.10848001332945406,0.000492627608806256,0.0004940611940886419,0.2647875746880425
rgg,12,509,4,2,35,8,10,-0.1,0.14439041167733044,1.904982978098599,0.07579616896180844,0.08201239425361813,True,0.007251161326035311,0.007251161326035311,0.82242647512703,0.788257349852075,0.03526715904866907,0.03811674989995644,0.07338390894862551,0.411213237563515,0.38047112332857097,0.4039620762374797,0.37321996200253565,True,True,True,0,0.0,3,3,True,True,0.0,0.18962896347014097,0.000492627608806256,0.0004933442616408811,0.2638476714582449
rgg,12,509,4,2,35,8,10,-0.05,0.07219520583866601,1.904982978098599,0.037898084480904634,0.03939092508765767,True,0.0035693824482002493,0.0035693824482002493,0.82242647512703,0.788257349852075,0.017360250702770388,0.018429964865207926,0.03579021556797832,0.411213237563515,0.38734555104209956,0.40764385511531476,0.3837761685938993,True,True,True,0,0.0,3,3,True,True,0.0,0.22722265685078816,0.000492627608806256,0.0004929856032352569,0.2634180164048844
rgg,12,509,4,2,35,8,10,-0.02,0.028878082335466515,1.904982978098599,0.015159233792361913,0.01539257341137098,True,0.0014145723579663926,0.0014145723579663926,0.82242647512703,0.788257349852075,0.006879994264522679,0.007227782468579921,0.0141077767331026,0.411213237563515,0.39142637845444755,0.40979866520554864,0.3900118060964812,True,True,True,0,0.0,3,3,True,True,0.0,0.24890509568566388,0.000492627608806256,0.0004927706930510122,0.26317209382319057
rgg,12,509,4,2,35,8,10,0.02,0.02887808233546518,1.904982978098599,0.015159233792361212,0.015392573411370255,True,0.001397345350908462,0.001397345350908462,0.82242647512703,0.788257349852075,0.006796208016978691,0.00713916258279067,0.013935370599769362,0.411213237563515,0.3914591759758594,0.40981589221260656,0.3900618306249509,True,True,True,0,0.0,3,3,True,True,0.0,0.24907750181899713,0.000492627608806256,0.0004924847124805757,0.2628573155658268
rgg,12,509,4,2,35,8,10,0.05,0.07219520583866468,1.904982978098599,0.03789808448090394,0.03939092508765692,True,0.0034616970983651577,0.0034616970983651577,0.82242647512703,0.788257349852075,0.016836506134267976,0.01786458896304408,0.034701095097312055,0.411213237563515,0.3875484743059314,0.4077515404651499,0.3840867772075663,True,True,True,0,0.0,3,3,True,True,0.0,0.2283117773214544,0.000492627608806256,0.0004922707845694634,0.2626306402204133
rgg,12,509,4,2,35,8,10,0.1,0.1443904116773297,1.904982978098599,0.07579616896180805,0.08201239425361767,True,0.006820183334520316,0.006820183334520316,0.82242647512703,0.788257349852075,0.033171030071554475,0.0357761832946034,0.06894721336615788,0.411213237563515,0.38126947630822855,0.4043930542289947,0.3744492929737082,True,True,True,0,0.0,3,3,True,True,0.0,0.19406565905260859,0.000492627608806256,0.0004919155751955472,0.26226983981272994
rgg,12,509,4,2,35,8,10,0.2,0.2887808233546602,1.904982978098599,0.15159233792361654,0.17867865260977386,True,0.013244314356585985,0.013244314356585985,0.82242647512703,0.788257349852075,0.0644157976774291,0.07167981374999687,0.13609561142742596,0.411213237563515,0.36954098130832724,0.39796892320692906,0.3562966669517413,True,True,True,0,0.0,3,3,True,True,0.0,0.1269172609913405,0.000492627608806256,0.0004912115098373686,0.26160715226549536
rgg,12,509,4,2,36,8,11,-0.2,0.3114933312069782,1.904982978098599,0.1635150207577633,0.1954787292246299,True,0.014217642000179607,0.014217642000179607,0.82242647512703,0.788257349852075,0.06914972914987244,0.07731270753061302,0.14646243668048547,0.411213237563515,0.3677957338268082,0.3969955955633354,0.3535780918266286,True,True,True,0,0.0,3,3,True,True,0.0,0.116550435738281,0.000492627608806256,0.0004930686701285873,0.2643028449401691
rgg,12,509,4,2,36,8,11,-0.1,0.15574666560349004,1.904982978098599,0.08175751037888215,0.08903694971969404,True,0.006903906681339309,0.006903906681339309,0.82242647512703,0.788257349852075,0.03357823168459137,0.036230115259211555,0.06980834694380292,0.411213237563515,0.38111425436793117,0.4043093308821757,0.37421034768659184,True,True,True,0,0.0,3,3,True,True,0.0,0.19320452547496356,0.000492627608806256,0.0004928467969206044,0.2636208144748606
rgg,12,509,4,2,36,8,11,-0.05,0.07787333280174548,1.904982978098599,0.04087875518944132,0.04262105068636605,True,0.003402737587570299,0.003402737587570299,0.82242647512703,0.788257349852075,0.01654974731714331,0.017555285018464976,0.034105032335608285,0.411213237563515,0.38765962318370056,0.4078104999759447,0.38425688559613025,True,True,True,0,0.0,3,3,True,True,0.0,0.22890784008315818,0.000492627608806256,0.0004927368124241293,0.26330817497086206
rgg,12,509,4,2,36,8,11,-0.02,0.031149333120698012,1.904982978098599,0.016351502075776434,0.016623318299456284,True,0.0013495300802555071,0.0013495300802555071,0.82242647512703,0.788257349852075,0.006563650957598669,0.006893266817084631,0.013456917774683299,0.411213237563515,0.39155022315711374,0.4098637074832595,0.39020069307685823,True,True,True,0,0.0,3,3,True,True,0.0,0.24955595464408317,0.000492627608806256,0.0004926711903861486,0.26312898388552086
rgg,12,509,4,2,36,8,11,0.02,0.03114933312069712,1.904982978098599,0.016351502075775966,0.016623318299455802,True,0.0013343900523091555,0.0013343900523091555,0.82242647512703,0.788257349852075,0.006490015059902096,0.006815431165682079,0.013305446225584175,0.411213237563515,0.39157905637085594,0.40987884751120585,0.39024466631854676,True,True,True,0,0.0,3,3,True,True,0.0,0.2497074261931823,0.000492627608806256,0.0004925841669711694,0.2628993612553156
rgg,12,509,4,2,36,8,11,0.05,0.07787333280174413,1.904982978098599,0.04087875518944061,0.04262105068636528,True,0.003308100203270504,0.003308100203270504,0.82242647512703,0.788257349852075,0.016089463573066724,0.017059181256704817,0.03314864482977154,0.411213237563515,0.3878380976777901,0.40790513736024453,0.3845299974745196,True,True,True,0,0.0,3,3,True,True,0.0,0.22986422758899494,0.000492627608806256,0.0004925192777166039,0.2627338271031821
rgg,12,509,4,2,36,8,11,0.1,0.15574666560348827,1.904982978098599,0.08175751037888122,0.08903694971969295,True,0.006525182674173831,0.006525182674173831,0.82242647512703,0.788257349852075,0.03173624814627213,0.03417964236876385,0.06591589051503598,0.411213237563515,0.381816907489768,0.4046880548893412,0.37529172481559414,True,True,True,0,0.0,3,3,True,True,0.0,0.19709698190373048,0.000492627608806256,0.0004924118982612833,0.2624700356779335
rgg,12,509,4,2,36,8,11,0.2,0.31149333120697636,1.904982978098599,0.16351502075776236,0.1954787292246285,True,0.012699951549218207,0.012699951549218207,0.82242647512703,0.788257349852075,0.06176820388597827,0.06855191899964419,0.13032012288562245,0.411213237563515,0.37052067205541317,0.3985132860142968,0.35782072050619496,True,True,True,0,0.0,3,3,True,True,0.0,0.13269274953314403,0.000492627608806256,0.0004922002558333533,0.26198454752084444
rgg,12,509,4,2,37,10,11,-0.2,0.38109808503397674,1.904982978098599,0.20005327575911375,0.2500832489175518,True,0.0021192199846079432,0.0021192199846079432,0.82242647512703,0.788257349852075,0.010307158384124798,0.010865365627771156,0.021172524011895955,0.411213237563515,0.3900871921311799,0.40909401757890707,0.38796797214657197,True,True,True,0,0.0,3,3,True,True,0.0,0.24184034840687052,0.000492627608806256,0.000492358661134797,0.2627235219981199
rgg,12,509,4,2,37,10,11,-0.1,0.19054904251698854,1.904982978098599,0.10002663787955696,0.11114399835555402,True,0.00101994790484096,0.00101994790484096,0.82242647512703,0.788257349852075,0.004960676416373494,0.005201449028926507,0.010162125445300001,0.411213237563515,0.3921783715148547,0.4101932896586741,0.39115842361001374,True,True,True,0,0.0,3,3,True,True,0.0,0.2528507469734665,0.000492627608806256,0.0004924987373638039,0.26287486763756396
rgg,12,509,4,2,37,10,11,-0.05,0.09527452125849456,1.904982978098599,0.05001331893977863,0.05264633698228469,True,0.0005006218298575906,0.0005006218298575906,0.82242647512703,0.788257349852075,0.0024348526950340003,0.002546590935250835,0.004981443630284835,0.411213237563515,0.39317019700950134,0.4107126157336574,0.39266957517964374,True,True,True,0,0.0,3,3,True,True,0.0,0.2580314287884816,0.000492627608806256,0.0004925644873213256,0.2629454271691192
rgg,12,509,4,2,37,10,11,-0.02,0.0381098085033983,1.904982978098599,0.0200053275759117,0.02041371054235128,True,0.0001980713677360065,0.0001980713677360065,0.82242647512703,0.788257349852075,0.0009633511260950731,0.0010060789004377778,0.001969430026532851,0.411213237563515,0.3937491734491582,0.411015166195779,0.3935511020814222,True,True,True,0,0.0,3,3,True,True,0.0,0.26104344239223365,0.000492627608806256,0.0004926026653858377,0.2629862549870713
rgg,12,509,4,2,37,10,11,0.02,0.0381098085033974,1.904982978098599,0.02000532757591123,0.02041371054235079,True,0.00019524301147576882,0.00019524301147576882,0.82242647512703,0.788257349852075,0.0009495949723438173,0.0009916989742027585,0.0019412939465465757,0.411213237563515,0.3937545899605827,0.41101799455203925,0.39355934694910694,True,True,True,0,0.0,3,3,True,True,0.0,0.2610715784722199,0.000492627608806256,0.000492652156703768,0.26303902340694607
rgg,12,509,4,2,37,10,11,0.05,0.09527452125849378,1.904982978098599,0.05001331893977822,0.05264633698228425,True,0.00048293938548192675,0.00048293938548192675,0.82242647512703,0.788257349852075,0.0023488513567481305,0.0024564316293928497,0.004805282986140981,0.411213237563515,0.3932040116266486,0.4107302981780331,0.39272107224116665,True,True,True,0,0.0,3,3,True,True,0.0,0.2582075894326255,0.000492627608806256,0.0004926882574280264,0.2630774012642057
rgg,12,509,4,2,37,10,11,0.1,0.1905490425169882,1.904982978098599,0.10002663787955678,0.11114399835555382,True,0.0009491434806634248,0.0009491434806634248,0.82242647512703,0.788257349852075,0.004616308007432871,0.004838699687802684,0.009455007695235555,0.411213237563515,0.39231344861348205,0.4102640940828516,0.3913643051328186,True,True,True,0,0.0,3,3,True,True,0.0,0.2535578647235309,0.000492627608806256,0.0004927465767037432,0.2631391953805645
rgg,12,509,4,2,37,10,11,0.2,0.3810980850339762,1.904982978098599,0.20005327575911344,0.25008324891755135,True,0.001834801190622496,0.001834801190622496,0.82242647512703,0.788257349852075,0.008923843023604496,0.009394129690005358,0.018317972713609854,0.411213237563515,0.3906271791360482,0.4093784363728925,0.3887923779454257,True,True,True,0,0.0,3,3,True,True,0.0,0.24469489970515662,0.000492627608806256,0.0004928567476202018,0.26325523458685063
rgg,12,546,4,2,0,0,2,-0.2,0.4634726179184989,0.17015542542615147,2.723819218562907,inf,False,0.032636907537766366,0.032636907537766366,0.6406978662374869,0.6369640945067511,0.20375849059356083,0.25127265496346507,0.4550311455570259,0.32034893311874346,0.2597728554467,0.2877120255809771,0.2271359479089336,True,True,True,0,4.0,5,5,True,False,4.0,1.0356392216488408,8.882828896284069e-05,9.032857211864065e-05,0.3074450010411758
rgg,12,546,4,2,0,0,2,-0.1,0.2317363089592497,0.17015542542615147,1.361909609281455,inf,False,0.015766329186159167,0.015766329186159167,0.6406978662374869,0.6369640945067511,0.09843222534045447,0.1092506932974588,0.20768291863791327,0.32034893311874346,0.288626620304036,0.3045826039325843,0.27286029111787685,True,True,True,0,0.0,5,5,True,True,0.0,0.06211445663771897,8.882828896284069e-05,8.948234997787027e-05,0.28876286812691215
rgg,12,546,4,2,0,0,2,-0.05,0.11586815447962515,0.17015542542615147,0.6809548046407292,2.1343521687387232,False,0.0077534694646337245,0.0077534694646337245,0.6406978662374869,0.6369640945067511,0.04840640103995447,0.05110504241586276,0.09951144345581722,0.32034893311874346,0.30343265940533043,0.31259546365410973,0.2956791899406967,True,True,True,0,0.0,5,5,True,True,0.0,0.17028593181981502,8.882828896284069e-05,8.913340697900086e-05,0.279305495241388
rgg,12,546,4,2,0,0,2,-0.02,0.04634726179184967,0.17015542542615147,0.2723819218562894,0.37434738091058223,False,0.0030712410321221744,0.0030712410321221744,0.6406978662374869,0.6369640945067511,0.01917434843451631,0.01966012408036227,0.03883447251487858,0.32034893311874346,0.3124335349632831,0.31727769208662127,0.3093622939311609,True,True,True,0,0.0,5,5,True,True,0.0,0.23096290276075365,8.882828896284069e-05,8.894532398683692e-05,0.2736055594123649
rgg,12,546,4,2,0,0,2,0.02,0.046347261791850114,0.17015542542615147,0.272381921856292,0.3743473809105871,False,0.003032127455058019,0.003032127455058019,0.6406978662374869,0.6369640945067511,0.018930154850455537,0.01940500477799206,0.03833515962844759,0.32034893311874346,0.3125098385440098,0.3173168056636854,0.3094777110889518,True,True,True,0,0.0,5,5,True,True,0.0,0.23146221564718467,8.882828896284069e-05,8.871766516930613e-05,0.2659838631601573
rgg,12,546,4,2,0,0,2,0.05,0.11586815447962517,0.17015542542615147,0.6809548046407293,2.1343521687387246,False,0.007508919907951034,0.007508919907951034,0.6406978662374869,0.6369640945067511,0.04687963112502522,0.04941764856115653,0.09629727968618175,0.32034893311874346,0.3038962850957351,0.3128400132107924,0.296387365187784,True,True,True,0,0.0,5,5,True,True,0.0,0.1735000955894505,8.882828896284069e-05,8.856326500266194e-05,0.260255821611511
rgg,12,546,4,2,0,0,2,0.1,0.23173630895925035,0.17015542542615147,1.3619096092814587,inf,False,0.014786847569314223,0.014786847569314223,0.6406978662374869,0.6369640945067511,0.09231713322942889,0.10183884305967439,0.19415597628910328,0.32034893311874346,0.290397006192413,0.30556208554942926,0.2756101586230988,True,True,True,0,0.0,5,5,True,True,0.0,0.07564139898652897,8.882828896284069e-05,8.833494557634025e-05,0.25069623159419424
rgg,12,546,4,2,0,0,2,0.2,0.4634726179184994,0.17015542542615147,2.72381921856291,inf,False,0.028698324483655623,0.028698324483655623,0.6406978662374869,0.6369640945067511,0.17916915910575573,0.21558262623810467,0.3947517853438604,0.32034893311874346,0.26623967788535213,0.29165060863508785,0.23754135340169652,True,True,True,0,4.0,5,5,True,False,4.0,1.0959185818620063,8.882828896284069e-05,8.797636794197969e-05,0.23157622749638745
rgg,12,546,4,2,1,0,5,-0.2,0.40299079514496605,0.17015542542615147,2.368368767176728,inf,False,0.05564160455403067,0.05564160455403067,0.6406978662374869,0.6369640945067511,0.34738123840360063,0.4945502659026398,0.8419315043062404,0.32034893311874346,0.22501900571208924,0.2647073285647128,0.16937740115805858,True,True,True,0,4.0,5,5,True,False,4.0,0.6487388628996263,8.882828896284069e-05,0.0002825045297566005,0.3670293465528253
rgg,12,546,4,2,1,0,5,-0.1,0.20149539757248303,0.17015542542615147,1.184184383588364,inf,False,0.02636474499854389,0.02636474499854389,0.6406978662374869,0.6369640945067511,0.16460017357867268,0.19518820114837318,0.35978837472704583,0.32034893311874346,0.27014691301450755,0.29398418812019955,0.24378216801596367,True,True,True,0,4.0,5,5,True,False,4.0,1.130881992478821,8.882828896284069e-05,0.0001562965077621677,0.3168604909295192
rgg,12,546,4,2,1,0,5,-0.05,0.10074769878624158,0.17015542542615147,0.5920921917941824,1.4515343415427613,False,0.012836088502217327,0.012836088502217327,0.6406978662374869,0.6369640945067511,0.08013816919726956,0.08733358876991108,0.16747175796718064,0.32034893311874346,0.2939553654673521,0.3075128446165261,0.2811192769651348,True,True,True,0,0.0,5,5,True,True,0.0,0.1023256173084516,8.882828896284069e-05,0.0001164844858887844,0.2929343423544875
rgg,12,546,4,2,1,0,5,-0.02,0.04029907951449696,0.17015542542615147,0.2368368767176749,0.31033585021646715,True,0.0050536217046638935,0.0050536217046638935,0.6406978662374869,0.6369640945067511,0.031550732231036785,0.032752923994991065,0.06430365622602785,0.32034893311874346,0.30859056769629173,0.31529531141407957,0.30353694599162784,True,True,True,0,0.0,5,5,True,True,0.0,0.2054937190496044,8.882828896284069e-05,9.856984824886822e-05,0.2789572261696401
rgg,12,546,4,2,1,0,5,0.02,0.04029907951449707,0.17015542542615147,0.23683687671767553,0.31033585021646826,True,0.004948541490625474,0.004948541490625474,0.6406978662374869,0.6369640945067511,0.03089469624542937,0.032050857360294796,0.06294555360572417,0.32034893311874346,0.3087930806341437,0.315400391628118,0.3038445391435182,True,True,True,0,0.0,5,5,True,True,0.0,0.20685182166990806,8.882828896284069e-05,8.070330993415733e-05,0.2607640078283726
rgg,12,546,4,2,1,0,5,0.05,0.1007476987862417,0.17015542542615147,0.592092191794183,1.4515343415427653,False,0.012179307216736126,0.012179307216736126,0.6406978662374869,0.6369640945067511,0.076037757317716,0.08252592545334572,0.15856368277106173,0.32034893311874346,0.2951631781123482,0.30816962590200736,0.2829838708956121,True,True,True,0,0.0,5,5,True,True,0.0,0.11123369250457052,8.882828896284069e-05,7.12984056562152e-05,0.24745042615707552
rgg,12,546,4,2,1,0,5,0.1,0.20149539757248316,0.17015542542615147,1.1841843835883648,inf,False,0.02373720862436787,0.02373720862436787,0.6406978662374869,0.6369640945067511,0.1481959586584246,0.17287626588153732,0.3210722245399619,0.32034893311874346,0.2746150086401529,0.2966117244943756,0.2508778000157851,True,True,True,0,4.0,5,5,True,False,4.0,1.1695981426659048,8.882828896284069e-05,6.219056043823347e-05,0.22588710107804172
rgg,12,546,4,2,1,0,5,0.2,0.40299079514496605,0.17015542542615147,2.368368767176728,inf,False,0.04512591757478396,0.04512591757478396,0.6406978662374869,0.6369640945067511,0.28172978218133893,0.3755993006449841,0.657329082826323,0.32034893311874346,0.2402875484448088,0.2752230155439595,0.19516163087002483,True,True,True,0,4.0,5,5,True,False,4.0,0.8333412843795438,8.882828896284069e-05,6.374876082759082e-05,0.18505882389839423
rgg,12,546,4,2,2,0,9,-0.2,0.36838069226177217,0.17015542542615147,2.1649658912677556,inf,False,0.024058715615155598,0.024058715615155598,0.6406978662374869,0.6369640945067511,0.15020318863517348,0.17556983216690256,0.32577302080207604,0.32034893311874346,0.27406434600090723,0.29629021750358786,0.25000563038575163,True,True,True,0,4.0,5,5,True,False,4.0,1.1648973464037908,8.882828896284069e-05,0.00010295484206544042,0.2941535173782799
rgg,12,546,4,2,2,0,9,-0.1,0.18419034613088636,0.17015542542615147,1.0824829456338796,inf,False,0.011695823217232849,0.011695823217232849,0.6406978662374869,0.6369640945067511,0.07301927372361543,0.07901102616850865,0.15203029989212408,0.32034893311874346,0.2960554693287718,0.3086531099015106,0.28435964611153897,True,True,True,0,0.0,5,5,True,True,0.0,0.11776707538350817,8.882828896284069e-05,9.536854780852052e-05,0.2820949829938212
rgg,12,546,4,2,2,0,9,-0.05,0.09209517306544368,0.17015542542615147,0.5412414728169427,1.1797959945079612,False,0.005768679704316113,0.005768679704316113,0.6406978662374869,0.6369640945067511,0.03601497684512557,0.03755455076869476,0.07356952761382032,0.32034893311874346,0.30721601437047935,0.31458025341442736,0.30144733466616325,True,True,True,0,0.0,5,5,True,True,0.0,0.19622784766181192,8.882828896284069e-05,9.197889566540646e-05,0.275971223415135
rgg,12,546,4,2,2,0,9,-0.02,0.036838069226177605,0.17015542542615147,0.21649658912677786,0.27631863004334634,True,0.002288953704793868,0.002288953704793868,0.6406978662374869,0.6369640945067511,0.014290378197984656,0.014581032591787033,0.02887141078977169,0.32034893311874346,0.31396318338704665,0.3180599794139496,0.3116742296822528,True,True,True,0,0.0,5,5,True,True,0.0,0.24092596448586057,8.882828896284069e-05,9.006116019335895e-05,0.27227235583825565
rgg,12,546,4,2,2,0,9,0.02,0.03683806922617671,0.17015542542615147,0.21649658912677258,0.2763186300433378,True,0.0022648186721688367,0.0022648186721688367,0.6406978662374869,0.6369640945067511,0.014139698547579294,0.014425114507778586,0.02856481305535788,0.32034893311874346,0.31401049481410465,0.31808411444657464,0.3117456761419358,True,True,True,0,0.0,5,5,True,True,0.0,0.24123256222027437,8.882828896284069e-05,8.763046752924565e-05,0.26731576812266594
rgg,12,546,4,2,2,0,9,0.05,0.09209517306544279,0.17015542542615147,0.5412414728169375,1.1797959945079364,False,0.00561779930147796,0.00561779930147796,0.6406978662374869,0.6369640945067511,0.035073001472401444,0.03653787369119695,0.0716108751635984,0.32034893311874346,0.3075055406320184,0.3147311338172655,0.3018877413305404,True,True,True,0,0.0,5,5,True,True,0.0,0.19818650011203384,8.882828896284069e-05,8.589687185828989e-05,0.2635820583384791
rgg,12,546,4,2,2,0,9,0.1,0.18419034613088547,0.17015542542615147,1.0824829456338743,inf,False,0.01109178045250773,0.01109178045250773,0.6406978662374869,0.6369640945067511,0.06924811857198444,0.07464837873124812,0.14389649730323256,0.32034893311874346,0.2971740482788186,0.3092571526662357,0.28608226782631085,True,True,True,0,0.0,5,5,True,True,0.0,0.12590087797239968,8.882828896284069e-05,8.316662502679707e-05,0.2573331397726622
rgg,12,546,4,2,2,0,9,0.2,0.3683806922617713,0.17015542542615147,2.1649658912677503,inf,False,0.02163417773936832,0.02163417773936832,0.6406978662374869,0.6369640945067511,0.13506633238169205,0.15550487039053307,0.29057120277222515,0.32034893311874346,0.2782443750480163,0.29871475537937514,0.256610197308648,True,True,True,0,4.0,5,5,True,False,4.0,1.2000991644336416,8.882828896284069e-05,7.82456688740825e-05,0.24476261451157366
rgg,12,546,4,2,3,0,10,-0.2,0.4035586699459407,0.17015542542615147,2.37170615591736,inf,False,0.06209743465731973,0.06209743465731973,0.6406978662374869,0.6369640945067511,0.3876862273444946,0.5746305187871541,0.9623167461316486,0.32034893311874346,0.216129956997014,0.2582514984614237,0.15403252233969428,True,True,True,0,4.0,5,5,True,False,4.0,0.5283536210742181,8.882828896284069e-05,0.00010981638144868462,0.3788377090177806
rgg,12,546,4,2,3,0,10,-0.1,0.2017793349729704,0.17015542542615147,1.1858530779586802,inf,False,0.029015170616985036,0.029015170616985036,0.6406978662374869,0.6369640945067511,0.18114729045300118,0.21839436910475463,0.3995416595577558,0.32034893311874346,0.2657135413877605,0.2913337625017584,0.23669837077077546,True,True,True,0,4.0,5,5,True,False,4.0,1.091128707648111,8.882828896284069e-05,6.133268054856841e-05,0.32192423640383033
rgg,12,546,4,2,3,0,10,-0.05,0.10088966748648542,0.17015542542615147,0.5929265389793414,1.4565590630563139,False,0.014033513174334405,0.014033513174334405,0.6406978662374869,0.6369640945067511,0.08761392171787015,0.09619703553950083,0.18381095725737098,0.32034893311874346,0.29176602159578824,0.30631541994440903,0.2777325084214538,True,True,True,0,0.0,5,5,True,True,0.0,0.08598641801826126,8.882828896284069e-05,6.76955237585838e-05,0.295268112429714
rgg,12,546,4,2,3,0,10,-0.02,0.04035586699459415,0.17015542542615147,0.23717061559173644,0.310909123900245,True,0.005503927267009817,0.005503927267009817,0.6406978662374869,0.6369640945067511,0.03436207646098001,0.03577181579689821,0.07013389225787822,0.32034893311874346,0.30772423173928254,0.31484500585173364,0.3022203044722727,True,True,True,0,0.0,5,5,True,True,0.0,0.19966348301775402,8.882828896284069e-05,7.882499512198697e-05,0.27984497639093353
rgg,12,546,4,2,3,0,10,0.02,0.040355866994594036,0.17015542542615147,0.23717061559173577,0.3109091239002439,True,0.005362857768035758,0.005362857768035758,0.6406978662374869,0.6369640945067511,0.03348135244794408,0.034824275094896676,0.06830562754284075,0.32034893311874346,0.3079953712415773,0.3149860753507077,0.30263251347354153,True,True,True,0,0.0,5,5,True,True,0.0,0.2014917477327915,8.882828896284069e-05,0.00010067060504437137,0.2599350761920445
rgg,12,546,4,2,3,0,10,0.05,0.10088966748648497,0.17015542542615147,0.5929265389793388,1.4565590630562977,False,0.013151618309261764,0.013151618309261764,0.6406978662374869,0.6369640945067511,0.0821080824663578,0.08965681827445766,0.17176490074081546,0.32034893311874346,0.2933768688735306,0.3071973148094817,0.28022525056426884,True,True,True,0,0.0,5,5,True,True,0.0,0.09803247453481678,8.882828896284069e-05,0.00012149827441138102,0.2454841762451514
rgg,12,546,4,2,3,0,10,0.1,0.20177933497297063,0.17015542542615147,1.1858530779586816,inf,False,0.025484624347092127,0.025484624347092127,0.6406978662374869,0.6369640945067511,0.15910541108401796,0.18763846770420262,0.34674387878822055,0.32034893311874346,0.2716353918138646,0.2948643087716513,0.24615076746677247,True,True,True,0,4.0,5,5,True,False,4.0,1.1439264884176463,8.882828896284069e-05,0.00016309478280127472,0.2222919997510967
rgg,12,546,4,2,3,0,10,0.2,0.40355866994594103,0.17015542542615147,2.371706155917362,inf,False,0.04793033321229199,0.04793033321229199,0.6406978662374869,0.6369640945067511,0.299238288360559,0.4059878391168753,0.7052261274774343,0.32034893311874346,0.23611708821895944,0.27241859990645145,0.18818675500666746,True,True,True,0,4.0,5,5,True,False,4.0,0.7854442397284325,8.882828896284069e-05,0.0002650618201240752,0.1790979537990135
rgg,12,546,4,2,4,0,3,-0.2,0.4497973442770455,0.17015542542615147,2.6434499114590992,inf,False,0.28192445785558334,0.28192445785558334,0.6406978662374869,0.6369640945067511,1.7601086110131208,10.291608349391035,12.051716960404157,0.32034893311874346,0.054787249627948606,0.03842447526316012,-0.22713720822763472,True,False,False,0,,5,5,False,False,,,8.882828896284069e-05,6.080335971371978e-05,0.7861409655351206
rgg,12,546,4,2,4,0,3,-0.1,0.22489867213852296,0.17015542542615147,1.321724955729551,inf,False,0.15456072898556047,0.15456072898556047,0.6406978662374869,0.6369640945067511,0.9649523566745863,2.547520459620723,3.5124728162953094,0.32034893311874346,0.12134209042511211,0.165788204133183,-0.03321863856044836,True,False,False,0,,5,5,False,False,,,8.882828896284069e-05,7.0468527267445e-05,0.5743786733385094
rgg,12,546,4,2,4,0,3,-0.05,0.1124493360692619,0.17015542542615147,0.6608624778647779,1.948656325917474,False,0.07937965790886371,0.07937965790886371,0.6406978662374869,0.6369640945067511,0.49558247087678065,0.8182443115236225,1.3138267824004033,0.32034893311874346,0.19402434405209312,0.24096927520987976,0.11464468614322941,True,True,True,0,4.0,5,5,True,False,4.0,0.17684358480546347,8.882828896284069e-05,7.852594848956216e-05,0.432657046728938
rgg,12,546,4,2,4,0,3,-0.02,0.044979734427704865,0.17015542542615147,0.2643449911459118,0.3593328230819437,False,0.032002619717965974,0.032002619717965974,0.6406978662374869,0.6369640945067511,0.1997985097462684,0.24541548419159892,0.4452139939378673,0.32034893311874346,0.2608035904774544,0.2883463134007775,0.2288009707594884,True,True,True,0,4.0,5,5,True,False,4.0,1.0454563732679993,8.882828896284069e-05,8.446086128337161e-05,0.3371153079053856
rgg,12,546,4,2,4,0,3,0.02,0.044979734427704525,0.17015542542615147,0.2643449911459098,0.35933282308194,False,0.032004388427128466,0.032004388427128466,0.6406978662374869,0.6369640945067511,0.1998095521377337,0.24543175786402385,0.44524131000175754,0.32034893311874346,0.2608007105980132,0.28834454469161497,0.22879632217088472,True,True,True,0,4.0,5,5,True,False,4.0,1.0454290572041092,8.882828896284069e-05,9.347333195234305e-05,0.2001672886150459
rgg,12,546,4,2,4,0,3,0.05,0.11244933606926152,0.17015542542615147,0.6608624778647757,1.948656325917455,False,0.07938933760653945,0.07938933760653945,0.6406978662374869,0.6369640945067511,0.4956429030910009,0.818393545540348,1.314036448631349,0.32034893311874346,0.19401261908565584,0.24095959551220403,0.11462328147911639,True,True,True,0,4.0,5,5,True,False,4.0,0.17663391857451782,8.882828896284069e-05,0.00010083544265264606,0.0926594354142295
rgg,12,546,4,2,4,0,3,0.1,0.22489867213852288,0.17015542542615147,1.3217249557295505,inf,False,0.1545816091471868,0.1545816091471868,0.6406978662374869,0.6369640945067511,0.9650827155393595,2.5481967716581875,3.513279487197547,0.32034893311874346,0.12132627343891966,0.16576732397155666,-0.033255335708267136,True,False,False,4,,5,5,False,False,,,8.882828896284069e-05,0.00011360906317136932,0.089571676334812
rgg,12,546,4,2,4,0,3,0.2,0.4497973442770452,0.17015542542615147,2.6434499114590975,inf,False,0.2818017172496286,0.2818017172496286,0.6406978662374869,0.6369640945067511,1.7593423178042762,10.279247786164206,12.038590103968481,0.32034893311874346,0.05482924881506052,0.03854721586911486,-0.2269724684345681,True,False,False,4,,5,5,False,False,,,8.882828896284069e-05,0.00013773712590562983,0.43548687011793663
rgg,12,546,4,2,5,1,4,-0.2,0.5191016809894753,0.17015542542615147,3.0507500991484324,inf,False,0.44984096231524795,0.44984096231524795,0.6406978662374869,0.6369640945067511,2.80844364259834,46.848491961296425,49.656935603894766,0.32034893311874346,0.019204074388856785,-0.1294920291965045,-0.43063688792639115,False,False,False,4,,5,5,False,False,,,8.882828896284069e-05,0.0001445194220867569,0.6888277272461578
rgg,12,546,4,2,5,1,4,-0.1,0.25955084049473753,0.17015542542615147,1.5253750495742155,inf,False,0.23292163706652885,0.23292163706652885,0.6406978662374869,0.6369640945067511,1.4541745764465648,6.261737644128596,7.715912220575161,0.32034893311874346,0.0743952079451719,0.08742729605221461,-0.15852642912135695,True,False,False,4,,5,5,False,False,,,8.882828896284069e-05,0.00012036793139864738,0.2855508484907898
rgg,12,546,4,2,5,1,4,-0.05,0.12977542024736932,0.17015542542615147,0.762687524787111,3.2138534820089717,False,0.11111522569058853,0.11111522569058853,0.6406978662374869,0.6369640945067511,0.693713724024806,1.396351173827742,2.0900648978525482,0.32034893311874346,0.15915083221650375,0.20923370742815495,0.04803560652591522,True,True,True,0,5.0,5,5,False,False,5.0,inf,8.882828896284069e-05,0.00010362468992766763,0.02268106324302499
rgg,12,546,4,2,5,1,4,-0.02,0.05191016809894755,0.17015542542615147,0.3050750099148434,0.4390042296183063,False,0.042408697104658194,0.042408697104658194,0.6406978662374869,0.6369640945067511,0.26476565220174214,0.3470453511862191,0.6118110033879612,0.32034893311874346,0.24439858917402613,0.27794023601408524,0.20198989206936793,True,True,True,0,4.0,5,5,True,False,4.0,0.8788593638179055,8.882828896284069e-05,9.43334588244041e-05,0.1788160634935413
rgg,12,546,4,2,5,1,4,0.02,0.05191016809894755,0.17015542542615147,0.3050750099148434,0.4390042296183063,False,0.039237045333551844,0.039237045333551844,0.6406978662374869,0.6369640945067511,0.24496442021243056,0.3147951492499207,0.5597595694623513,0.32034893311874346,0.24928621312649868,0.28111188778519164,0.21004916779294683,True,True,True,0,4.0,5,5,True,False,4.0,0.9309107977435155,8.882828896284069e-05,8.395773080777447e-05,0.35061292198980676
rgg,12,546,4,2,5,1,4,0.05,0.12977542024736843,0.17015542542615147,0.7626875247871058,3.213853482008879,False,0.09189838661121107,0.09189838661121107,0.6406978662374869,0.6369640945067511,0.573739301807802,1.02429426017239,1.5980335619801918,0.32034893311874346,0.1794374725789139,0.22845054650753238,0.08753908596770284,True,True,True,0,5.0,5,5,False,False,5.0,inf,8.882828896284069e-05,7.783998624812165e-05,0.4543054917291315
rgg,12,546,4,2,5,1,4,0.1,0.25955084049473776,0.17015542542615147,1.5253750495742169,inf,False,0.1640204202539564,0.1640204202539564,0.6406978662374869,0.6369640945067511,1.0240110285815067,2.8679085505417072,3.891919579123214,0.32034893311874346,0.11438329874428894,0.15632851286478705,-0.04963712150966747,True,False,False,0,,5,5,False,False,,,8.882828896284069e-05,7.041500077501994e-05,0.5879401612117339
rgg,12,546,4,2,5,1,4,0.2,0.5191016809894751,0.17015542542615147,3.050750099148431,inf,False,0.262775209350939,0.262775209350939,0.6406978662374869,0.6369640945067511,1.640556169753413,8.511653230258705,10.152209400012119,0.32034893311874346,0.06174481084750492,0.05757372376780445,-0.2010303985034341,True,False,False,0,,5,5,False,False,,,8.882828896284069e-05,6.24519801475753e-05,0.7561026224747538
rgg,12,546,4,2,6,1,6,-0.2,0.34779378044809384,0.17015542542615147,2.0439770261632857,inf,False,0.38360509746132365,0.38360509746132365,0.6406978662374869,0.6369640945067511,2.394920399620205,26.4198363448774,28.814756744497604,0.32034893311874346,0.029039172874036494,-0.06325616434258019,-0.35456592458728714,False,False,False,4,,5,5,False,False,,,8.882828896284069e-05,0.00016270770496454925,0.6833140447066026
rgg,12,546,4,2,6,1,6,-0.1,0.17389689022404697,0.17015542542615147,1.0219885130816433,inf,False,0.20675540037284434,0.20675540037284434,0.6406978662374869,0.6369640945067511,1.2908137283928864,4.720578029362249,6.011391757755136,0.32034893311874346,0.08759749297090935,0.11359353274589912,-0.11915790740193499,True,False,False,4,,5,5,False,False,,,8.882828896284069e-05,0.00012593058446128694,0.21165537403441936
rgg,12,546,4,2,6,1,6,-0.05,0.08694844511202315,0.17015542542615147,0.5109942565408196,1.044965756283545,False,0.10279280070711232,0.10279280070711232,0.6406978662374869,0.6369640945067511,0.6417552242573581,1.226361452286241,1.868116676543599,0.32034893311874346,0.1676386688695753,0.21755613241163113,0.06484586816246297,True,True,True,0,5.0,5,5,False,False,5.0,inf,8.882828896284069e-05,0.00010599863317928726,0.04350607211824187
rgg,12,546,4,2,6,1,6,-0.02,0.034779378044809246,0.17015542542615147,0.20439770261632778,0.25690939215294745,True,0.04034043453040817,0.04034043453040817,0.6406978662374869,0.6369640945067511,0.2518530911757725,0.3258847359089953,0.5777378270847677,0.32034893311874346,0.24757486365776524,0.2800084985883353,0.20723442912735707,True,True,True,0,4.0,5,5,True,False,4.0,0.912932540121099,8.882828896284069e-05,9.52126249387639e-05,0.18369047450379228
rgg,12,546,4,2,6,1,6,0.02,0.03477937804480946,0.17015542542615147,0.20439770261632903,0.25690939215294945,True,0.03869434980918561,0.03869434980918561,0.6406978662374869,0.6369640945067511,0.24157626768085916,0.3093911116306105,0.5509673793114697,0.32034893311874346,0.25013226530814964,0.28165458330955784,0.211437915498964,True,True,True,0,4.0,5,5,True,False,4.0,0.9397029878943971,8.882828896284069e-05,8.318207374903962e-05,0.34941010681684476
rgg,12,546,4,2,6,1,6,0.05,0.08694844511202383,0.17015542542615147,0.5109942565408236,1.044965756283562,False,0.09284793892579717,0.09284793892579717,0.6406978662374869,0.6369640945067511,0.5796675395287257,1.041031140153556,1.6206986796822815,0.32034893311874346,0.17837687143941103,0.22750099419294628,0.08552893251361386,True,True,True,0,5.0,5,5,False,False,5.0,inf,8.882828896284069e-05,7.613228647665442e-05,0.4562921780848104
rgg,12,546,4,2,6,1,6,0.1,0.1738968902240473,0.17015542542615147,1.0219885130816453,inf,False,0.17128283980593817,0.17128283980593817,0.6406978662374869,0.6369640945067511,1.0693517105764727,3.1338084068182592,4.203160117394732,0.32034893311874346,0.10931289828266229,0.1490660933128053,-0.06196994152327588,True,False,False,0,,5,5,False,False,,,8.882828896284069e-05,6.784672521655865e-05,0.6024599949309614
rgg,12,546,4,2,6,1,6,0.2,0.3477937804480944,0.17015542542615147,2.0439770261632892,inf,False,0.2860947251896818,0.2860947251896818,0.6406978662374869,0.6369640945067511,1.786144392019157,10.719327587694009,12.505471979713166,0.32034893311874346,0.05337922977895068,0.03425420792906164,-0.23271549541073114,True,False,False,0,,5,5,False,False,,,8.882828896284069e-05,6.02906142733933e-05,0.7997976995132206
rgg,12,546,4,2,7,2,5,-0.2,0.3874294091327051,0.17015542542615147,2.2769148157479817,inf,False,0.009553773747740357,0.009553773747740357,0.6406978662374869,0.6369640945067511,0.05964604691971344,0.06368306252913354,0.12332910944884698,0.32034893311874346,0.30004127842845885,0.3107951593710031,0.2904875046807185,True,True,True,0,0.0,5,5,True,True,0.0,0.14646826582678527,8.882828896284069e-05,4.457514751811152e-05,0.25663237692425733
rgg,12,546,4,2,7,2,5,-0.1,0.19371470456635245,0.17015542542615147,1.1384574078739902,inf,False,0.004487339768738604,0.004487339768738604,0.6406978662374869,0.6369640945067511,0.028015325195887484,0.02898016773729128,0.056995492933178765,0.32034893311874346,0.30968349178768606,0.31586159335000485,0.30519615201894745,True,True,True,0,0.0,5,5,True,True,0.0,0.21280188234245348,8.882828896284069e-05,6.584524015396948e-05,0.26370565340176755
rgg,12,546,4,2,7,2,5,-0.05,0.09685735228317673,0.17015542542615147,0.5692287039369981,1.3214174415505766,False,0.0021781328938076886,0.0021781328938076886,0.6406978662374869,0.6369640945067511,0.01359850256158226,0.013865488268090297,0.027463990829672557,0.32034893311874346,0.31418048202750876,0.31817080022493577,0.31200234913370106,True,True,True,0,0.0,5,5,True,True,0.0,0.2423333844459597,8.882828896284069e-05,7.717480820496532e-05,0.26686128714884405
rgg,12,546,4,2,7,2,5,-0.02,0.038742940913270796,0.17015542542615147,0.22769148157479985,0.29481933209681704,True,0.0008562999983395387,0.0008562999983395387,0.6406978662374869,0.6369640945067511,0.005346045576010298,0.00540620787281944,0.010752253448829737,0.32034893311874346,0.3167839707550727,0.31949263312040393,0.31592767075673317,True,True,True,0,0.0,5,5,True,True,0.0,0.2590451218268025,8.882828896284069e-05,8.413363031306024e-05,0.2686478330282332
rgg,12,546,4,2,7,2,5,0.02,0.03874294091327124,0.17015542542615147,0.22769148157480246,0.29481933209682143,True,0.0008371997657702656,0.0008371997657702656,0.6406978662374869,0.6369640945067511,0.005226799150662016,0.005284989241392183,0.0105117883920542,0.32034893311874346,0.3168217483635705,0.31951173335297317,0.31598454859780023,True,True,True,0,0.0,5,5,True,True,0.0,0.25928558688357806,8.882828896284069e-05,9.356145972694212e-05,0.2709152871571999
rgg,12,546,4,2,7,2,5,0.05,0.09685735228317618,0.17015542542615147,0.5692287039369949,1.3214174415505595,False,0.002058660494541958,0.002058660494541958,0.6406978662374869,0.6369640945067511,0.012852613395649276,0.01309518351511615,0.025947796910765424,0.32034893311874346,0.3144149132641917,0.3182902726242015,0.31235625276964973,True,True,True,0,0.0,5,5,True,True,0.0,0.24384957836486681,8.882828896284069e-05,0.00010072343165372392,0.27253558399969435
rgg,12,546,4,2,7,2,5,0.1,0.19371470456635298,0.17015542542615147,1.1384574078739933,inf,False,0.004008074126957255,0.004008074126957255,0.6406978662374869,0.6369640945067511,0.02502317762033305,0.025807635265049547,0.0508308128853826,0.32034893311874346,0.31061149817048606,0.3163408589917862,0.3066034240435288,True,True,True,0,0.0,5,5,True,True,0.0,0.21896656239024964,8.882828896284069e-05,0.00011279179598025547,0.27509485940602846
rgg,12,546,4,2,7,2,5,0.2,0.3874294091327062,0.17015542542615147,2.276914815747988,inf,False,0.00761435208230015,0.00761435208230015,0.6406978662374869,0.6369640945067511,0.04753786446654245,0.05014451394307722,0.09768237840961967,0.32034893311874346,0.30369631624882304,0.3127345810364433,0.2960819641665229,True,True,True,0,0.0,5,5,True,True,0.0,0.17211499686601256,8.882828896284069e-05,0.0001372292608216786,0.27974118052751534
rgg,12,546,4,2,8,2,7,-0.2,0.5161111616029401,0.17015542542615147,3.0331748770886864,inf,False,0.05718163919036572,0.05718163919036572,0.6406978662374869,0.6369640945067511,0.356995970822667,0.5131484487919031,0.8701444196145701,0.32034893311874346,0.22286587565445246,0.26316729392837773,0.16568423646408673,True,True,True,0,4.0,5,5,True,False,4.0,0.6205259475912966,8.882828896284069e-05,9.435403021969331e-05,0.16847982657988436
rgg,12,546,4,2,8,2,7,-0.1,0.2580555808014702,0.17015542542615147,1.5165874385443439,inf,False,0.026216267547903085,0.026216267547903085,0.6406978662374869,0.6369640945067511,0.16367320029866012,0.19390913437569837,0.3575823346743585,0.32034893311874346,0.27039744808626853,0.2941326655708404,0.24418118053836546,True,True,True,0,4.0,5,5,True,False,4.0,1.1330880325315082,8.882828896284069e-05,9.13124718636977e-05,0.2252036643999521
rgg,12,546,4,2,8,2,7,-0.05,0.12902779040073464,0.17015542542615147,0.7582937192721693,3.1372528549476675,False,0.012579717921861912,0.012579717921861912,0.6406978662374869,0.6369640945067511,0.07853759835809411,0.08545242422882816,0.16399002258692227,0.32034893311874346,0.2944262385857048,0.30776921519688155,0.2818465206638429,True,True,True,0,0.0,5,5,True,True,0.0,0.10580735268870997,8.882828896284069e-05,9.000885165104818e-05,0.24880179015289905
rgg,12,546,4,2,8,2,7,-0.02,0.05161111616029367,0.17015542542615147,0.30331748770886663,0.4353740511030866,False,0.004912521688592835,0.004912521688592835,0.6406978662374869,0.6369640945067511,0.030669817693895145,0.03181040897645524,0.062480226670350386,0.32034893311874346,0.3088625293833149,0.3154364114301506,0.303950007694722,True,True,True,0,0.0,5,5,True,True,0.0,0.20731714860528186,8.882828896284069e-05,8.928668821687494e-05,0.2616878904646016
rgg,12,546,4,2,8,2,7,0.02,0.051611116160294575,0.17015542542615147,0.30331748770887196,0.43537405110309746,False,0.004761425790220252,0.004761425790220252,0.6406978662374869,0.6369640945067511,0.02972649694110477,0.030802935958455922,0.06052943289956069,0.32034893311874346,0.3091540232815477,0.3155875073285232,0.3043925974913274,True,True,True,0,0.0,5,5,True,True,0.0,0.20926794237607155,8.882828896284069e-05,8.838730324572213e-05,0.27754671408395426
rgg,12,546,4,2,8,2,7,0.05,0.12902779040073553,0.17015542542615147,0.7582937192721745,3.1372528549477567,False,0.0116344351160912,0.0116344351160912,0.6406978662374869,0.6369640945067511,0.07263601600183056,0.07856620254119098,0.15120221854302154,0.32034893311874346,0.2961689566195198,0.30871449800265227,0.2845345215034286,True,True,True,0,0.0,5,5,True,True,0.0,0.1185951567326107,8.882828896284069e-05,8.775667661892878e-05,0.2885383606312763
rgg,12,546,4,2,8,2,7,0.1,0.2580555808014711,0.17015542542615147,1.5165874385443494,inf,False,0.022421800032920065,0.022421800032920065,0.6406978662374869,0.6369640945067511,0.13998360983839453,0.1619606920068853,0.3019443018452798,0.32034893311874346,0.2768795286694239,0.2979271330858234,0.25445772863650384,True,True,True,0,4.0,5,5,True,False,4.0,1.188726065360587,8.882828896284069e-05,8.678155552801628e-05,0.3053197994292706
rgg,12,546,4,2,8,2,7,0.2,0.516111161602941,0.17015542542615147,3.0331748770886917,inf,False,0.04179044833541776,0.04179044833541776,0.6406978662374869,0.6369640945067511,0.26090580623177745,0.34066853403704395,0.6015743402688214,0.32034893311874346,0.2453437530034606,0.2785584847833257,0.20355330466804283,True,True,True,0,4.0,5,5,True,False,4.0,0.8890960269370454,8.882828896284069e-05,8.50783416502407e-05,0.333970340969363
rgg,12,546,4,2,9,2,9,-0.2,0.49233926599313516,0.17015542542615147,2.8934679265152994,inf,False,0.0034231471103796543,0.0034231471103796543,0.6406978662374869,0.6369640945067511,0.02137136576078934,0.021960997828976654,0.043332363589766,0.32034893311874346,0.31174786656214226,0.3169257860083638,0.3083247194517626,True,True,True,0,0.0,5,5,True,True,0.0,0.22646501168586625,8.882828896284069e-05,9.007440270981807e-05,0.27012146217626065
rgg,12,546,4,2,9,2,9,-0.1,0.24616963299656724,0.17015542542615147,1.4467339632576477,inf,False,0.001638788107776088,0.001638788107776088,0.6406978662374869,0.6369640945067511,0.010231269333858775,0.010397076199958825,0.0206283455338176,0.32034893311874346,0.31524018411687277,0.3187101450109674,0.3136013960090967,True,True,True,0,0.0,5,5,True,True,0.0,0.24916902974181465,8.882828896284069e-05,8.942431387613148e-05,0.2699505769121637
rgg,12,546,4,2,9,2,9,-0.05,0.12308481649828383,0.17015542542615147,0.7233669816288251,2.6148974764040664,False,0.0008023335392566642,0.0008023335392566642,0.6406978662374869,0.6369640945067511,0.0050091225929525035,0.005063786897232331,0.010072909490184835,0.32034893311874346,0.3168907205377022,0.3195465995794868,0.3160883869984455,True,True,True,0,0.0,5,5,True,True,0.0,0.2597244657854474,8.882828896284069e-05,8.911996803980822e-05,0.26987193701883205
rgg,12,546,4,2,9,2,9,-0.02,0.04923392659931313,0.17015542542615147,0.2893467926515277,0.407156106043781,False,0.0003169735291283819,0.0003169735291283819,0.6406978662374869,0.6369640945067511,0.0019789267037195945,0.0019944698316044906,0.003973396535324085,0.32034893311874346,0.317852417826131,0.32003195958961506,0.3175354442970026,True,True,True,0,0.0,5,5,True,True,0.0,0.26582397874030816,8.882828896284069e-05,8.894349095317549e-05,0.2698267305530268
rgg,12,546,4,2,9,2,9,0.02,0.04923392659931313,0.17015542542615147,0.2893467926515277,0.407156106043781,False,0.0003118431379865209,0.0003118431379865209,0.6406978662374869,0.6369640945067511,0.0019468966851275903,0.0019621253910080457,0.003909022076135636,0.32034893311874346,0.31786259880803114,0.3200370899807569,0.3175507556700446,True,True,True,0,0.0,5,5,True,True,0.0,0.2658883531994966,8.882828896284069e-05,8.871499055564402e-05,0.26976862398071016
rgg,12,546,4,2,9,2,9,0.05,0.12308481649828387,0.17015542542615147,0.7233669816288253,2.61489747640407,False,0.0007702574032074635,0.0007702574032074635,0.6406978662374869,0.6369640945067511,0.004808865106611439,0.0048603705878995426,0.009669235694510982,0.32034893311874346,0.31695418663140995,0.319578675715536,0.3161839292282025,True,True,True,0,0.0,5,5,True,True,0.0,0.26012813958112124,8.882828896284069e-05,8.854851144274648e-05,0.26972659041480895
rgg,12,546,4,2,9,2,9,0.1,0.24616963299656747,0.17015542542615147,1.446733963257649,inf,False,0.0015103234311087585,0.0015103234311087585,0.6406978662374869,0.6369640945067511,0.009429239650683827,0.009574366902129943,0.01900360655281377,0.32034893311874346,0.3154931175183537,0.3188386096876347,0.31398279408724494,True,True,True,0,0.0,5,5,True,True,0.0,0.2507937687228185,8.882828896284069e-05,8.827992982128205e-05,0.26965930969014273
rgg,12,546,4,2,9,2,9,0.2,0.49233926599313516,0.17015542542615147,2.8934679265152994,inf,False,0.0029067102268126874,0.0029067102268126874,0.6406978662374869,0.6369640945067511,0.018147150973874225,0.018587799768360315,0.03673495074223454,0.32034893311874346,0.31275463078318894,0.31744222289193075,0.3098479205563762,True,True,True,0,0.0,5,5,True,True,0.0,0.2330624245333977,8.882828896284069e-05,8.777379648788185e-05,0.269534293094572
rgg,12,546,4,2,10,2,10,-0.2,0.3640269074762756,0.17015542542615147,2.139378785980971,inf,False,0.012172807980592865,0.012172807980592865,0.6406978662374869,0.6369640945067511,0.07599718133651957,0.08247854047941279,0.15847572181593236,0.32034893311874346,0.2951751548908963,0.3081761251381506,0.28300234691030346,True,True,True,0,0.0,5,5,True,True,0.0,0.11132165345969988,8.882828896284069e-05,0.00017330255776711991,0.25245981580653304
rgg,12,546,4,2,10,2,10,-0.1,0.18201345373813793,0.17015542542615147,1.0696893929904863,inf,False,0.005679451048917822,0.005679451048917822,0.6406978662374869,0.6369640945067511,0.03545790518873135,0.03695307408001524,0.0724109792687466,0.32034893311874346,0.30738720338232167,0.31466948206982565,0.30170775233340386,True,True,True,0,0.0,5,5,True,True,0.0,0.19738639600688565,8.882828896284069e-05,0.00012510040256426334,0.26184434552827324
rgg,12,546,4,2,10,2,10,-0.05,0.09100672686906887,0.17015542542615147,0.5348446964952426,1.1498196246832053,False,0.002748610055873799,0.002748610055873799,0.6406978662374869,0.6369640945067511,0.017160101200368125,0.01755944187022571,0.034719543070593835,0.32034893311874346,0.31306348757410346,0.31760032306286967,0.31031487751822967,True,True,True,0,0.0,5,5,True,True,0.0,0.23507783220503842,8.882828896284069e-05,0.00010567591184622974,0.26597913985685173
rgg,12,546,4,2,10,2,10,-0.02,0.03640269074762725,0.17015542542615147,0.2139378785980953,0.2721640857296968,True,0.0010787645389863656,0.0010787645389863656,0.6406978662374869,0.6369640945067511,0.006734934488366165,0.006820192710355241,0.013555127198721406,0.32034893311874346,0.3163442984091798,0.3192701685797571,0.31526553387019346,True,True,True,0,0.0,5,5,True,True,0.0,0.2562422480769108,8.882828896284069e-05,9.528025243321173e-05,0.26830577517090626
rgg,12,546,4,2,10,2,10,0.02,0.03640269074762725,0.17015542542615147,0.2139378785980953,0.2721640857296968,True,0.0010524648397570327,0.0010524648397570327,0.6406978662374869,0.6369640945067511,0.006570740408034488,0.006652827635829715,0.013223568043864204,0.32034893311874346,0.3163962445348317,0.31929646827898645,0.3153437796950747,True,True,True,0,0.0,5,5,True,True,0.0,0.25657380723176804,8.882828896284069e-05,8.273574351529386e-05,0.2712438278073569
rgg,12,546,4,2,10,2,10,0.05,0.09100672686906887,0.17015542542615147,0.5348446964952426,1.1498196246832053,False,0.0025840776826393692,0.0025840776826393692,0.6406978662374869,0.6369640945067511,0.016132893950869077,0.016491381234828167,0.032624275185697243,0.32034893311874346,0.31338523387987094,0.3177648554361041,0.3108011561972316,True,True,True,0,0.0,5,5,True,True,0.0,0.237173100089935,8.882828896284069e-05,7.42304414668508e-05,0.2733331154740827
rgg,12,546,4,2,10,2,10,0.1,0.18201345373813838,0.17015542542615147,1.069689392990489,inf,False,0.0050190360053208455,0.0050190360053208455,0.6406978662374869,0.6369640945067511,0.031334807058404926,0.03252174830591749,0.06385655536432241,0.32034893311874346,0.30865720736222585,0.31532989711342263,0.303638171356905,True,True,True,0,0.0,5,5,True,True,0.0,0.20594081991130983,8.882828896284069e-05,6.16043222064011e-05,0.27661578865036607
rgg,12,546,4,2,10,2,10,0.2,0.3640269074762756,0.17015542542615147,2.139378785980971,inf,False,0.009493910084905624,0.009493910084905624,0.6406978662374869,0.6369640945067511,0.05927230655946355,0.06326037897331563,0.12253268553277918,0.32034893311874346,0.30015343692172086,0.31085502303383783,0.29065952683681523,True,True,True,0,0.0,5,5,True,True,0.0,0.14726468974285306,8.882828896284069e-05,4.1350011047323655e-05,0.2825208485332457
rgg,12,546,4,2,11,3,11,-0.2,0.3467099835452854,0.17015542542615147,2.037607573646012,inf,False,0.3856859611669935,0.3856859611669935,0.6406978662374869,0.6369640945067511,2.4079116319331186,26.910489957825323,29.31840158975844,0.32034893311874346,0.028664358157094016,-0.06533702804825003,-0.3570216030098995,False,False,False,0,,5,5,False,False,,,8.882828896284069e-05,5.4906119966620004e-05,0.8778802477568859
rgg,12,546,4,2,11,3,11,-0.1,0.17335499177264263,0.17015542542615147,1.0188037868230055,inf,False,0.2750951187642398,0.2750951187642398,0.6406978662374869,0.6369640945067511,1.71747173362535,9.623131501271592,11.340603234896943,0.32034893311874346,0.057173721200399055,0.04525381435450365,-0.21792139756384077,True,False,False,0,,5,5,False,False,,,8.882828896284069e-05,5.868285427885657e-05,0.7364660233357178
rgg,12,546,4,2,11,3,11,-0.05,0.08667749588632138,0.17015542542615147,0.5094018934115031,1.038328290652737,False,0.1685684204255975,0.1685684204255975,0.6406978662374869,0.6369640945067511,1.0524050683391188,3.0323195822403806,4.084724650579499,0.32034893311874346,0.11118117062124003,0.15178051269314596,-0.05738724980435747,True,False,False,0,,5,5,False,False,,,8.882828896284069e-05,6.700901705271954e-05,0.5743583031383559
rgg,12,546,4,2,11,3,11,-0.02,0.03467099835452858,0.17015542542615147,0.20376075736460142,0.25590393747762613,True,0.07580082658005209,0.07580082658005209,0.6406978662374869,0.6369640945067511,0.47323913859862965,0.7640893163932914,1.237328454991921,0.32034893311874346,0.19840828802018207,0.24454810653869136,0.12260746144012998,True,True,True,0,4.0,5,5,True,False,4.0,0.25334191221394575,8.882828896284069e-05,7.779671166777392e-05,0.41409861245135693
rgg,12,546,4,2,11,3,11,0.02,0.034670998354528686,0.17015542542615147,0.20376075736460203,0.25590393747762713,True,0.08530684711269142,0.08530684711269142,0.6406978662374869,0.6369640945067511,0.532587053012415,0.9124909137895189,1.445077966801934,0.32034893311874346,0.1869757732894398,0.23504208600605203,0.10166892617674837,True,True,True,0,4.0,5,5,True,False,4.0,0.045592400403932754,8.882828896284069e-05,0.00010333939294068721,0.09173408847797881
rgg,12,546,4,2,11,3,11,0.05,0.08667749588632138,0.17015542542615147,0.5094018934115031,1.038328290652737,False,0.22075203729399762,0.22075203729399762,0.6406978662374869,0.6369640945067511,1.3781974245699868,5.500387623000044,6.878585047570031,0.32034893311874346,0.0802678110796832,0.09959689582474585,-0.14048422621431442,True,False,False,4,,5,5,False,False,,,8.882828896284069e-05,0.00013004314160872427,0.23213785013955357
rgg,12,546,4,2,11,3,11,0.1,0.173354991772643,0.17015542542615147,1.0188037868230075,inf,False,0.4165987603932501,0.4165987603932501,0.6406978662374869,0.6369640945067511,2.6009061827518547,35.25512150863998,37.85602769139184,0.32034893311874346,0.023633375382986786,-0.09624982727450665,-0.39296538501026335,False,False,False,4,,5,5,False,False,,,8.882828896284069e-05,0.00017321452048586487,0.6086061277597588
rgg,12,546,4,2,11,3,11,0.2,0.3467099835452854,0.17015542542615147,2.037607573646012,inf,False,0.617639513039349,0.617639513039349,0.6406978662374869,0.6369640945067511,3.8560422663271936,183.37409753732325,187.23013980365045,0.32034893311874346,0.006736387759603148,-0.2972905799206056,-0.6109031252797459,False,False,False,4,,5,5,False,False,,,8.882828896284069e-05,0.0002162721685040667,0.4640109740879905
rgg,12,546,4,2,12,4,6,-0.2,0.2899428257988046,0.17015542542615147,1.7039881336292835,inf,False,0.015193389919000162,0.015193389919000162,0.6406978662374869,0.6369640945067511,0.09485525530605367,0.10490467361845075,0.19975992892450442,0.32034893311874346,0.28966087772714694,0.3051555431997433,0.2744674878081468,True,True,True,0,0.0,5,5,True,True,0.0,0.07003744635112782,8.882828896284069e-05,9.163109048955306e-05,0.2533675200368018
rgg,12,546,4,2,12,4,6,-0.1,0.14497141289940252,0.17015542542615147,0.8519940668146431,5.7564858953839275,False,0.007223560704563418,0.007223560704563418,0.6406978662374869,0.6369640945067511,0.04509807873707428,0.04745502569864334,0.09255310443571763,0.32034893311874346,0.304438174807265,0.31312537241418004,0.29721461410270156,True,True,True,0,0.0,5,5,True,True,0.0,0.17724427083991462,8.882828896284069e-05,9.012571012739316e-05,0.2619881014169806
rgg,12,546,4,2,12,4,6,-0.05,0.07248570644970109,0.17015542542615147,0.4259970334073206,0.7421512748201771,False,0.0035252546216651185,0.0035252546216651185,0.6406978662374869,0.6369640945067511,0.022008842591390278,0.02263048434076877,0.04463932693215905,0.32034893311874346,0.31154919785029783,0.3168236784970783,0.3080239432286327,True,True,True,0,0.0,5,5,True,True,0.0,0.2251580483434732,8.882828896284069e-05,8.945346295776597e-05,0.265986841920082
rgg,12,546,4,2,12,4,6,-0.02,0.02899428257988046,0.17015542542615147,0.17039881336292836,0.2053984686951434,True,0.0013901269085268922,0.0013901269085268922,0.6406978662374869,0.6369640945067511,0.008678829643622476,0.008805796751529675,0.01748462639515215,0.32034893311874346,0.3157299555626037,0.31895880621021655,0.3143398286540768,True,True,True,0,0.0,5,5,True,True,0.0,0.2523127488804801,8.882828896284069e-05,8.907299186295146e-05,0.2682948900411549
rgg,12,546,4,2,12,4,6,0.02,0.028994282579880903,0.17015542542615147,0.17039881336293097,0.20539846869514716,True,0.001364365179471098,0.001364365179471098,0.6406978662374869,0.6369640945067511,0.00851799421454836,0.008641218451553198,0.017159212666101556,0.32034893311874346,0.3157807402093539,0.3189845679392724,0.31441637502988284,True,True,True,0,0.0,5,5,True,True,0.0,0.2526381626095307,8.882828896284069e-05,8.859043492491376e-05,0.2712718339732525
rgg,12,546,4,2,12,4,6,0.05,0.07248570644970198,0.17015542542615147,0.4259970334073258,0.7421512748201929,False,0.003364168701556146,0.003364168701556146,0.6406978662374869,0.6369640945067511,0.021003152211586436,0.021574679783216,0.04257783199480243,0.32034893311874346,0.31186267748671737,0.3169847644171873,0.3084985087851612,True,True,True,0,0.0,5,5,True,True,0.0,0.22721954328082983,8.882828896284069e-05,8.824595252400766e-05,0.27343266221585566
rgg,12,546,4,2,12,4,6,0.1,0.14497141289940307,0.17015542542615147,0.8519940668146464,5.756485895384077,False,0.006578141788986438,0.006578141788986438,0.6406978662374869,0.6369640945067511,0.0410686043180804,0.043041176888890934,0.08410978120697132,0.32034893311874346,0.30566737549800954,0.31377079132975705,0.29908923370902313,True,True,True,0,0.0,5,5,True,True,0.0,0.18568759406866092,8.882828896284069e-05,8.770267881257701e-05,0.2769045103431985
rgg,12,546,4,2,12,4,6,0.2,0.2899428257988055,0.17015542542615147,1.7039881336292888,inf,False,0.012594372889296506,0.012594372889296506,0.6406978662374869,0.6369640945067511,0.07862909213827886,0.08555980139066865,0.1641888935289475,0.32034893311874346,0.29439930164845096,0.30775456022944697,0.28180492875915447,True,True,True,0,0.0,5,5,True,True,0.0,0.10560848174668475,8.882828896284069e-05,8.672018334185146e-05,0.2834000820617683
rgg,12,546,4,2,13,4,7,-0.2,0.31583029674931645,0.17015542542615147,1.8561282777691317,inf,False,0.044280690994932446,0.044280690994932446,0.6406978662374869,0.6369640945067511,0.27645287008662495,0.3666244164443901,0.643077286531015,0.32034893311874346,0.2415588761074727,0.27606824212381104,0.19727818511254025,True,True,True,0,4.0,5,5,True,False,4.0,0.8475930806748517,8.882828896284069e-05,9.91481131212997e-05,0.2048375783161971
rgg,12,546,4,2,13,4,7,-0.1,0.1579151483746587,0.17015542542615147,0.9280641388845686,12.90127239035002,False,0.021287178498580788,0.021287178498580788,0.6406978662374869,0.6369640945067511,0.1328999493854427,0.1526795445908359,0.2855794939762786,0.32034893311874346,0.27884781233305406,0.29906175462016266,0.25756063383447325,True,True,True,0,4.0,5,5,True,False,4.0,1.2050908732295882,8.882828896284069e-05,9.348283430138461e-05,0.23840776964452165
rgg,12,546,4,2,13,4,7,-0.05,0.07895757418732942,0.17015542542615147,0.4640320694422847,0.8657832735615807,False,0.010438951312134702,0.010438951312134702,0.6406978662374869,0.6369640945067511,0.0651723806944305,0.06996904022714541,0.1351414209215759,0.32034893311874346,0.29838772343442194,0.3099099818066088,0.28794877212228726,True,True,True,0,0.0,5,5,True,True,0.0,0.13465595435405633,8.882828896284069e-05,9.104038228345905e-05,0.2543686468657735
rgg,12,546,4,2,13,4,7,-0.02,0.031583029674931984,0.17015542542615147,0.18561282777691515,0.22791718006834014,True,0.004127554821374725,0.004127554821374725,0.6406978662374869,0.6369640945067511,0.02576911857449369,0.02659679314201221,0.0523659117165059,0.32034893311874346,0.31037988672813727,0.31622137829736874,0.30625233190676254,True,True,True,0,0.0,5,5,True,True,0.0,0.21743146355912635,8.882828896284069e-05,8.968681157696203e-05,0.2636888394802882
rgg,12,546,4,2,13,4,7,0.02,0.03158302967493154,0.17015542542615147,0.18561282777691254,0.2279171800683362,True,0.004064770886915693,0.004064770886915693,0.6406978662374869,0.6369640945067511,0.025377146396857255,0.026181966652999374,0.05155911304985663,0.32034893311874346,0.3105015708550708,0.31628416223182776,0.3064367999681551,True,True,True,0,0.0,5,5,True,True,0.0,0.2182382622257756,8.882828896284069e-05,8.80033783281838e-05,0.27582306478709173
rgg,12,546,4,2,13,4,7,0.05,0.07895757418732895,0.17015542542615147,0.4640320694422819,0.865783273561571,False,0.010046520948903214,0.010046520948903214,0.6406978662374869,0.6369640945067511,0.0627223624633036,0.06717392258654103,0.12989628504984463,0.32034893311874346,0.2991196750780827,0.3103024121698402,0.28907315412917944,True,True,True,0,0.0,5,5,True,True,0.0,0.13990109022578762,8.882828896284069e-05,8.682638486076989e-05,0.2847083676564852
rgg,12,546,4,2,13,4,7,0.1,0.15791514837465837,0.17015542542615147,0.9280641388845666,12.901272390349641,False,0.019717019054513438,0.019717019054513438,0.6406978662374869,0.6369640945067511,0.12309714199800345,0.14003825970087552,0.26313540169887895,0.32034893311874346,0.2815947455592404,0.30063191406423,0.26187772650472696,True,True,True,0,0.0,5,5,True,True,0.0,0.0066619735767532995,8.882828896284069e-05,8.501613259821217e-05,0.2991168032643488
rgg,12,546,4,2,13,4,7,0.2,0.315830296749316,0.17015542542615147,1.856128277769129,inf,False,0.037993147189112585,0.037993147189112585,0.6406978662374869,0.6369640945067511,0.23719852486619455,0.3024574734256435,0.5396559982918381,0.32034893311874346,0.25122968038316873,0.2823557859296309,0.21323653319405614,True,True,True,0,4.0,5,5,True,False,4.0,0.9510143689140287,8.882828896284069e-05,8.190404161488011e-05,0.32648908999591025
rgg,12,546,4,2,14,4,8,-0.2,0.4492689293100633,0.17015542542615147,2.6403444273661956,inf,False,0.2438046661435152,0.2438046661435152,0.6406978662374869,0.6369640945067511,1.5221194200334318,7.015120211877795,8.537239631911227,0.32034893311874346,0.06950833593149618,0.07654426697522826,-0.174296330212019,True,False,False,4,,5,5,False,False,,,8.882828896284069e-05,0.00011971840375135331,0.2578826898833648
rgg,12,546,4,2,14,4,8,-0.1,0.22463446465503156,0.17015542542615147,1.3201722136830973,inf,False,0.1096934810618039,0.1096934810618039,0.6406978662374869,0.6369640945067511,0.6848374988727927,1.3663029465256409,2.0511404453984334,0.32034893311874346,0.1605697789655544,0.21065545205693956,0.050876297903750506,True,True,True,0,5.0,5,5,False,False,5.0,inf,8.882828896284069e-05,0.00010265988478924966,0.04918664732135647
rgg,12,546,4,2,14,4,8,-0.05,0.11231723232751614,0.17015542542615147,0.6600861068415508,1.9419215281496445,False,0.05135991688139928,0.05135991688139928,0.6406978662374869,0.6369640945067511,0.32064983879538467,0.4444529644048108,0.7651028032001954,0.32034893311874346,0.23111519550860868,0.26898901623734417,0.1797552786272094,True,True,True,0,4.0,5,5,True,False,4.0,0.7255675640056714,8.882828896284069e-05,9.520181762362761e-05,0.16949965171327241
rgg,12,546,4,2,14,4,8,-0.02,0.04492689293100648,0.17015542542615147,0.26403444273662047,0.3587592382969773,False,0.019705773728752797,0.019705773728752797,0.6406978662374869,0.6369640945067511,0.12302693526654247,0.13994856516388146,0.26297550043042395,0.32034893311874346,0.2816145160999271,0.30064315938999064,0.2619087423711743,True,True,True,0,0.0,5,5,True,True,0.0,0.006821874845208298,8.882828896284069e-05,9.124452868881999e-05,0.23190726676648682
rgg,12,546,4,2,14,4,8,0.02,0.04492689293100605,0.17015542542615147,0.2640344427366179,0.3587592382969726,False,0.018615015915071167,0.018615015915071167,0.6406978662374869,0.6369640945067511,0.1162171244576685,0.1313048920800143,0.2475220165376828,0.32034893311874346,0.28353880225159606,0.3017339172036723,0.2649237863365249,True,True,True,0,0.0,5,5,True,True,0.0,0.022275358737949447,8.882828896284069e-05,8.658571733366438e-05,0.3049363977452272
rgg,12,546,4,2,14,4,8,0.05,0.11231723232751568,0.17015542542615147,0.660086106841548,1.9419215281496212,False,0.04457210797432407,0.04457210797432407,0.6406978662374869,0.6369640945067511,0.27827224233521997,0.3697092465766857,0.6479814889119057,0.32034893311874346,0.24111979014340862,0.27577682514441937,0.19654768216908455,True,True,True,0,4.0,5,5,True,False,4.0,0.8426888782939611,8.882828896284069e-05,8.353285744598075e-05,0.3529044680307465
rgg,12,546,4,2,14,4,8,0.1,0.22463446465503137,0.17015542542615147,1.320172213683096,inf,False,0.08297574522287421,0.08297574522287421,0.6406978662374869,0.6369640945067511,0.5180335355892549,0.8747325890365626,1.3927661246258176,0.32034893311874346,0.1897168260628413,0.23737318789586925,0.10674108083996708,True,True,True,0,4.0,5,5,True,False,4.0,0.09790424258004915,8.882828896284069e-05,7.91999336509082e-05,0.42174143083889476
rgg,12,546,4,2,14,4,8,0.2,0.44926892931006307,0.17015542542615147,2.6403444273661942,inf,False,0.14443012628148502,0.14443012628148502,0.6406978662374869,0.6369640945067511,0.9017050556428682,2.2346440749166283,3.1363491305594966,0.32034893311874346,0.12926454633440765,0.17591880683725844,-0.015165579947077373,True,False,False,0,,5,5,False,False,,,8.882828896284069e-05,7.281378333263023e-05,0.5267968397919769
rgg,12,546,4,2,15,5,9,-0.2,0.47234863275919436,0.17015542542615147,2.7759833785858135,inf,False,0.01342214423108378,0.01342214423108378,0.6406978662374869,0.6369640945067511,0.08379702782471016,0.0916557103173496,0.17545273814205975,0.32034893311874346,0.2928817895712295,0.3069267888876597,0.2794596453401457,True,True,True,0,0.0,5,5,True,True,0.0,0.0943446371335725,8.882828896284069e-05,2.7557175216402084e-05,0.2545244042954265
rgg,12,546,4,2,15,5,9,-0.1,0.2361743163795973,0.17015542542615147,1.3879916892929074,inf,False,0.00631449052567257,0.00631449052567257,0.6406978662374869,0.6369640945067511,0.039422578774950895,0.04124813943426907,0.08067071820921996,0.32034893311874346,0.30617092612068086,0.3140344425930709,0.2998564355950083,True,True,True,0,0.0,5,5,True,True,0.0,0.1891266570664123,8.882828896284069e-05,5.5387308698349005e-05,0.2628279310884446
rgg,12,546,4,2,15,5,9,-0.05,0.11808715818979844,0.17015542542615147,0.6939958446464524,2.267929479077274,False,0.003067602598662317,0.003067602598662317,0.6406978662374869,0.6369640945067511,0.019151632994671167,0.019636387098279542,0.03878802009295071,0.32034893311874346,0.31244063210905926,0.3172813305200811,0.3093730295103969,True,True,True,0,0.0,5,5,True,True,0.0,0.23100935518268154,8.882828896284069e-05,7.153362440977209e-05,0.26645933624220824
rgg,12,546,4,2,15,5,9,-0.02,0.04723486327592008,0.17015542542615147,0.2775983378585851,0.3842714550734843,False,0.0012065934528651674,0.0012065934528651674,0.6406978662374869,0.6369640945067511,0.007532994982180387,0.007634446252685845,0.015167441234866231,0.32034893311874346,0.3160919372353117,0.3191423396658783,0.31488534378244654,True,True,True,0,0.0,5,5,True,True,0.0,0.254629934040766,8.882828896284069e-05,8.178654130991319e-05,0.2684951465921223
rgg,12,546,4,2,15,5,9,0.02,0.04723486327591919,0.17015542542615147,0.2775983378585799,0.3842714550734743,False,0.0011804759195254376,0.0011804759195254376,0.6406978662374869,0.6369640945067511,0.0073699381985322335,0.007467975684126877,0.01483791388265911,0.32034893311874346,0.3161434823722123,0.31916845719921805,0.3149630064526869,True,True,True,0,0.0,5,5,True,True,0.0,0.25495946139297315,8.882828896284069e-05,9.60205159650137e-05,0.27105797731983255
rgg,12,546,4,2,15,5,9,0.05,0.11808715818979844,0.17015542542615147,0.6939958446464524,2.267929479077274,False,0.0029042298468321273,0.0029042298468321273,0.6406978662374869,0.6369640945067511,0.018131665484620915,0.018571650667411097,0.03670331615203201,0.32034893311874346,0.3127594739791624,0.3174447032719113,0.30985524413233023,True,True,True,0,0.0,5,5,True,True,0.0,0.23309405912360023,8.882828896284069e-05,0.00010706560538335731,0.2728749260985139
rgg,12,546,4,2,15,5,9,0.1,0.23617431637959688,0.17015542542615147,1.3879916892929047,inf,False,0.00565901596330876,0.00565901596330876,0.6406978662374869,0.6369640945067511,0.03533032501913242,0.03681541696521325,0.07214574198434567,0.32034893311874346,0.3074264223955927,0.3146899171554347,0.30176740643228395,True,True,True,0,0.0,5,5,True,True,0.0,0.19765163329128657,8.882828896284069e-05,0.00012607083378865096,0.2757202467229381
rgg,12,546,4,2,15,5,9,0.2,0.472348632759194,0.17015542542615147,2.775983378585811,inf,False,0.01076788890175415,0.01076788890175415,0.6406978662374869,0.6369640945067511,0.06722600132876251,0.07232217638158404,0.13954817771034655,0.32034893311874346,0.2977755770219343,0.3095810442169893,0.2870076881201801,True,True,True,0,0.0,5,5,True,True,0.0,0.1302491975652857,8.882828896284069e-05,0.00016581107061659347,0.28080860748218484
rgg,12,546,4,2,16,5,10,-0.2,0.4979953959126003,0.17015542542615147,2.926708887861665,inf,False,0.0016897299793091276,0.0016897299793091276,0.6406978662374869,0.6369640945067511,0.010549309235144522,0.010723680238081085,0.021272989473225607,0.32034893311874346,0.3151399411013193,0.31865920313943435,0.3134502111220102,True,True,True,0,0.0,5,5,True,True,0.0,0.24852438580240663,8.882828896284069e-05,0.00011627242992909897,0.26926714617159514
rgg,12,546,4,2,16,5,10,-0.1,0.2489976979563,0.17015542542615147,1.4633544439308317,inf,False,0.0007875052152056936,0.0007875052152056936,0.6406978662374869,0.6369640945067511,0.004916546514071203,0.004969740439853442,0.009886286953924645,0.32034893311874346,0.3169200583960144,0.31956142790353775,0.3161325531808087,True,True,True,0,0.0,5,5,True,True,0.0,0.2599110883217076,8.882828896284069e-05,0.00010110686292080216,0.26955650348377935
rgg,12,546,4,2,16,5,10,-0.05,0.12449884897814978,0.17015542542615147,0.7316772219654146,2.726854676016753,False,0.0003809155188293131,0.0003809155188293131,0.6406978662374869,0.6369640945067511,0.002378128842952129,0.002397764434710577,0.004775893277662706,0.32034893311874346,0.31772555578445855,0.31996801759991417,0.31734464026562925,True,True,True,0,0.0,5,5,True,True,0.0,0.26502148199796954,8.882828896284069e-05,9.46572285512748e-05,0.2696822117339463
rgg,12,546,4,2,16,5,10,-0.02,0.04979953959126049,0.17015542542615147,0.2926708887861692,0.4137690420855486,False,0.00014945253583684923,0.00014945253583684923,0.6406978662374869,0.6369640945067511,0.0009330609244230059,0.0009394064784833018,0.0018724674029063078,0.32034893311874346,0.31818502269250803,0.3201994805829066,0.31803557015667117,True,True,True,0,0.0,5,5,True,True,0.0,0.26792490787272594,8.882828896284069e-05,9.10908149934139e-05,0.2697524895756651
rgg,12,546,4,2,16,5,10,0.02,0.04979953959126049,0.17015542542615147,0.2926708887861692,0.4137690420855486,False,0.00014574637597935695,0.00014574637597935695,0.6406978662374869,0.6369640945067511,0.0009099226556520684,0.0009160896541657573,0.0018260123098178256,0.32034893311874346,0.3181923850282575,0.3202031867427641,0.3180466386522781,True,True,True,0,0.0,5,5,True,True,0.0,0.2679713629658144,8.882828896284069e-05,8.665214344172247e-05,0.2698407781882069
rgg,12,546,4,2,16,5,10,0.05,0.12449884897815021,0.17015542542615147,0.7316772219654171,2.726854676016788,False,0.0003577292045516343,0.0003577292045516343,0.6406978662374869,0.6369640945067511,0.0022333722236498607,0.002251486656439029,0.00448485888008889,0.32034893311874346,0.31777155199082724,0.31999120391419184,0.3174138227862756,True,True,True,0,0.0,5,5,True,True,0.0,0.2653125163955434,8.882828896284069e-05,8.35401209801076e-05,0.26990325796200737
rgg,12,546,4,2,16,5,10,0.1,0.24899769795630047,0.17015542542615147,1.4633544439308346,inf,False,0.0006944322158478494,0.0006944322158478494,0.6406978662374869,0.6369640945067511,0.00433547387898086,0.004379835224164172,0.008715309103145032,0.32034893311874346,0.31710426548312526,0.3196545009028956,0.3164098332672774,True,True,True,0,0.0,5,5,True,True,0.0,0.2610820661724872,8.882828896284069e-05,7.872565744380688e-05,0.2700009304771364
rgg,12,546,4,2,16,5,10,0.2,0.49799539591260095,0.17015542542615147,2.926708887861669,inf,False,0.001312077917343742,0.001312077917343742,0.6406978662374869,0.6369640945067511,0.008191554781032439,0.008307344345343966,0.016498899126376407,0.32034893311874346,0.31588384032235883,0.31903685520139974,0.3145717624050151,True,True,True,0,0.0,5,5,True,True,0.0,0.2532984761492558,8.882828896284069e-05,7.029959595914935e-05,0.27017516684471254
rgg,12,546,4,2,17,6,7,-0.2,0.3643922330171387,0.17015542542615147,2.1415257968091486,inf,False,0.017739027902923674,0.017739027902923674,0.6406978662374869,0.6369640945067511,0.11074816282499286,0.12444348709926388,0.23519164992425673,0.32034893311874346,0.2850937130807644,0.30260990521581976,0.2673546851778407,True,True,True,0,0.0,5,5,True,True,0.0,0.034605725351375516,8.882828896284069e-05,9.098768643223012e-05,0.251615782030007
rgg,12,546,4,2,17,6,7,-0.1,0.18219611650856882,0.17015542542615147,1.0707628984045712,inf,False,0.008389920343087918,0.008389920343087918,0.6406978662374869,0.6369640945067511,0.05237988627842899,0.05552021924421748,0.10790010552264648,0.32034893311874346,0.30222936642894255,0.3119590127756555,0.2938394460858546,True,True,True,0,0.0,5,5,True,True,0.0,0.16189726975298577,8.882828896284069e-05,8.983182163689132e-05,0.2611881331187064
rgg,12,546,4,2,17,6,7,-0.05,0.0910980582542843,0.17015542542615147,0.5353814492022849,1.1523032136428373,False,0.00408466456812257,0.00408466456812257,0.6406978662374869,0.6369640945067511,0.025501346474648696,0.02631337357833914,0.05181472005298784,0.32034893311874346,0.3104630089305628,0.3162642685506209,0.3063783443624402,True,True,True,0,0.0,5,5,True,True,0.0,0.2179826552226444,8.882828896284069e-05,8.931282030224245e-05,0.2656037604077798
rgg,12,546,4,2,17,6,7,-0.02,0.03643922330171334,0.17015542542615147,0.21415257968091175,0.2725116532086553,True,0.0016085074440286603,0.0016085074440286603,0.6406978662374869,0.6369640945067511,0.010042221326408703,0.01020303545468494,0.020245256781093644,0.32034893311874346,0.31529978527911123,0.3187404256747148,0.31369127783508255,True,True,True,0,0.0,5,5,True,True,0.0,0.2495521184945386,8.882828896284069e-05,8.901817191475619e-05,0.2681454801994005
rgg,12,546,4,2,17,6,7,0.02,0.03643922330171423,0.17015542542615147,0.21415257968091697,0.2725116532086638,True,0.0015759137980344785,0.0015759137980344785,0.6406978662374869,0.6369640945067511,0.00983873292595194,0.009994254509795113,0.019832987435747053,0.32034893311874346,0.31536395165641734,0.318773019320709,0.3137880378583829,True,True,True,0,0.0,5,5,True,True,0.0,0.2499643878398852,8.882828896284069e-05,8.864342088228021e-05,0.2714163984540098
rgg,12,546,4,2,17,6,7,0.05,0.09109805825428519,0.17015542542615147,0.5353814492022901,1.1523032136428615,False,0.003880838108267397,0.003880838108267397,0.6406978662374869,0.6369640945067511,0.02422881868521092,0.02496853192346465,0.04919735060867557,0.32034893311874346,0.3108583332142412,0.31646809501047607,0.30697749510597383,True,True,True,0,0.0,5,5,True,True,0.0,0.22060002466695666,8.882828896284069e-05,8.83751245616227e-05,0.2737854300797374
rgg,12,546,4,2,17,6,7,0.1,0.1821961165085699,0.17015542542615147,1.0707628984045776,inf,False,0.007572950645886287,0.007572950645886287,0.6406978662374869,0.6369640945067511,0.04727938733655297,0.04985897463497049,0.09713836197152347,0.32034893311874346,0.30377482494694985,0.31277598247285715,0.29620187430106354,True,True,True,0,0.0,5,5,True,True,0.0,0.17265901330410877,8.882828896284069e-05,8.795056776053506e-05,0.2775827919444054
rgg,12,546,4,2,17,6,7,0.2,0.36439223301713847,0.17015542542615147,2.1415257968091472,inf,False,0.014444259053338342,0.014444259053338342,0.6406978662374869,0.6369640945067511,0.0901782872364635,0.09926684997193859,0.1894451372084021,0.32034893311874346,0.29101878537339587,0.3059046740654051,0.2765745263200575,True,True,True,0,0.0,5,5,True,True,0.0,0.08035223806723016,8.882828896284069e-05,8.717769843132822e-05,0.28465806489321305
rgg,12,546,4,2,18,6,8,-0.2,0.5185084161396842,0.17015542542615147,3.0472634936035004,inf,False,0.15603644420057275,0.15603644420057275,0.6406978662374869,0.6369640945067511,0.9741655305762161,2.5956480116073375,3.5698135421835535,0.32034893311874346,0.1202292787795586,0.1643124889181707,-0.035807165421014156,True,False,False,4,,5,5,False,False,,,8.882828896284069e-05,9.707992383989751e-05,0.05293362450185346
rgg,12,546,4,2,18,6,8,-0.1,0.2592542080698419,0.17015542542615147,1.5236317468017488,inf,False,0.06573400263452443,0.06573400263452443,0.6406978662374869,0.6369640945067511,0.4103900206226619,0.6222504776145675,1.0326404982372295,0.32034893311874346,0.21127827136917424,0.254614930484219,0.14554426873464982,True,True,True,0,4.0,5,5,True,False,4.0,0.4580298689686373,8.882828896284069e-05,9.265138308134779e-05,0.1411363237750446
rgg,12,546,4,2,18,6,8,-0.05,0.12962710403492128,0.17015542542615147,0.7618158734008764,3.198432591954596,False,0.030267561408371883,0.030267561408371883,0.6406978662374869,0.6369640945067511,0.18896620702746422,0.22960928835849215,0.4185754953859564,0.32034893311874346,0.2636440505064824,0.29008137171037157,0.23337648909811048,True,True,True,0,4.0,5,5,True,False,4.0,1.0720948718199104,8.882828896284069e-05,9.063611230120581e-05,0.211816259029586
rgg,12,546,4,2,18,6,8,-0.02,0.0518508416139687,0.17015542542615147,0.30472634936035164,0.43828260869659724,False,0.011541295258459363,0.011541295258459363,0.6406978662374869,0.6369640945067511,0.07205452595767729,0.07789193163713581,0.14994645759481312,0.32034893311874346,0.2963412260007922,0.3088076378602841,0.28479993074233284,True,True,True,0,0.0,5,5,True,True,0.0,0.11985091768081912,8.882828896284069e-05,8.952584217634518e-05,0.24793986823408293
rgg,12,546,4,2,18,6,8,0.02,0.05185084161396869,0.17015542542615147,0.3047263493603516,0.4382826086965972,False,0.01084974936518724,0.01084974936518724,0.6406978662374869,0.6369640945067511,0.06773707194564356,0.0729092417788875,0.14064631372453107,0.32034893311874346,0.2976234315559438,0.30949918375355623,0.28677368219075655,True,True,True,0,0.0,5,5,True,True,0.0,0.12915106155110118,8.882828896284069e-05,8.816446269088252e-05,0.290064069461743
rgg,12,546,4,2,18,6,8,0.05,0.12962710403492125,0.17015542542615147,0.7618158734008763,3.198432591954593,False,0.02593635924271745,0.02593635924271745,0.6406978662374869,0.6369640945067511,0.16192567891651846,0.19150383750423172,0.35342951642075016,0.32034893311874346,0.27087038652313505,0.29441257387602604,0.2449340272804176,True,True,True,0,4.0,5,5,True,False,4.0,1.1372408507851166,8.882828896284069e-05,8.723014864789483e-05,0.3177927369830423
rgg,12,546,4,2,18,6,8,0.1,0.259254208069843,0.17015542542615147,1.5236317468017555,inf,False,0.048284601506792986,0.048284601506792986,0.6406978662374869,0.6369640945067511,0.3014500534571493,0.4098942118682294,0.7113442653253788,0.32034893311874346,0.23559542979013945,0.2720643316119505,0.18731082828334647,True,True,True,0,4.0,5,5,True,False,4.0,0.779326101880488,8.882828896284069e-05,8.582694009581872e-05,0.35789867837045725
rgg,12,546,4,2,18,6,8,0.2,0.5185084161396843,0.17015542542615147,3.0472634936035012,inf,False,0.08456942509032797,0.08456942509032797,0.6406978662374869,0.6369640945067511,0.5279831855034192,0.9004479249560301,1.4284311104594494,0.32034893311874346,0.18783856955294242,0.2357795080284155,0.10326914446261445,True,True,True,0,4.0,5,5,True,False,4.0,0.06223925674641739,8.882828896284069e-05,8.351976465871056e-05,0.42051564084554405
rgg,12,546,4,2,19,6,9,-0.2,0.41984442654650833,0.17015542542615147,2.4674172186694303,inf,False,0.022969580307990973,0.022969580307990973,0.6406978662374869,0.6369640945067511,0.14340350744653085,0.1664858973678385,0.30988940481436933,0.32034893311874346,0.2759342463372901,0.2973793528107525,0.2529646660292991,True,True,True,0,4.0,5,5,True,False,4.0,1.1807809623914975,8.882828896284069e-05,7.817405020671583e-05,0.28220412551675317
rgg,12,546,4,2,19,6,9,-0.1,0.2099222132732547,0.17015542542615147,1.2337086093347183,inf,False,0.011163016063235939,0.011163016063235939,0.6406978662374869,0.6369640945067511,0.06969285619002298,0.07516121845249861,0.1448540746425216,0.32034893311874346,0.29704191318534545,0.3091859170555075,0.2858788971221095,True,True,True,0,0.0,5,5,True,True,0.0,0.12494330063311065,8.882828896284069e-05,8.353102364947074e-05,0.27578693608070615
rgg,12,546,4,2,19,6,9,-0.05,0.1049611066366272,0.17015542542615147,0.6168543046673582,1.6099732090995147,False,0.005503656728946562,0.005503656728946562,0.6406978662374869,0.6369640945067511,0.03436038743982035,0.035769997065584834,0.07013038450540518,0.32034893311874346,0.3077247514924602,0.3148452763897969,0.30222109476351366,True,True,True,0,0.0,5,5,True,True,0.0,0.19966699077022707,8.882828896284069e-05,8.618832607648857e-05,0.272740931016137
rgg,12,546,4,2,19,6,9,-0.02,0.041984442654650955,0.17015542542615147,0.24674172186694374,0.3275658947665213,True,0.002183103251552538,0.002183103251552538,0.6406978662374869,0.6369640945067511,0.013629533460898582,0.013897559658525611,0.027527093119424195,0.32034893311874346,0.31417073287586705,0.31816582986719094,0.31198762962431453,True,True,True,0,0.0,5,5,True,True,0.0,0.24227028215620805,8.882828896284069e-05,8.777452291020491e-05,0.27096277853658024
rgg,12,546,4,2,19,6,9,0.02,0.041984442654651406,0.17015542542615147,0.2467417218669464,0.327565894766526,True,0.002158997365412895,0.002158997365412895,0.6406978662374869,0.6369640945067511,0.013479035777607047,0.013742034122656632,0.027221069900263677,0.32034893311874346,0.31421801840141467,0.31818993575333054,0.31205902103600175,True,True,True,0,0.0,5,5,True,True,0.0,0.24257630537536856,8.882828896284069e-05,8.987894635427951e-05,0.26864768467695066
rgg,12,546,4,2,19,6,9,0.05,0.10496110663662715,0.17015542542615147,0.616854304667358,1.6099732090995131,False,0.005352985894127873,0.005352985894127873,0.6406978662374869,0.6369640945067511,0.03341972044054654,0.034758028781086664,0.0681777492216332,0.32034893311874346,0.3080143541995489,0.3149959472246156,0.30266136830542106,True,True,True,0,0.0,5,5,True,True,0.0,0.20161962605399905,8.882828896284069e-05,9.144883984894859e-05,0.26695203598346434
rgg,12,546,4,2,19,6,9,0.1,0.20992221327325522,0.17015542542615147,1.2337086093347214,inf,False,0.010560203681959972,0.010560203681959972,0.6406978662374869,0.6369640945067511,0.06592938255889637,0.07083535931527432,0.1367647418741707,0.32034893311874346,0.29816192884569337,0.3097887294367835,0.2876017251637334,True,True,True,0,0.0,5,5,True,True,0.0,0.13303263340146154,8.882828896284069e-05,9.404815121425498e-05,0.2642008560288127
rgg,12,546,4,2,19,6,9,0.2,0.41984442654650883,0.17015542542615147,2.4674172186694334,inf,False,0.02055627822250012,0.02055627822250012,0.6406978662374869,0.6369640945067511,0.12833679839277343,0.14676601074786552,0.27510280914063895,0.32034893311874346,0.2801231445585105,0.29979265489624335,0.2595668663360104,True,True,True,0,4.0,5,5,True,False,4.0,1.2155675580652279,8.882828896284069e-05,9.917684648610854e-05,0.2589655983655511
rgg,12,546,4,2,20,7,8,-0.2,0.28054536777033845,0.17015542542615147,1.648759462519148,inf,False,0.027117039330353306,0.027117039330353306,0.6406978662374869,0.6369640945067511,0.1692968917758303,0.20170284144125902,0.37099973321708934,0.32034893311874346,0.2688810840401618,0.29323189378839015,0.2417640447098085,True,True,True,0,4.0,5,5,True,False,4.0,1.1196706339887774,8.882828896284069e-05,8.775072258067451e-05,0.23024810243922766
rgg,12,546,4,2,20,7,8,-0.1,0.14027268388516922,0.17015542542615147,0.824379731259574,4.694103574559727,False,0.012402757699055085,0.012402757699055085,0.6406978662374869,0.6369640945067511,0.07743280165355047,0.08415732781969118,0.16159012947324164,0.32034893311874346,0.2947516994747802,0.3079461754196884,0.2823489417757251,True,True,True,0,0.0,5,5,True,True,0.0,0.1082072458023906,8.882828896284069e-05,8.830140097007975e-05,0.2524303629319356
rgg,12,546,4,2,20,7,8,-0.05,0.07013634194258533,0.17015542542615147,0.4121898656297912,0.7012296003903019,False,0.0059533231362345635,0.0059533231362345635,0.6406978662374869,0.6369640945067511,0.037167741301812614,0.038801296767440444,0.07596903806925306,0.32034893311874346,0.30686207071461635,0.3143956099825089,0.30090874757838176,True,True,True,0,0.0,5,5,True,True,0.0,0.19382833720637918,8.882828896284069e-05,8.856777666376415e-05,0.2616208182903394
rgg,12,546,4,2,20,7,8,-0.02,0.02805453677703418,0.17015542542615147,0.16487594625191676,0.19742689186348344,True,0.002326152930476211,0.002326152930476211,0.6406978662374869,0.6369640945067511,0.014522620118194543,0.014821439879261905,0.02934405999745645,0.32034893311874346,0.3138902764408139,0.31802278018826724,0.3115641235103377,True,True,True,0,0.0,5,5,True,True,0.0,0.2404533152781758,8.882828896284069e-05,8.872478439960148e-05,0.26663840158698277
rgg,12,546,4,2,20,7,8,0.02,0.028054536777033734,0.17015542542615147,0.16487594625191412,0.19742689186347967,True,0.002257116874174476,0.002257116874174476,0.6406978662374869,0.6369640945067511,0.014091614741465877,0.014375368870073747,0.028466983611539626,0.32034893311874346,0.314025593996865,0.318091816244569,0.31176847712269057,True,True,True,0,0.0,5,5,True,True,0.0,0.24133039166409262,8.882828896284069e-05,8.893086291277027e-05,0.2728178453894223
rgg,12,546,4,2,20,7,8,0.05,0.07013634194258445,0.17015542542615147,0.412189865629786,0.7012296003902868,False,0.00552109770376967,0.00552109770376967,0.6406978662374869,0.6369640945067511,0.03446927479994553,0.035887258905726575,0.0703565337056721,0.32034893311874346,0.3076912459808215,0.3148278354149738,0.3021701482770518,True,True,True,0,0.0,5,5,True,True,0.0,0.19944084156996014,8.882828896284069e-05,8.908298466812931e-05,0.27710649065344783
rgg,12,546,4,2,20,7,8,0.1,0.1402726838851689,0.17015542542615147,0.824379731259572,4.694103574559664,False,0.010663060071216026,0.010663060071216026,0.6406978662374869,0.6369640945067511,0.06657153477869432,0.07157124062884729,0.1381427754075416,0.32034893311874346,0.2979705249630172,0.3096858730475274,0.28730746489180115,True,True,True,0,0.0,5,5,True,True,0.0,0.13165459986809064,8.882828896284069e-05,8.933190579152072e-05,0.2836687744122795
rgg,12,546,4,2,20,7,8,0.2,0.2805453677703375,0.17015542542615147,1.6487594625191424,inf,False,0.01998034796368411,0.01998034796368411,0.6406978662374869,0.6369640945067511,0.1247411550222208,0.1421420196762023,0.2668831746984231,0.32034893311874346,0.28113218046569327,0.3003685851550594,0.2611518325020092,True,True,True,0,0.0,5,5,True,True,0.0,0.0029142005772091473,8.882828896284069e-05,8.981262230470957e-05,0.2949368075472697
rgg,12,546,4,2,21,7,9,-0.2,0.2957117210964776,0.17015542542615147,1.7378918148267821,inf,False,0.03046971596798457,0.03046971596798457,0.6406978662374869,0.6369640945067511,0.1902282968221429,0.23143473713376944,0.4216630339559123,0.32034893311874346,0.2633115179280373,0.28987921715075887,0.23284180196005275,True,True,True,0,4.0,5,5,True,False,4.0,1.0690073332499543,8.882828896284069e-05,8.417883779029229e-05,0.21646948588105597
rgg,12,546,4,2,21,7,9,-0.1,0.14785586054823918,0.17015542542615147,0.8689459074133934,6.630437022324608,False,0.014414897867670962,0.014414897867670962,0.6406978662374869,0.6369640945067511,0.08999497970750416,0.09904691019885993,0.18904188990636409,0.32034893311874346,0.2910721361974779,0.3059340352510725,0.27665723832980693,True,True,True,0,0.0,5,5,True,True,0.0,0.08075548536926816,8.882828896284069e-05,8.657657932040299e-05,0.2450475532453648
rgg,12,546,4,2,21,7,9,-0.05,0.07392793027411981,0.17015542542615147,0.434472953706698,0.7682620248746957,False,0.007017664183484545,0.007017664183484545,0.6406978662374869,0.6369640945067511,0.04381262715729609,0.04604316863922382,0.08985579579651992,0.32034893311874346,0.3048297669724777,0.3133312689352589,0.29781210278899317,True,True,True,0,0.0,5,5,True,True,0.0,0.17994157947911232,8.882828896284069e-05,8.771946489775342e-05,0.25785748132921826
rgg,12,546,4,2,21,7,9,-0.02,0.029571172109647992,0.17015542542615147,0.17378918148267958,0.21034483885668986,True,0.0027633116064770167,0.0027633116064770167,0.6406978662374869,0.6369640945067511,0.017251885808233627,0.017654982821559966,0.03490686862979359,0.32034893311874346,0.31303475448330736,0.31758562151226644,0.31027144287683034,True,True,True,0,0.0,5,5,True,True,0.0,0.23489050664583866,8.882828896284069e-05,8.83887061608166e-05,0.26512078999881034
rgg,12,546,4,2,21,7,9,0.02,0.029571172109647992,0.17015542542615147,0.17378918148267958,0.21034483885668986,True,0.0027069569631230465,0.0027069569631230465,0.6406978662374869,0.6369640945067511,0.016900052931468082,0.017288845378568174,0.034188898310036256,0.32034893311874346,0.3131449097784957,0.3176419761556204,0.3104379528153726,True,True,True,0,0.0,5,5,True,True,0.0,0.235608476965596,8.882828896284069e-05,8.926276240421534e-05,0.27434695983115154
rgg,12,546,4,2,21,7,9,0.05,0.07392793027411981,0.17015542542615147,0.434472953706698,0.7682620248746957,False,0.00666528617034751,0.00666528617034751,0.6406978662374869,0.6369640945067511,0.04161266345080596,0.04363510142970134,0.08524776488050731,0.32034893311874346,0.305501119601414,0.31368364694839596,0.2988358334310665,True,True,True,0,0.0,5,5,True,True,0.0,0.18454961039512494,8.882828896284069e-05,8.99051639156984e-05,0.2809429708890716
rgg,12,546,4,2,21,7,9,0.1,0.1478558605482384,0.17015542542615147,0.8689459074133888,6.630437022324342,False,0.013003076889979264,0.013003076889979264,0.6406978662374869,0.6369640945067511,0.08118070981781247,0.08856201807409696,0.16974272789190942,0.32034893311874346,0.2936490647514381,0.3073458562287642,0.28064598786145883,True,True,True,0,0.0,5,5,True,True,0.0,0.10005464738372283,8.882828896284069e-05,9.09519785255458e-05,0.2913622192633149
rgg,12,546,4,2,21,7,9,0.2,0.2957117210964776,0.17015542542615147,1.7378918148267821,inf,False,0.024785373257701,0.024785373257701,0.6406978662374869,0.6369640945067511,0.1547398520507251,0.18169507972150267,0.3364349317722278,0.32034893311874346,0.27282382435112007,0.29556355986104244,0.24803845109341907,True,True,True,0,4.0,5,5,True,False,4.0,1.154235435433639,8.882828896284069e-05,9.296204055018692e-05,0.3102598077032642
rgg,12,546,4,2,22,9,10,-0.2,0.30064480135188565,0.17015542542615147,1.7668834278949712,inf,False,0.011105154595634156,0.011105154595634156,0.6406978662374869,0.6369640945067511,0.06933161591968104,0.07474462827171996,0.144076244191401,0.32034893311874346,0.29714923606987426,0.3092437785231093,0.2860440814742401,True,True,True,0,0.0,5,5,True,True,0.0,0.12572113108423125,8.882828896284069e-05,0.00017902223378158408,0.25670589424353785
rgg,12,546,4,2,22,9,10,-0.1,0.1503224006759427,0.17015542542615147,0.8834417139474849,7.57939863279606,False,0.005294767384516147,0.005294767384516147,0.6406978662374869,0.6369640945067511,0.033056251088269054,0.034367510321410846,0.0674237614096799,0.32034893311874346,0.30812632832571085,0.3150541657342273,0.3028315609411947,True,True,True,0,0.0,5,5,True,True,0.0,0.20237361386595235,8.882828896284069e-05,0.0001282256388208654,0.263703119007094
rgg,12,546,4,2,22,9,10,-0.05,0.07516120033797123,0.17015542542615147,0.44172085697374175,0.7912186269028605,False,0.0025879560885803763,0.0025879560885803763,0.6406978662374869,0.6369640945067511,0.01615710758506632,0.01651653283800313,0.032673640423069444,0.32034893311874346,0.31337764577632304,0.3177609770301631,0.3107896896877427,True,True,True,0,0.0,5,5,True,True,0.0,0.2371237348525628,8.882828896284069e-05,0.00010724477605270728,0.26685236387609795
rgg,12,546,4,2,22,9,10,-0.02,0.030064480135188913,0.17015542542615147,0.17668834278949916,0.21460687607429837,True,0.0010214982067530017,0.0010214982067530017,0.6406978662374869,0.6369640945067511,0.006377409762587621,0.006455833509881239,0.012833243272468861,0.32034893311874346,0.3164574195383156,0.31932743491199045,0.31543592133156256,True,True,True,0,0.0,5,5,True,True,0.0,0.25696413200316337,8.882828896284069e-05,9.590346337354409e-05,0.26864265205813115
rgg,12,546,4,2,22,9,10,0.02,0.030064480135188476,0.17015542542615147,0.1766883427894966,0.21460687607429457,True,0.001003883264327577,0.001003883264327577,0.6406978662374869,0.6369640945067511,0.006267436289263174,0.006343809990822451,0.012611246280085624,0.32034893311874346,0.3164922233736157,0.31934504985441586,0.3154883401092881,True,True,True,0,0.0,5,5,True,True,0.0,0.2571861289955466,8.882828896284069e-05,8.212398467443277e-05,0.2709223861026882
rgg,12,546,4,2,22,9,10,0.05,0.07516120033797102,0.17015542542615147,0.4417208569737405,0.7912186269028566,False,0.002477799557679713,0.002477799557679713,0.6406978662374869,0.6369640945067511,0.015469379176994287,0.015802633810902415,0.031272012987896704,0.32034893311874346,0.3135932386119396,0.3178711335610637,0.31111543905425987,True,True,True,0,0.0,5,5,True,True,0.0,0.23852536228773555,8.882828896284069e-05,7.273164295798485e-05,0.2725565388988119
rgg,12,546,4,2,22,9,10,0.1,0.15032240067594305,0.17015542542615147,0.8834417139474868,7.579398632796205,False,0.004853236376115058,0.004853236376115058,0.6406978662374869,0.6369640945067511,0.030299688086153936,0.031414884749673154,0.06171457283582709,0.32034893311874346,0.30897686970922617,0.3154956967426284,0.3041236333331111,True,True,True,0,0.0,5,5,True,True,0.0,0.20808280243980515,8.882828896284069e-05,5.873757805083782e-05,0.27514615740448745
rgg,12,546,4,2,22,9,10,0.2,0.30064480135188526,0.17015542542615147,1.7668834278949688,inf,False,0.009324370491171805,0.009324370491171805,0.6406978662374869,0.6369640945067511,0.05821383826938202,0.062064964224093334,0.12027880249347536,0.32034893311874346,0.3004713080154206,0.31102456262757167,0.2911469375242488,True,True,True,0,0.0,5,5,True,True,0.0,0.14951857278215688,8.882828896284069e-05,3.6303094027004195e-05,0.2798732003286834
sbm,12,503,4,2,0,0,1,-0.2,0.3787859471287869,0.48638756044395715,0.7787739200876038,3.5202627122263004,False,0.029589376687790263,0.029589376687790263,0.6913439325173737,0.6695629477263951,0.17119916901590324,0.2097757341892488,0.38097490320515204,0.34567196625868685,0.28210485642821076,0.3160825895708966,0.2525154797404205,True,True,True,0,4.0,4,5,False,False,4.0,inf,0.002120365069216888,0.0021630474338038565,0.08450883027644746
sbm,12,503,4,2,0,0,1,-0.1,0.1893929735643939,0.48638756044395715,0.3893869600438029,0.637698402365819,False,0.014270963518836832,0.014270963518836832,0.6913439325173737,0.6695629477263951,0.08256940054060978,0.09259367249552794,0.1751630730361377,0.34567196625868685,0.3082492169111467,0.33140100273985,0.2939782533923099,True,True,True,0,4.0,4,5,False,False,4.0,inf,0.002120365069216888,0.002331569124307642,0.07343128539851812
sbm,12,503,4,2,0,0,1,-0.05,0.09469648678219722,0.48638756044395715,0.19469348002190198,0.2417631984740383,True,0.007009744941042436,0.007009744941042436,0.6913439325173737,0.6695629477263951,0.04055720813527949,0.043609847323588746,0.08416705545886824,0.34567196625868685,0.3214753259294644,0.3386622213176444,0.3144655809884219,True,True,True,0,4.0,4,5,False,False,4.0,inf,0.002120365069216888,0.0022609779549477506,0.0683263330090525
sbm,12,503,4,2,0,0,1,-0.02,0.03787859471287891,0.48638756044395715,0.07787739200876084,0.08445448721662915,True,0.0027743706404877487,0.0027743706404877487,0.6913439325173737,0.6695629477263951,0.016052043042515764,0.01684241531342701,0.03289445835594278,0.34567196625868685,0.3294504486272799,0.3428975956181991,0.32667607798679216,True,True,True,0,0.0,4,5,True,True,0.0,0.030592507874982536,0.002120365069216888,0.00217444844061521,0.06539191145363787
sbm,12,503,4,2,0,0,1,0.02,0.03787859471287891,0.48638756044395715,0.07787739200876084,0.08445448721662915,True,0.0027357455972826924,0.0027357455972826924,0.6913439325173737,0.6695629477263951,0.015828565023033262,0.016604222565069042,0.03243278758810231,0.34567196625868685,0.32952408178844683,0.34293622066140417,0.32678833619116415,True,True,True,0,0.0,4,5,True,True,0.0,0.031054178642823005,0.002120365069216888,0.0020690524345819417,0.06162189133054585
sbm,12,503,4,2,0,0,1,0.05,0.094696486782197,0.48638756044395715,0.19469348002190154,0.2417631984740376,True,0.006768317228294063,0.006768317228294063,0.6913439325173737,0.6695629477263951,0.03916034789601034,0.04204907120438564,0.08120941910039597,0.34567196625868685,0.3219246958105529,0.3389036490303928,0.3151563785822588,True,True,True,0,4.0,4,5,False,False,4.0,inf,0.002120365069216888,0.001997076831971189,0.058896862449214826
sbm,12,503,4,2,0,0,1,0.1,0.189392973564394,0.48638756044395715,0.3893869600438031,0.6376984023658195,False,0.013304950730148138,0.013304950730148138,0.6913439325173737,0.6695629477263951,0.0769802126226878,0.0858447876886486,0.1628250003113364,0.34567196625868685,0.30997690339462447,0.3323670155285387,0.2966719526644763,True,True,True,0,4.0,4,5,False,False,4.0,inf,0.002120365069216888,0.0018896979042431741,0.05454074873991743
sbm,12,503,4,2,0,0,1,0.2,0.3787859471287869,0.48638756044395715,0.7787739200876038,3.5202627122263004,False,0.025720545791749955,0.025720545791749955,0.6913439325173737,0.6695629477263951,0.14881476256308124,0.17831102191089804,0.3271257844739793,0.34567196625868685,0.2884908124703867,0.3199514204669369,0.2627702666786368,True,True,True,0,4.0,4,5,False,False,4.0,inf,0.002120365069216888,0.0017175139874389628,0.04647430023717203
sbm,12,503,4,2,1,0,2,-0.2,0.33942765871335484,0.48638756044395715,0.6978543168405406,2.30966171531315,False,0.005748921869259617,0.005748921869259617,0.6913439325173737,0.6695629477263951,0.033262297382584724,0.03550590749715118,0.0687682048797359,0.34567196625868685,0.32382903434989707,0.3399230443894272,0.31808011248063744,True,True,True,0,4.0,4,5,False,False,4.0,inf,0.002120365069216888,0.002498478595957126,0.06231060473336136
sbm,12,503,4,2,1,0,2,-0.1,0.16971382935667745,0.48638756044395715,0.34892715842027033,0.5359264526740993,False,0.002732986439208058,0.002732986439208058,0.6913439325173737,0.6695629477263951,0.015812600997344415,0.01658721144298718,0.03239981244033159,0.34567196625868685,0.32952934236134346,0.3429389798194788,0.3267963559221354,True,True,True,0,0.0,4,5,True,True,0.0,0.031087153790593722,0.002120365069216888,0.0023340354904268956,0.06293495293737067
sbm,12,503,4,2,1,0,2,-0.05,0.08485691467833877,0.48638756044395715,0.17446357921013525,0.21133359451689643,True,0.0013336864807657906,0.0013336864807657906,0.6913439325173737,0.6695629477263951,0.007716486212062183,0.008029223645777215,0.015745709857839397,0.34567196625868685,0.33220807878909,0.34433827977792103,0.33087439230832416,True,True,True,0,0.0,4,5,True,True,0.0,0.04774125637308592,0.002120365069216888,0.0022233369338952144,0.06321921721092633
sbm,12,503,4,2,1,0,2,-0.02,0.03394276587133572,0.48638756044395715,0.06978543168405454,0.0750207898919425,True,0.0005259006970623981,0.0005259006970623981,0.6913439325173737,0.6695629477263951,0.003042773197690179,0.003151329280617892,0.00619410247830807,0.34567196625868685,0.3337643579786641,0.34514606556162447,0.33323845728160173,True,True,True,0,0.0,4,5,True,True,0.0,0.057292863752617246,0.002120365069216888,0.002160673632487044,0.06338175811011443
sbm,12,503,4,2,1,0,2,0.02,0.03394276587133572,0.48638756044395715,0.06978543168405454,0.0750207898919425,True,0.0005161321802169012,0.0005161321802169012,0.6913439325173737,0.6695629477263951,0.0029862541981819195,0.0030926190734829944,0.006078873271664914,0.34567196625868685,0.3337832225393466,0.34515583407846995,0.3332670903591297,True,True,True,0,0.0,4,5,True,True,0.0,0.0574080929592604,0.002120365069216888,0.002081179066823745,0.06358975087887081
sbm,12,503,4,2,1,0,2,0.05,0.08485691467833877,0.48638756044395715,0.17446357921013525,0.21133359451689643,True,0.001272604658142383,0.001272604658142383,0.6913439325173737,0.6695629477263951,0.007363077034659023,0.007658784169714327,0.015021861204373349,0.34567196625868685,0.33232550492145574,0.34439936160054446,0.33105290026331335,True,True,True,0,0.0,4,5,True,True,0.0,0.04846510502655196,0.002120365069216888,0.002024414713720177,0.06373955863024006
sbm,12,503,4,2,1,0,2,0.1,0.16971382935667753,0.48638756044395715,0.3489271584202705,0.5359264526740998,False,0.0024882498017654905,0.0024882498017654905,0.6913439325173737,0.6695629477263951,0.014396595874965374,0.015080471455904182,0.029477067330869557,0.34567196625868685,0.329996288118872,0.34318371645692136,0.3275080383171065,True,True,True,0,0.0,4,5,True,True,0.0,0.034009898900055756,0.002120365069216888,0.001934859548568401,0.06397821100074275
sbm,12,503,4,2,1,0,2,0.2,0.33942765871335484,0.48638756044395715,0.6978543168405406,2.30966171531315,False,0.004763369962086611,0.004763369962086611,0.6913439325173737,0.6695629477263951,0.027560059403381867,0.02925176488403208,0.05681182428741395,0.34567196625868685,0.3256808593239332,0.34090859629660025,0.3209174893618466,True,True,True,0,0.0,4,5,True,True,0.0,0.006675141943511362,0.002120365069216888,0.0017727631579436032,0.06441795607040995
sbm,12,503,4,2,2,0,3,-0.2,0.4492888218873855,0.48638756044395715,0.9237259716866335,12.110622607889152,False,0.008838500903925597,0.008838500903925597,0.6913439325173737,0.6695629477263951,0.05113808330821495,0.05557201915463016,0.10671010246284511,0.34567196625868685,0.31809176770533765,0.3368334653547613,0.3092532668014121,True,True,True,0,4.0,4,5,False,False,4.0,inf,0.002120365069216888,0.001898671467372818,0.06633407762682542
sbm,12,503,4,2,2,0,3,-0.1,0.22464441094369267,0.48638756044395715,0.4618629858433166,0.8582628098293962,False,0.004176029114891336,0.004176029114891336,0.6913439325173737,0.6695629477263951,0.02416180380543886,0.025557915774418908,0.04971971957985777,0.34567196625868685,0.3267894887634893,0.3414959371437955,0.32261345964859794,True,True,True,0,0.0,4,5,True,True,0.0,0.013767246651067544,0.002120365069216888,0.0020137374331332075,0.0648223780252013
sbm,12,503,4,2,2,0,3,-0.05,0.11232220547184624,0.48638756044395715,0.2309314929216581,0.300274280894633,True,0.002032158048457315,0.002032158048457315,0.6913439325173737,0.6695629477263951,0.011757725513306628,0.0122837897829229,0.024041515296229526,0.34567196625868685,0.330868255541535,0.34363980821022955,0.3288360974930777,True,True,True,0,0.0,4,5,True,True,0.0,0.039445450934695786,0.002120365069216888,0.002068057036824727,0.06413454260152973
sbm,12,503,4,2,2,0,3,-0.02,0.04492888218873859,0.48638756044395715,0.09237259716866343,0.10177369797397902,True,0.0008000293735044888,0.0008000293735044888,0.6913439325173737,0.6695629477263951,0.004628835726330086,0.004801586854721847,0.009430422581051933,0.34567196625868685,0.33323540642308513,0.34487193688518236,0.33243537704958065,True,True,True,0,0.0,4,5,True,True,0.0,0.054056543649873376,0.002120365069216888,0.002099677143353918,0.0637413856232899
sbm,12,503,4,2,2,0,3,0.02,0.04492888218873859,0.48638756044395715,0.09237259716866343,0.10177369797397902,True,0.0007835422447294955,0.0007835422447294955,0.6913439325173737,0.6695629477263951,0.004533443965445114,0.0047021864406879554,0.00923563040613307,0.34567196625868685,0.3332671958514937,0.34488842401395736,0.33248365360676424,True,True,True,0,0.0,4,5,True,True,0.0,0.054251335824792246,0.002120365069216888,0.0021407462419295743,0.06323845505329023
sbm,12,503,4,2,2,0,3,0.05,0.1123222054718469,0.48638756044395715,0.23093149292165946,0.3002742808946353,True,0.001929052580678028,0.001929052580678028,0.6913439325173737,0.6695629477263951,0.011161174575750256,0.011653593921107087,0.022814768496857343,0.34567196625868685,0.3310656941948375,0.3437429136780088,0.32913664161415945,True,True,True,0,0.0,4,5,True,True,0.0,0.040672197734067966,0.002120365069216888,0.0021707556361736796,0.06287634012438575
sbm,12,503,4,2,2,0,3,0.1,0.2246444109436929,0.48638756044395715,0.46186298584331703,0.8582628098293977,False,0.0037627345629670317,0.0037627345629670317,0.6913439325173737,0.6695629477263951,0.021770550870481374,0.022973490832658955,0.04474404170314033,0.34567196625868685,0.327571860138726,0.3419092316957198,0.32380912557575897,True,True,True,0,0.0,4,5,True,True,0.0,0.018742924527784983,0.002120365069216888,0.0022193191769317873,0.06229969813038472
sbm,12,503,4,2,2,0,3,0.2,0.4492888218873855,0.48638756044395715,0.9237259716866335,12.110622607889152,False,0.007171201832330685,0.007171201832330685,0.6913439325173737,0.6695629477263951,0.04149137061906865,0.04465601836953719,0.08614738898860584,0.34567196625868685,0.32117515596610524,0.3385007644263562,0.3140039541337746,True,True,True,0,4.0,4,5,False,False,4.0,inf,0.002120365069216888,0.0023113073455690285,0.06123796824601907
sbm,12,503,4,2,3,0,4,-0.2,0.403476213441154,0.48638756044395715,0.8295364566332152,4.8663569948696255,False,0.04012691775977391,0.04012691775977391,0.6913439325173737,0.6695629477263951,0.2321676136718854,0.3023663755051659,0.5345339891770513,0.34567196625868685,0.26541918024273403,0.30554504849891295,0.22529226248296014,True,True,True,0,4.0,4,5,False,False,4.0,inf,0.002120365069216888,0.0019192905889400624,0.05610488900784083
sbm,12,503,4,2,3,0,4,-0.1,0.20173810672057668,0.48638756044395715,0.414768228316607,0.7087247281936602,False,0.018666423584510327,0.018666423584510327,0.6913439325173737,0.6695629477263951,0.10800079501119356,0.12423210520748673,0.2322329002186803,0.34567196625868685,0.30050885080526535,0.32700554267417653,0.28184242722075503,True,True,True,0,4.0,4,5,False,False,4.0,inf,0.002120365069216888,0.0020288562214681493,0.06040016908737883
sbm,12,503,4,2,3,0,4,-0.05,0.10086905336028827,0.48638756044395715,0.20738411415830332,0.2616451649061733,True,0.009016810245220056,0.009016810245220056,0.6913439325173737,0.6695629477263951,0.05216975124023938,0.05675165669600856,0.10892140793624794,0.34567196625868685,0.31776377184964977,0.3366551560134668,0.3087469616044297,True,True,True,0,4.0,4,5,False,False,4.0,inf,0.002120365069216888,0.0020766148976488577,0.06206973119825254
sbm,12,503,4,2,3,0,4,-0.02,0.04034762134411518,0.48638756044395715,0.08295364566332107,0.0904574182875667,True,0.003534570678601478,0.003534570678601478,0.6913439325173737,0.6695629477263951,0.02045043291683277,0.021551959349675638,0.04200239226650841,0.34567196625868685,0.3280045791896572,0.3421373955800854,0.32447000851105573,True,True,True,0,0.0,4,5,True,True,0.0,0.0214845739644169,0.002120365069216888,0.002103317136838377,0.06294768303496434
sbm,12,503,4,2,3,0,4,0.02,0.04034762134411518,0.48638756044395715,0.08295364566332107,0.0904574182875667,True,0.0034424845284344355,0.0034424845284344355,0.6913439325173737,0.6695629477263951,0.019917637902161958,0.02097928563596884,0.0408969235381308,0.34567196625868685,0.3281793849579244,0.3422294817302524,0.32473690042949,True,True,True,0,0.0,4,5,True,True,0.0,0.022590042692794514,0.002120365069216888,0.0021368413715180017,0.0639922140166394
sbm,12,503,4,2,3,0,4,0.05,0.10086905336028827,0.48638756044395715,0.20738411415830332,0.2616451649061733,True,0.008440843909075567,0.008440843909075567,0.6913439325173737,0.6695629477263951,0.04883730665482304,0.05294978739760574,0.10178709405242878,0.34567196625868685,0.31882446838520234,0.3372311223496113,0.3103836244761268,True,True,True,0,4.0,4,5,False,False,4.0,inf,0.002120365069216888,0.002160538930615451,0.06469101870398702
sbm,12,503,4,2,3,0,4,0.1,0.2017381067205768,0.48638756044395715,0.4147682283166072,0.7087247281936608,False,0.01635643460536367,0.01635643460536367,0.6913439325173737,0.6695629477263951,0.09463558634733589,0.10741302147484039,0.20204860782217626,0.34567196625868685,0.3045521740433468,0.32931553165332317,0.2881957394379831,True,True,True,0,4.0,4,5,False,False,4.0,inf,0.002120365069216888,0.0021975169172607167,0.06571440600444028
sbm,12,503,4,2,3,0,4,0.2,0.40347621344115336,0.48638756044395715,0.829536456633214,4.866356994869582,False,0.03078831903667061,0.03078831903667061,0.6913439325173737,0.6695629477263951,0.1781360482882195,0.2197951270225859,0.3979311753108054,0.34567196625868685,0.28015470091388184,0.3148836472220162,0.24936638187721122,True,True,True,0,4.0,4,5,False,False,4.0,inf,0.002120365069216888,0.002263183101852843,0.06732317591321979
sbm,12,503,4,2,4,0,11,-0.2,0.4962872936429625,0.48638756044395715,1.0203535904371592,inf,False,0.02721171684500348,0.02721171684500348,0.6913439325173737,0.6695629477263951,0.15744242808882766,0.19028339858878054,0.3477258266776082,0.34567196625868685,0.28601251656021176,0.31846024941368334,0.2588007997152083,True,True,True,0,4.0,4,5,False,False,4.0,inf,0.002120365069216888,0.0027033203738600687,0.059596764089151266
sbm,12,503,4,2,4,0,11,-0.1,0.24814364682148193,0.48638756044395715,0.5101767952185811,1.0415529322385713,False,0.012926654069585238,0.012926654069585238,0.6913439325173737,0.6695629477263951,0.07479145161520825,0.08322163047031389,0.15801308208552214,0.34567196625868685,0.31065611179527,0.3327453121891016,0.2977294577256847,True,True,True,0,4.0,4,5,False,False,4.0,inf,0.002120365069216888,0.0023799251385221466,0.061858934701623014
sbm,12,503,4,2,4,0,11,-0.05,0.12407182341074097,0.48638756044395715,0.25508839760929053,0.3424411658921853,False,0.006305014950307891,0.006305014950307891,0.6913439325173737,0.6695629477263951,0.03647975864834509,0.039065884097482205,0.07554564274582729,0.34567196625868685,0.3227888013272557,0.33936695130837896,0.3164837863769478,True,True,True,0,4.0,4,5,False,False,4.0,inf,0.002120365069216888,0.002242978262880431,0.06274250600760656
sbm,12,503,4,2,4,0,11,-0.02,0.04962872936429674,0.48638756044395715,0.10203535904371694,0.11362959563202275,True,0.0024853752138352773,0.0024853752138352773,0.6913439325173737,0.6695629477263951,0.014379963991498945,0.015062798990107597,0.029442762981606543,0.34567196625868685,0.3300017766243223,0.34318659104485155,0.327516401410487,True,True,True,0,0.0,4,5,True,True,0.0,0.03404420324931877,0.002120365069216888,0.0021677841512897974,0.06320477646372485
sbm,12,503,4,2,4,0,11,0.02,0.04962872936429674,0.48638756044395715,0.10203535904371694,0.11362959563202275,True,0.0024380490397116835,0.0024380490397116835,0.6913439325173737,0.6695629477263951,0.014106142688395776,0.014771929813657644,0.02887807250205342,0.34567196625868685,0.3300921505134073,0.34323391721897517,0.3276541014736956,True,True,True,0,0.0,4,5,True,True,0.0,0.034608893728871895,0.002120365069216888,0.0020750118794233934,0.0637495472244265
sbm,12,503,4,2,4,0,11,0.05,0.12407182341074097,0.48638756044395715,0.25508839760929053,0.3424411658921853,False,0.006009112781867243,0.006009112781867243,0.6913439325173737,0.6695629477263951,0.03476771834815362,0.037168784762839184,0.07193650311099281,0.34567196625868685,0.3233419020938811,0.3396628534768196,0.31733278931201386,True,True,True,0,4.0,4,5,False,False,4.0,inf,0.002120365069216888,0.002010674067701652,0.06410873038223974
sbm,12,503,4,2,4,0,11,0.1,0.24814364682148216,0.48638756044395715,0.5101767952185815,1.041552932238573,False,0.011741421390165374,0.011741421390165374,0.6913439325173737,0.6695629477263951,0.06793389419018475,0.0750745208130205,0.14300841500320527,0.34567196625868685,0.31279377511868195,0.3339305448685215,0.3010523537285166,True,True,True,0,4.0,4,5,False,False,4.0,inf,0.002120365069216888,0.0019126421034093906,0.0646221902208618
sbm,12,503,4,2,4,0,11,0.2,0.4962872936429634,0.48638756044395715,1.0203535904371612,inf,False,0.022444713307500648,0.022444713307500648,0.6913439325173737,0.6695629477263951,0.12986134542772806,0.1526794921849471,0.2825408376126752,0.34567196625868685,0.294010845678114,0.3232272529511862,0.27156613237061333,True,True,True,0,4.0,4,5,False,False,4.0,inf,0.002120365069216888,0.0017471476424258728,0.06537321455171347
sbm,12,503,4,2,5,1,2,-0.2,0.3163822701808455,0.48638756044395715,0.6504736056408661,1.861014264269018,False,0.026861987270351228,0.026861987270351228,0.6913439325173737,0.6695629477263951,0.1554189514474472,0.18745814305289138,0.34287709450033854,0.34567196625868685,0.28659184213482913,0.31880997898833563,0.2597298548644779,True,True,True,0,4.0,4,5,False,False,4.0,inf,0.002120365069216888,0.001753043527827723,0.07449458303591117
sbm,12,503,4,2,5,1,2,-0.1,0.15819113509042282,0.48638756044395715,0.3252368028204332,0.48200139571909956,False,0.012933075860608446,0.012933075860608446,0.6913439325173737,0.6695629477263951,0.07482860702062173,0.08326606760427198,0.1580946746248937,0.34567196625868685,0.31064456945592356,0.3327388903980784,0.2977114935953151,True,True,True,0,4.0,4,5,False,False,4.0,inf,0.002120365069216888,0.001898245393428053,0.06860669838936245
sbm,12,503,4,2,5,1,2,-0.05,0.07909556754521141,0.48638756044395715,0.1626184014102166,0.19419868036756335,True,0.006347638593436732,0.006347638593436732,0.6913439325173737,0.6695629477263951,0.03672637189610232,0.03933968075807122,0.07606605265417354,0.34567196625868685,0.32270920714751367,0.3393243276652501,0.31636156855407693,True,True,True,0,4.0,4,5,False,False,4.0,inf,0.002120365069216888,0.0020008169034935897,0.06595805982206926
sbm,12,503,4,2,5,1,2,-0.02,0.03163822701808494,0.48638756044395715,0.06504736056408741,0.0695728936637182,True,0.002511207628814685,0.002511207628814685,0.6913439325173737,0.6695629477263951,0.014529426010412422,0.015221633124031402,0.029751059134443824,0.34567196625868685,0.3299524575782969,0.34316075862987216,0.3274412499494822,True,True,True,0,0.0,4,5,True,True,0.0,0.033735907096481485,0.002120365069216888,0.0020706410523735953,0.06445495853976563
sbm,12,503,4,2,5,1,2,0.02,0.031638227018084275,0.48638756044395715,0.06504736056408604,0.06957289366371663,True,0.002474859480495657,0.002474859480495657,0.6913439325173737,0.6695629477263951,0.014319121722723519,0.014998155066466817,0.029317276789190334,0.34567196625868685,0.3300218552919217,0.3431971067781912,0.32754699581142604,True,True,True,0,0.0,4,5,True,True,0.0,0.03416968944173498,0.002120365069216888,0.00217248279024279,0.06254527912351088
sbm,12,503,4,2,5,1,2,0.05,0.07909556754521141,0.48638756044395715,0.1626184014102166,0.19419868036756335,True,0.006120430842720472,0.006120430842720472,0.6913439325173737,0.6695629477263951,0.03541178597132861,0.03788172237576928,0.07329350834709789,0.34567196625868685,0.3231337150939764,0.3395515354159664,0.31701328425125597,True,True,True,0,4.0,4,5,False,False,4.0,inf,0.002120365069216888,0.00225488666542359,0.06118035252120679
sbm,12,503,4,2,5,1,2,0.1,0.1581911350904229,0.48638756044395715,0.3252368028204334,0.4820013957191,False,0.01202379072795427,0.01202379072795427,0.6913439325173737,0.6695629477263951,0.06956763580276078,0.0770056919822012,0.14657332778496196,0.34567196625868685,0.31228316812563417,0.33364817553073256,0.3002593773976799,True,True,True,0,4.0,4,5,False,False,4.0,inf,0.002120365069216888,0.0024025610767052885,0.059026188258616274
sbm,12,503,4,2,5,1,2,0.2,0.3163822701808455,0.48638756044395715,0.6504736056408661,1.861014264269018,False,0.02321761195246222,0.02321761195246222,0.6913439325173737,0.6695629477263951,0.134333207310697,0.15864496662815605,0.29297817393885306,0.34567196625868685,0.29269900515509445,0.3224543543062246,0.2694813932026322,True,True,True,0,4.0,4,5,False,False,4.0,inf,0.002120365069216888,0.0026305901839522327,0.05513176844164652
sbm,12,503,4,2,6,1,5,-0.2,0.47801121326071677,0.48638756044395715,0.9827784510450992,57.06678613049072,False,0.0726361841049103,0.0726361841049103,0.6913439325173737,0.6695629477263951,0.4202607743466957,0.6605999472195787,1.0808607215662744,0.34567196625868685,0.21990974843589126,0.27303578215377655,0.14727356433098096,True,True,True,4,4.0,4,5,False,True,0.0,inf,0.002120365069216888,0.0018407938251115256,0.0037289287099424584
sbm,12,503,4,2,6,1,5,-0.1,0.23900560663035866,0.48638756044395715,0.49138922552255015,0.9661400233359327,False,0.03334351411075298,0.03334351411075298,0.6913439325173737,0.6695629477263951,0.19291997827674606,0.2415816979520742,0.4345016762288203,0.34567196625868685,0.2760433790590195,0.31232845214793387,0.2426998649482665,True,True,True,0,4.0,4,5,False,False,4.0,inf,0.002120365069216888,0.001990845052942349,0.031217264541046008
sbm,12,503,4,2,6,1,5,-0.05,0.11950280331517972,0.48638756044395715,0.24569461276127588,0.3257229988250342,True,0.015997846172067523,0.015997846172067523,0.6913439325173737,0.6695629477263951,0.09256085383617939,0.10484042268513417,0.19740127652131356,0.34567196625868685,0.3051846942684243,0.32967412008661934,0.2891868480963568,True,True,True,0,4.0,4,5,False,False,4.0,inf,0.002120365069216888,0.0020579133513979704,0.0476981656725225
sbm,12,503,4,2,6,1,5,-0.02,0.04780112132607184,0.48638756044395715,0.09827784510451025,0.10898905452300961,True,0.006245664577306025,0.006245664577306025,0.6913439325173737,0.6695629477263951,0.036136367347949894,0.03868486275203685,0.07482123009998674,0.34567196625868685,0.32289966322691305,0.3394263016813808,0.316653998649607,True,True,True,0,4.0,4,5,False,False,4.0,inf,0.002120365069216888,0.002095909923110835,0.05725497611617586
sbm,12,503,4,2,6,1,5,0.02,0.047801121326071394,0.48638756044395715,0.09827784510450933,0.10898905452300849,True,0.006050164975790258,0.006050164975790258,0.6913439325173737,0.6695629477263951,0.03500523945446337,0.03743159886892115,0.07243683832338452,0.34567196625868685,0.3232651106877303,0.3396218012828966,0.31721494571194003,True,True,True,0,4.0,4,5,False,False,4.0,inf,0.002120365069216888,0.002144149927345249,0.06960762507484797
sbm,12,503,4,2,6,1,5,0.05,0.11950280331517925,0.48638756044395715,0.2456946127612749,0.3257229988250325,True,0.014775190182505697,0.014775190182505697,0.6913439325173737,0.6695629477263951,0.08548677141754993,0.09614530721560907,0.181632078633159,0.34567196625868685,0.3073512501108731,0.3308967760761812,0.29257605992836744,True,True,True,0,4.0,4,5,False,False,4.0,inf,0.002120365069216888,0.0021786237872837384,0.07858072564891483
sbm,12,503,4,2,6,1,5,0.1,0.23900560663035839,0.48638756044395715,0.4913892255225496,0.9661400233359305,False,0.02844172637261838,0.02844172637261838,0.6913439325173737,0.6695629477263951,0.16455905684485705,0.20030492282005202,0.3648639796649091,0.34567196625868685,0.2839842972623252,0.31723023988606847,0.25554257088970683,True,True,True,0,4.0,4,5,False,False,4.0,inf,0.002120365069216888,0.0022330595983699633,0.09298773032797503
sbm,12,503,4,2,6,1,5,0.2,0.4780112132607165,0.48638756044395715,0.9827784510450986,57.0667861304888,False,0.052852124689742555,0.052852124689742555,0.6913439325173737,0.6695629477263951,0.3057935259360325,0.42868221939338247,0.734475745329415,0.34567196625868685,0.24657950481143012,0.2928198415689443,0.19372738012168755,True,True,True,0,4.0,4,5,False,False,4.0,inf,0.002120365069216888,0.0023317366626024565,0.11981243133599045
sbm,12,503,4,2,7,2,3,-0.2,0.3676677922083007,0.48638756044395715,0.7559152867164339,3.0969382578180853,False,0.015404538332435172,0.015404538332435172,0.6913439325173737,0.6695629477263951,0.08912807422113624,0.10060628134484473,0.18973435556598095,0.34567196625868685,0.3062341262695827,0.3302674279262517,0.2908295879371475,True,True,True,0,4.0,4,5,False,False,4.0,inf,0.002120365069216888,0.0024879070408768667,0.06618156487760629
sbm,12,503,4,2,7,2,3,-0.1,0.1838338961041501,0.48638756044395715,0.37795764335821647,0.6076075677526113,False,0.007241518811146953,0.007241518811146953,0.6913439325173737,0.6695629477263951,0.04189821286073106,0.045112241290850286,0.08701045415158135,0.34567196625868685,0.32104451492263525,0.3384304474475399,0.3138029961114883,True,True,True,0,4.0,4,5,False,False,4.0,inf,0.002120365069216888,0.0024361847981636047,0.06477722803340213
sbm,12,503,4,2,7,2,3,-0.05,0.09191694805207505,0.48638756044395715,0.18897882167910823,0.23301342397785837,True,0.0035156469039874538,0.0035156469039874538,0.6913439325173737,0.6695629477263951,0.020340943131943113,0.021434225133812244,0.04177516826575536,0.34567196625868685,0.32804049430660887,0.34215631935469937,0.3245248474026214,True,True,True,0,0.0,4,5,True,True,0.0,0.021711797965169956,0.002120365069216888,0.0022704610836707597,0.06411832083183999
sbm,12,503,4,2,7,2,3,-0.02,0.03676677922083016,0.48638756044395715,0.07559152867164358,0.08177286450330779,True,0.001382188000136685,0.001382188000136685,0.6913439325173737,0.6695629477263951,0.007997107865567043,0.008323553909260671,0.016320661774827716,0.34567196625868685,0.33211486708793503,0.34428977825855017,0.33073267908779835,True,True,True,0,0.0,4,5,True,True,0.0,0.047166304456097596,0.002120365069216888,0.0021786491305588896,0.06373627018541056
sbm,12,503,4,2,7,2,3,0.02,0.03676677922083016,0.48638756044395715,0.07559152867164358,0.08177286450330779,True,0.0013513516910581272,0.0013513516910581272,0.6913439325173737,0.6695629477263951,0.007818694154948224,0.00813640548369249,0.015955099638640714,0.34567196625868685,0.33217412621988757,0.34432061456762875,0.33082277452882947,True,True,True,0,0.0,4,5,True,True,0.0,0.0475318665922846,0.002120365069216888,0.0020642911652695183,0.06324189660430402
sbm,12,503,4,2,7,2,3,0.05,0.09191694805207572,0.48638756044395715,0.1889788216791096,0.23301342397786046,True,0.0033227897117063124,0.0033227897117063124,0.6913439325173737,0.6695629477263951,0.019225103774945244,0.020235819282104005,0.03946092305704925,0.34567196625868685,0.3284067390980206,0.34234917654698055,0.3250839493863143,True,True,True,0,0.0,4,5,True,True,0.0,0.024026043173876063,0.002120365069216888,0.001984099651422745,0.06288207314383248
sbm,12,503,4,2,7,2,3,0.1,0.18383389610415013,0.48638756044395715,0.3779576433582165,0.6076075677526114,False,0.006468223386631443,0.006468223386631443,0.6913439325173737,0.6695629477263951,0.03742405527783464,0.04011498643264955,0.0775390417104842,0.34567196625868685,0.32248413681959825,0.3392037428720554,0.3160159134329668,True,True,True,0,4.0,4,5,False,False,4.0,inf,0.002120365069216888,0.001860113290119927,0.062302505578009704
sbm,12,503,4,2,7,2,3,0.2,0.36766779220830065,0.48638756044395715,0.7559152867164338,3.096938257818083,False,0.012281123621187896,0.012281123621187896,0.6913439325173737,0.6695629477263951,0.07105652074774962,0.07877095966523397,0.1498274804129836,0.34567196625868685,0.3118185603776069,0.33339084263749896,0.29953743675641903,True,True,True,0,4.0,4,5,False,False,4.0,inf,0.002120365069216888,0.0016437739496250837,0.06121475448956459
sbm,12,503,4,2,8,2,11,-0.2,0.5183113096145671,0.48638756044395715,1.065634386581497,inf,False,0.03001898869972539,0.03001898869972539,0.6913439325173737,0.6695629477263951,0.17368483203674318,0.21335115590874826,0.38703598794549143,0.34567196625868685,0.28140450959229596,0.31565297755896143,0.25138552089257055,True,True,True,0,4.0,4,5,False,False,4.0,inf,0.002120365069216888,0.0016181108692315553,0.06994429378520128
sbm,12,503,4,2,8,2,11,-0.1,0.25915565480728353,0.48638756044395715,0.5328171932907485,1.1404897304415231,False,0.01392567881895404,0.01392567881895404,0.6913439325173737,0.6695629477263951,0.08057164119888524,0.0901730526601852,0.17074469385907043,0.34567196625868685,0.3088656401914793,0.3317462874397328,0.2949399613725252,True,True,True,0,4.0,4,5,False,False,4.0,inf,0.002120365069216888,0.0018527071264181024,0.06674890296234098
sbm,12,503,4,2,8,2,11,-0.05,0.12957782740364143,0.48638756044395715,0.2664085966453736,0.36315665018308374,False,0.006720194876338873,0.006720194876338873,0.6913439325173737,0.6695629477263951,0.03888192004155611,0.04173848191695795,0.08062040195851405,0.34567196625868685,0.32201434109219584,0.338951771382348,0.315294146215857,True,True,True,0,4.0,4,5,False,False,4.0,inf,0.002120365069216888,0.0019835746718557434,0.06511798837527277
sbm,12,503,4,2,8,2,11,-0.02,0.05183113096145675,0.48638756044395715,0.1065634386581498,0.11927364881744085,True,0.0026330281102068032,0.0026330281102068032,0.6913439325173737,0.6695629477263951,0.015234258876731428,0.015971298583314492,0.03120555746004592,0.34567196625868685,0.32971997818105736,0.34303893814848,0.32708695007085054,True,True,True,0,0.0,4,5,True,True,0.0,0.03228140877087939,0.002120365069216888,0.002065059975421719,0.06413857868113554
sbm,12,503,4,2,8,2,11,0.02,0.05183113096145675,0.48638756044395715,0.1065634386581498,0.11927364881744085,True,0.0025630505512941426,0.0025630505512941426,0.6913439325173737,0.6695629477263951,0.01482938046168349,0.015540538681523422,0.030369919143206914,0.34567196625868685,0.3298535017118067,0.3431089157073927,0.3272904511605126,True,True,True,0,0.0,4,5,True,True,0.0,0.0331170470877184,0.002120365069216888,0.0021763310753761867,0.0628372077574686
sbm,12,503,4,2,8,2,11,0.05,0.12957782740364232,0.48638756044395715,0.26640859664537536,0.3631566501830871,False,0.006282419980652438,0.006282419980652438,0.6913439325173737,0.6695629477263951,0.03634902794489808,0.038920797148616404,0.07526982509351449,0.34567196625868685,0.32283100249275193,0.3393895462780344,0.3165485825120995,True,True,True,0,4.0,4,5,False,False,4.0,inf,0.002120365069216888,0.00226131040851872,0.06186732848573445
sbm,12,503,4,2,8,2,11,0.1,0.25915565480728375,0.48638756044395715,0.532817193290749,1.1404897304415254,False,0.012168625174844586,0.012168625174844586,0.6913439325173737,0.6695629477263951,0.07040562361217387,0.07799861056385961,0.1484042341760335,0.34567196625868685,0.3120215882533394,0.3335033410838423,0.29985296307849485,True,True,True,0,4.0,4,5,False,False,4.0,inf,0.002120365069216888,0.0022775616961632156,0.06026764164488707
sbm,12,503,4,2,8,2,11,0.2,0.5183113096145666,0.48638756044395715,1.0656343865814961,inf,False,0.022894034520815634,0.022894034520815634,0.6913439325173737,0.6695629477263951,0.13246104258094607,0.1561413794456432,0.28860242202658926,0.34567196625868685,0.29324749918436105,0.3227779317378712,0.27035346466354543,True,True,True,0,4.0,4,5,False,False,4.0,inf,0.002120365069216888,0.0020940046652105308,0.057151608427271405
sbm,12,503,4,2,9,3,4,-0.2,0.4289075677819436,0.48638756044395715,0.8818226506254645,7.461858429661792,False,0.038990668355354224,0.038990668355354224,0.6913439325173737,0.6695629477263951,0.22559346525760895,0.29187927272769737,0.5174727379853064,0.34567196625868685,0.26716983354778845,0.30668129790333265,0.22817916519243422,True,True,True,0,4.0,4,5,False,False,4.0,inf,0.002120365069216888,0.002366764562978152,0.048498360016212105
sbm,12,503,4,2,9,3,4,-0.1,0.2144537838909717,0.48638756044395715,0.440911325312732,0.7886250344086478,False,0.017519863465729514,0.017519863465729514,0.6913439325173737,0.6695629477263951,0.10136699053355319,0.1158303638700561,0.2171973544036093,0.34567196625868685,0.3025089947120275,0.3281521027929573,0.284989131246298,True,True,True,0,4.0,4,5,False,False,4.0,inf,0.002120365069216888,0.0023056257880679086,0.057105422625000624
sbm,12,503,4,2,9,3,4,-0.05,0.10722689194548596,0.48638756044395715,0.22045566265636624,0.2828006722588588,True,0.008336744777504288,0.008336744777504288,0.6913439325173737,0.6695629477263951,0.04823500654528292,0.05226528007243825,0.10050028661772117,0.34567196625868685,0.31901655423829317,0.33733522148118256,0.3106798094607889,True,True,True,0,4.0,4,5,False,False,4.0,inf,0.002120365069216888,0.002207602725607815,0.06052181633281828
sbm,12,503,4,2,9,3,4,-0.02,0.04289075677819399,0.48638756044395715,0.08818226506254569,0.09671040788496453,True,0.0032407041065176316,0.0032407041065176316,0.6913439325173737,0.6695629477263951,0.018750170235629814,0.019726546183398662,0.03847671641902847,0.34567196625868685,0.3285627475168383,0.34243126215216924,0.32532204341032067,True,True,True,0,0.0,4,5,True,True,0.0,0.02501024981189684,0.002120365069216888,0.002154077058058719,0.06234970841920595
sbm,12,503,4,2,9,3,4,0.02,0.04289075677819443,0.48638756044395715,0.08818226506254659,0.09671040788496561,True,0.0031232775086274677,0.0031232775086274677,0.6913439325173737,0.6695629477263951,0.01807075964204823,0.018998844300379722,0.03706960394242795,0.34567196625868685,0.32878605237741165,0.3425486887500594,0.3256627748687842,True,True,True,0,0.0,4,5,True,True,0.0,0.026417362288497365,0.002120365069216888,0.0020881161797622907,0.0645645643963893
sbm,12,503,4,2,9,3,4,0.05,0.10722689194548642,0.48638756044395715,0.22045566265636718,0.28280067225886035,True,0.007601551248520614,0.007601551248520614,0.6913439325173737,0.6695629477263951,0.04398130013720535,0.04745387068224339,0.09143517081944874,0.34567196625868685,0.3203764472416372,0.3380704150101662,0.3127748959931166,True,True,True,0,4.0,4,5,False,False,4.0,inf,0.002120365069216888,0.0020422924896416512,0.06607814754521202
sbm,12,503,4,2,9,3,4,0.1,0.21445378389097217,0.48638756044395715,0.44091132531273297,0.7886250344086508,False,0.014560713446196699,0.014560713446196699,0.6913439325173737,0.6695629477263951,0.08424584500612961,0.09463215700889174,0.17887800201502135,0.34567196625868685,0.30773288713747815,0.33111125281249015,0.29317217369128146,True,True,True,0,4.0,4,5,False,False,4.0,inf,0.002120365069216888,0.001972062998794602,0.0683568109847813
sbm,12,503,4,2,9,3,4,0.2,0.428907567781944,0.48638756044395715,0.8818226506254653,7.461858429661849,False,0.026851822453447145,0.026851822453447145,0.6913439325173737,0.6695629477263951,0.1553601395222911,0.18737618693193664,0.34273632645422775,0.34567196625868685,0.2866086976484468,0.3188201438052397,0.2597568751949997,True,True,True,0,4.0,4,5,False,False,4.0,inf,0.002120365069216888,0.0018509714476827514,0.07216453000706635
sbm,12,503,4,2,10,3,9,-0.2,0.3685738581648738,0.48638756044395715,0.757778134433481,3.1284464458283177,False,0.03301296332495376,0.03301296332495376,0.6913439325173737,0.6695629477263951,0.1910074668898559,0.23872976853336025,0.4297372354232162,0.34567196625868685,0.27657182032864497,0.3126590029337331,0.2435588570036912,True,True,True,0,4.0,4,5,False,False,4.0,inf,0.002120365069216888,0.0021182685357043407,0.04430621510229105
sbm,12,503,4,2,10,3,9,-0.1,0.18428692908243682,0.48638756044395715,0.3788890672167403,0.6100183513416851,False,0.015452311444391319,0.015452311444391319,0.6913439325173737,0.6695629477263951,0.08940448143155143,0.10094618358389915,0.19035066501545056,0.34567196625868685,0.3061494926462173,0.33021965481429555,0.290697181201826,True,True,True,0,4.0,4,5,False,False,4.0,inf,0.002120365069216888,0.002119785665718862,0.054780848085900946
sbm,12,503,4,2,10,3,9,-0.05,0.09214346454121856,0.48638756044395715,0.18944453360837046,0.23372186292410752,True,0.007486087593583648,0.007486087593583648,0.6913439325173737,0.6695629477263951,0.0433132468022088,0.04670186102843565,0.09001510783064445,0.34567196625868685,0.32059054730283865,0.3381858786651032,0.313104459709255,True,True,True,0,4.0,4,5,False,False,4.0,inf,0.002120365069216888,0.0021201717315487032,0.05932836583520523
sbm,12,503,4,2,10,3,9,-0.02,0.03685738581648712,0.48638756044395715,0.07577781344334757,0.08199090494210136,True,0.0029395226764266005,0.0029395226764266005,0.6913439325173737,0.6695629477263951,0.017007585013282686,0.017862066167378177,0.03486965118066086,0.34567196625868685,0.32913579525252296,0.34273244358226024,0.32619627257609635,True,True,True,0,0.0,4,5,True,True,0.0,0.02861731505026445,0.002120365069216888,0.0021203086197910666,0.06186723774050307
sbm,12,503,4,2,10,3,9,0.02,0.036857385816488016,0.48638756044395715,0.0757778134433494,0.08199090494210351,True,0.0028692532472836224,0.0028692532472836224,0.6913439325173737,0.6695629477263951,0.01660101788605206,0.01742798554098433,0.034029003427036394,0.34567196625868685,0.3292696382535061,0.34280271301140325,0.3264003850062225,True,True,True,0,0.0,4,5,True,True,0.0,0.029457962803888918,0.002120365069216888,0.00212039600920885,0.06505156722211253
sbm,12,503,4,2,10,3,9,0.05,0.09214346454121904,0.48638756044395715,0.18944453360837143,0.233721862924109,True,0.007046604092220359,0.007046604092220359,0.6913439325173737,0.6695629477263951,0.040770468999774004,0.04384850997179869,0.0846189789715727,0.34567196625868685,0.3214067751334038,0.3386253621664665,0.31436017104118347,True,True,True,0,4.0,4,5,False,False,4.0,inf,0.002120365069216888,0.002120398588519666,0.06730060203482885
sbm,12,503,4,2,10,3,9,0.1,0.1842869290824376,0.48638756044395715,0.3788890672167419,0.6100183513416894,False,0.013690087466969298,0.013690087466969298,0.6913439325173737,0.6695629477263951,0.07920854916377103,0.08852677378913527,0.1677353229529063,0.34567196625868685,0.3092869395552164,0.33198187879171753,0.2955968520882471,True,True,True,0,4.0,4,5,False,False,4.0,inf,0.002120365069216888,0.002120299678282844,0.07080723312240844
sbm,12,503,4,2,10,3,9,0.2,0.3685738581648745,0.48638756044395715,0.7577781344334823,3.1284464458283407,False,0.025894774489189386,0.025894774489189386,0.6913439325173737,0.6695629477263951,0.14982282057441007,0.17969994166130282,0.32952276223571286,0.34567196625868685,0.28820014352587464,0.3197771917694975,0.2623053690366853,True,True,True,0,4.0,4,5,False,False,4.0,inf,0.002120365069216888,0.002119792218934276,0.07702681543172812
sbm,12,503,4,2,11,4,10,-0.2,0.4339626870580177,0.48638756044395715,0.8922158425719443,8.277801337988702,False,0.014902084648726215,0.014902084648726215,0.6913439325173737,0.6695629477263951,0.0862209615087739,0.09704225783100333,0.18326321933977724,0.34567196625868685,0.3071256786848019,0.3307698816099606,0.2922235940360757,True,True,True,0,4.0,4,5,False,False,4.0,inf,0.002120365069216888,0.002108691501514914,0.06739192261372645
sbm,12,503,4,2,11,4,10,-0.1,0.21698134352900866,0.48638756044395715,0.44610792128597176,0.8054058514822977,False,0.006419795401848529,0.006419795401848529,0.6913439325173737,0.6695629477263951,0.037143859083118215,0.03980348872280573,0.07694734780592394,0.34567196625868685,0.3225745083078738,0.33925217085683834,0.3161547129060253,True,True,True,0,4.0,4,5,False,False,4.0,inf,0.002120365069216888,0.0021149274372284123,0.06522043439759673
sbm,12,503,4,2,11,4,10,-0.05,0.10849067176450489,0.48638756044395715,0.22305396064298702,0.2870906721238744,True,0.0030084294223087934,0.0030084294223087934,0.6913439325173737,0.6695629477263951,0.017406267883797132,0.018288069022704048,0.03569433690650118,0.34567196625868685,0.32900460060315007,0.34266353683637807,0.3259961711808413,True,True,True,0,0.0,4,5,True,True,0.0,0.027792629324424133,0.002120365069216888,0.0021177384636446605,0.06430742066596701
sbm,12,503,4,2,11,4,10,-0.02,0.043396268705802044,0.48638756044395715,0.089221584257195,0.09796190018889325,True,0.0011602973588533605,0.0011602973588533605,0.6913439325173737,0.6695629477263951,0.006713285843868756,0.006978360887631825,0.01369164673150058,0.34567196625868685,0.33254151728089226,0.3445116688998335,0.3313812199220389,True,True,True,0,0.0,4,5,True,True,0.0,0.04979531949942473,0.002120365069216888,0.0021193356038775534,0.06380494247817664
sbm,12,503,4,2,11,4,10,0.02,0.043396268705802044,0.48638756044395715,0.089221584257195,0.09796190018889325,True,0.0011079965261547554,0.0011079965261547554,0.6913439325173737,0.6695629477263951,0.006410682000897786,0.006661792499950119,0.013072474500847905,0.34567196625868685,0.332642160848766,0.3445639697325321,0.3315341643226113,True,True,True,0,0.0,4,5,True,True,0.0,0.05041449173007741,0.002120365069216888,0.0021213673804159087,0.06318166352224863
sbm,12,503,4,2,11,4,10,0.05,0.10849067176450489,0.48638756044395715,0.22305396064298702,0.2870906721238744,True,0.002680277713110566,0.002680277713110566,0.6913439325173737,0.6695629477263951,0.015507637151603755,0.016262348176555218,0.03176998532815897,0.34567196625868685,0.3296298522220322,0.34299168854557627,0.32694957450892165,True,True,True,0,0.0,4,5,True,True,0.0,0.03171698090276634,0.002120365069216888,0.002122821901548353,0.06274588287823923
sbm,12,503,4,2,11,4,10,0.1,0.21698134352900933,0.48638756044395715,0.4461079212859731,0.8054058514823021,False,0.005088628446659897,0.005088628446659897,0.6913439325173737,0.6695629477263951,0.029441950423319978,0.0313080339925389,0.060749984415858875,0.34567196625868685,0.32506853977944333,0.34058333781202693,0.3199799113327834,True,True,True,0,0.0,4,5,True,True,0.0,0.0027369818150664374,0.002120365069216888,0.002093617211387815,0.06207330244652509
sbm,12,503,4,2,11,4,10,0.2,0.4339626870580177,0.48638756044395715,0.8922158425719443,8.277801337988702,False,0.009253289200405907,0.009253289200405907,0.6913439325173737,0.6695629477263951,0.053537978798553314,0.058319791567210115,0.11185777036576343,0.34567196625868685,0.31732929599866755,0.33641867705828093,0.30807600679826164,True,True,True,0,4.0,4,5,False,False,4.0,inf,0.002120365069216888,0.0017830865848638296,0.060899106926314284
sbm,12,503,4,2,12,6,8,-0.2,0.5152202600605413,0.48638756044395715,1.0592792701981661,inf,False,0.09324040721038607,0.09324040721038607,0.6913439325173737,0.6695629477263951,0.5394733522625826,0.9553511709401172,1.4948245232026998,0.34567196625868685,0.19519609133599006,0.2524315590483008,0.10195568412560399,True,True,True,0,4.0,4,5,False,False,4.0,inf,0.002120365069216888,0.0021883453526776097,0.0037732746547172735
sbm,12,503,4,2,12,6,8,-0.1,0.25761013003027067,0.48638756044395715,0.5296396350990831,1.1260294757417613,False,0.04552904812139748,0.04552904812139748,0.6913439325173737,0.6695629477263951,0.26342343357589715,0.3539651399170661,0.6173885734929632,0.34567196625868685,0.2572515933747878,0.3001429181372894,0.21172254525339035,True,True,True,0,4.0,4,5,False,False,4.0,inf,0.002120365069216888,0.0021613229915049366,0.03511810580808511
sbm,12,503,4,2,12,6,8,-0.05,0.12880506501513553,0.48638756044395715,0.2648198175495419,0.3602107671984038,False,0.022463931452303427,0.022463931452303427,0.6913439325173737,0.6695629477263951,0.1299725383891405,0.15282721540714053,0.28279975379628103,0.34567196625868685,0.29397815555898493,0.32320803480638344,0.2715142241066815,True,True,True,0,4.0,4,5,False,False,4.0,inf,0.002120365069216888,0.0021424614786073326,0.04967298437698697
sbm,12,503,4,2,12,6,8,-0.02,0.051522026006054156,0.48638756044395715,0.10592792701981665,0.11847806258697949,True,0.008910580987767968,0.008910580987767968,0.6913439325173737,0.6695629477263951,0.05155512657974498,0.05604859204571793,0.10760371862546292,0.34567196625868685,0.31795913733211173,0.33676138527091887,0.30904855634434375,True,True,True,0,4.0,4,5,False,False,4.0,inf,0.002120365069216888,0.0021295731821834364,0.058049719124675436
sbm,12,503,4,2,12,6,8,0.02,0.051522026006054156,0.48638756044395715,0.10592792701981665,0.11847806258697949,True,0.008807800007151647,0.008807800007151647,0.6913439325173737,0.6695629477263951,0.05096045307047114,0.055369151349090005,0.10632960441956114,0.34567196625868685,0.31814827544025215,0.3368641662515352,0.3093404754331005,True,True,True,0,4.0,4,5,False,False,4.0,inf,0.002120365069216888,0.0021106875884065756,0.06880731886808533
sbm,12,503,4,2,12,6,8,0.05,0.12880506501513514,0.48638756044395715,0.26481981754954115,0.3602107671984022,False,0.021822347517523974,0.021822347517523974,0.6913439325173737,0.6695629477263951,0.12626044138732972,0.14791228941370121,0.27417273080103094,0.34567196625868685,0.29507145895752135,0.32384961874116286,0.27324911143999736,True,True,True,0,4.0,4,5,False,False,4.0,inf,0.002120365069216888,0.002095337131429208,0.07657069705739405
sbm,12,503,4,2,12,6,8,0.1,0.25761013003027095,0.48638756044395715,0.5296396350990836,1.126029475741764,False,0.042974065353274214,0.042974065353274214,0.6913439325173737,0.6695629477263951,0.24864073195402933,0.32919885536144067,0.57783958731547,0.34567196625868685,0.26108271431315433,0.30269790090541265,0.2181086489598801,True,True,True,0,4.0,4,5,False,False,4.0,inf,0.002120365069216888,0.002067709988541734,0.0889396748589274
sbm,12,503,4,2,12,6,8,0.2,0.5152202600605413,0.48638756044395715,1.0592792701981661,inf,False,0.08319989233100333,0.08319989233100333,0.6913439325173737,0.6695629477263951,0.48138061776603497,0.8043633772979216,1.2857439950639566,0.34567196625868685,0.20687140831919698,0.2624720739276835,0.12367151598819365,True,True,True,0,4.0,4,5,False,False,4.0,inf,0.002120365069216888,0.002006064540541824,0.06487910676053271
sbm,12,503,4,2,13,7,8,-0.2,0.2984598603690463,0.48638756044395715,0.6136256036166362,1.5881632151624039,False,0.08312134064821768,0.08312134064821768,0.6913439325173737,0.6695629477263951,0.48092613090882264,0.8032388076224108,1.2841649385312335,0.34567196625868685,0.20696545002415181,0.26255062561046916,0.12384410937593414,True,True,True,0,4.0,4,5,False,False,4.0,inf,0.002120365069216888,0.0017298203442490414,0.09103116233515357
sbm,12,503,4,2,13,7,8,-0.1,0.14922993018452316,0.48638756044395715,0.3068128018083181,0.4426117542399815,False,0.04200251716289109,0.04200251716289109,0.6913439325173737,0.6695629477263951,0.24301951713063197,0.3199528123334817,0.5629723294641137,0.34567196625868685,0.2625544489298787,0.30366944909579574,0.22055193176698762,True,True,True,0,4.0,4,5,False,False,4.0,inf,0.002120365069216888,0.0019102281571583923,0.09647430992904044
sbm,12,503,4,2,13,7,8,-0.05,0.07461496509226184,0.48638756044395715,0.15340640090415958,0.1812043004671866,True,0.021093527190272812,0.021093527190272812,0.6913439325173737,0.6695629477263951,0.12204360925518197,0.14237071031553056,0.26441431957071254,0.34567196625868685,0.2963183528904796,0.32457843906841405,0.2752248257002068,True,True,True,0,4.0,4,5,False,False,4.0,inf,0.002120365069216888,0.0020114737293344133,0.08028905212009396
sbm,12,503,4,2,13,7,8,-0.02,0.029845986036904915,0.48638756044395715,0.0613625603616642,0.0653740813761996,True,0.008457077280811595,0.008457077280811595,0.6913439325173737,0.6695629477263951,0.04893123022005587,0.05305660308823156,0.10198783330828742,0.34567196625868685,0.3187945246606808,0.33721488897787527,0.31033744737986924,True,True,True,0,4.0,4,5,False,False,4.0,inf,0.002120365069216888,0.0020758812553181498,0.07028023244304388
sbm,12,503,4,2,13,7,8,0.02,0.029845986036904363,0.48638756044395715,0.061362560361663064,0.06537408137619831,True,0.008480295722599424,0.008480295722599424,0.6913439325173737,0.6695629477263951,0.049065568228654766,0.053209414648452455,0.10227498287710722,0.34567196625868685,0.3187517013155515,0.33719167053608745,0.3102714055929521,True,True,True,0,4.0,4,5,False,False,4.0,inf,0.002120365069216888,0.00216609313439767,0.05659908000642794
sbm,12,503,4,2,13,7,8,0.05,0.0746149650922614,0.48638756044395715,0.15340640090415866,0.18120430046718533,True,0.021238472572479707,0.021238472572479707,0.6913439325173737,0.6695629477263951,0.12288223891772408,0.14346928598119268,0.2663515248989168,0.34567196625868685,0.29606995570137357,0.32443349368620716,0.2748314831288939,True,True,True,0,4.0,4,5,False,False,4.0,inf,0.002120365069216888,0.002237026914620006,0.0460936637416976
sbm,12,503,4,2,13,7,8,0.1,0.1492299301845232,0.48638756044395715,0.3068128018083182,0.4426117542399818,False,0.042579879278739664,0.042579879278739664,0.6913439325173737,0.6695629477263951,0.24636003746323248,0.3254361618793977,0.5717961993426302,0.34567196625868685,0.26167884375749983,0.30309208697994716,0.21909896447876018,True,True,True,0,4.0,4,5,False,False,4.0,inf,0.002120365069216888,0.0023031828182325242,0.028137022683483337
sbm,12,503,4,2,13,7,8,0.2,0.29845986036904604,0.48638756044395715,0.6136256036166357,1.5881632151624,False,0.08539254186545409,0.08539254186545409,0.6913439325173737,0.6695629477263951,0.49406692009007047,0.8361016049148629,1.3301685250049333,0.34567196625868685,0.20426355209340685,0.26027942439323276,0.11887101022795277,True,True,True,4,4.0,4,5,False,True,0.0,inf,0.002120365069216888,0.0021173203437604956,0.009343825842363651
sbm,12,503,4,2,14,7,11,-0.2,0.35628013370801326,0.48638756044395715,0.7325025610910227,2.738353548649396,False,0.082551373340202,0.082551373340202,0.6913439325173737,0.6695629477263951,0.4776283956936439,0.7951045852544506,1.2727329809480945,0.34567196625868685,0.20764909389570124,0.26312059291848483,0.12509772055549923,True,True,True,0,4.0,4,5,False,False,4.0,inf,0.002120365069216888,0.0014216351168719165,0.11312050472524093
sbm,12,503,4,2,14,7,11,-0.1,0.17814006685400677,0.48638756044395715,0.3662512805455117,0.5779124585226296,False,0.04231367175343165,0.04231367175343165,0.6913439325173737,0.6695629477263951,0.2448198053860452,0.32290381933178375,0.567723624717829,0.34567196625868685,0.2620822004583002,0.3033582945052552,0.21976852870486857,True,True,True,0,4.0,4,5,False,False,4.0,inf,0.002120365069216888,0.0017349785960503747,0.09758402530131016
sbm,12,503,4,2,14,7,11,-0.05,0.08907003342700348,0.48638756044395715,0.18312564027275605,0.2241784652586012,True,0.021409611443907902,0.021409611443907902,0.6913439325173737,0.6695629477263951,0.1238724197141623,0.14476863265864295,0.2686410523728052,0.34567196625868685,0.29577693801102173,0.32426235481477894,0.2743673265671138,True,True,True,0,4.0,4,5,False,False,4.0,inf,0.002120365069216888,0.001918289653527683,0.0810508277418564
sbm,12,503,4,2,14,7,11,-0.02,0.035628013370801126,0.48638756044395715,0.07325025610910187,0.07903995290202667,True,0.008623305308916304,0.008623305308916304,0.6913439325173737,0.6695629477263951,0.04989299770096469,0.05415151293624642,0.10404451063721111,0.34567196625868685,0.31848806584845313,0.33704866094977054,0.3098647605395368,True,True,True,0,4.0,4,5,False,False,4.0,inf,0.002120365069216888,0.0020372446609803947,0.07063806814313411
sbm,12,503,4,2,14,7,11,0.02,0.035628013370801126,0.48638756044395715,0.07325025610910187,0.07903995290202667,True,0.008700875634060851,0.008700875634060851,0.6913439325173737,0.6695629477263951,0.05034180658751754,0.05466315679750142,0.10500496338501895,0.34567196625868685,0.31834515764587373,0.336971090624626,0.3096442820118129,True,True,True,0,4.0,4,5,False,False,4.0,inf,0.002120365069216888,0.0022065745600317794,0.05616640668763534
sbm,12,503,4,2,14,7,11,0.05,0.08907003342700336,0.48638756044395715,0.1831256402727558,0.2241784652586008,True,0.02189391285318995,0.02189391285318995,0.6913439325173737,0.6695629477263951,0.12667450641227548,0.14845881950939815,0.2751333259216736,0.34567196625868685,0.29494930547799436,0.3237780534054969,0.2730553926248044,True,True,True,0,4.0,4,5,False,False,4.0,inf,0.002120365069216888,0.002341730160467214,0.04486426366034424
sbm,12,503,4,2,14,7,11,0.1,0.17814006685400663,0.48638756044395715,0.36625128054551137,0.577912458522629,False,0.04424355648047908,0.04424355648047908,0.6913439325173737,0.6695629477263951,0.2559857946210715,0.34142225530964937,0.5974080499307208,0.34567196625868685,0.25917207090295186,0.3014284097782078,0.21492851442247277,True,True,True,0,4.0,4,5,False,False,4.0,inf,0.002120365069216888,0.002423600363468052,0.025158412199876967
sbm,12,503,4,2,14,7,11,0.2,0.3562801337080141,0.48638756044395715,0.7325025610910245,2.73835354864942,False,0.09015439972120248,0.09015439972120248,0.6913439325173737,0.6695629477263951,0.5216182306998803,0.9073846412718888,1.4290028719717691,0.34567196625868685,0.1987126420716848,0.25551756653748436,0.10855824235048231,True,True,True,4,4.0,4,5,False,True,0.0,inf,0.002120365069216888,0.002298027876134571,0.017572917880055827
sbm,12,503,4,2,15,8,9,-0.2,0.4282497875495906,0.48638756044395715,0.8804702718110214,7.36611958507078,False,0.030469286902616747,0.030469286902616747,0.6913439325173737,0.6695629477263951,0.17629018188773093,0.21711644635172953,0.3934066282394605,0.34567196625868685,0.2806723066317729,0.3152026793560701,0.25020301972915615,True,True,True,0,4.0,4,5,False,False,4.0,inf,0.002120365069216888,0.0020913424710331027,0.06612683223497284
sbm,12,503,4,2,15,8,9,-0.1,0.2141248937747956,0.48638756044395715,0.4402351359055114,0.7864643962919392,False,0.014399934369324399,0.014399934369324399,0.6913439325173737,0.6695629477263951,0.08331560424282757,0.09350021264060014,0.1768158168834277,0.34567196625868685,0.30801928600259865,0.33127203188936244,0.29361935163327424,True,True,True,0,4.0,4,5,False,False,4.0,inf,0.002120365069216888,0.002106589114595428,0.0647637918687432
sbm,12,503,4,2,15,8,9,-0.05,0.10706244688739777,0.48638756044395715,0.22011756795275564,0.2822445523935345,True,0.007006270049520113,0.007006270049520113,0.6913439325173737,0.6695629477263951,0.04053710299594793,0.04358735258231184,0.08412445557825976,0.34567196625868685,0.3214817893006571,0.33866569620916676,0.314475519251137,True,True,True,0,4.0,4,5,False,False,4.0,inf,0.002120365069216888,0.0021136483073407103,0.06411485050632837
sbm,12,503,4,2,15,8,9,-0.02,0.04282497875495927,0.48638756044395715,0.08804702718110258,0.09654777143709978,True,0.002757797815626969,0.002757797815626969,0.6913439325173737,0.6695629477263951,0.0159561554584565,0.016740201151491475,0.03269635660994798,0.34567196625868685,0.32948204034946876,0.3429141684430599,0.3267242425338418,True,True,True,0,0.0,4,5,True,True,0.0,0.030790609620977336,0.002120365069216888,0.0021177179610155045,0.06373562870982863
sbm,12,503,4,2,15,8,9,0.02,0.04282497875495927,0.48638756044395715,0.08804702718110258,0.09654777143709978,True,0.002700155696638295,0.002700155696638295,0.6913439325173737,0.6695629477263951,0.01562264782917113,0.016384840408291065,0.032007488237462196,0.34567196625868685,0.3295919434493803,0.34297181056204856,0.326891787752742,True,True,True,0,0.0,4,5,True,True,0.0,0.031479477993463116,0.002120365069216888,0.002122961040404758,0.0632415816553718
sbm,12,503,4,2,15,8,9,0.05,0.10706244688739754,0.48638756044395715,0.22011756795275514,0.28224455239353374,True,0.006645855363059928,0.006645855363059928,0.6913439325173737,0.6695629477263951,0.03845180409039268,0.041259016395234376,0.07971082048562705,0.34567196625868685,0.3221528743873573,0.3390261108956269,0.31550701902429734,True,True,True,0,4.0,4,5,False,False,4.0,inf,0.002120365069216888,0.00212676209786109,0.06287956615165657
sbm,12,503,4,2,15,8,9,0.1,0.2141248937747953,0.48638756044395715,0.4402351359055107,0.7864643962919371,False,0.012956111088276667,0.012956111088276667,0.6913439325173737,0.6695629477263951,0.0749618849830642,0.0834254916487581,0.15838737663182229,0.34567196625868685,0.3106031701395322,0.3327158551704102,0.29764705905125555,True,True,True,0,4.0,4,5,False,False,4.0,inf,0.002120365069216888,0.002132860275865066,0.06229203836338704
sbm,12,503,4,2,15,8,9,0.2,0.42824978754959075,0.48638756044395715,0.8804702718110218,7.366119585070804,False,0.0246592971958582,0.0246592971958582,0.6913439325173737,0.6695629477263951,0.14267455624332687,0.16990730288837855,0.31258185913170544,0.34567196625868685,0.2902676550878834,0.32101266906282866,0.2656083578920252,True,True,True,0,4.0,4,5,False,False,4.0,inf,0.002120365069216888,0.0021442354949241975,0.06117403897538792
sbm,12,503,4,2,16,8,11,-0.2,0.3709637712108854,0.48638756044395715,0.7626917326427571,3.2139282003799896,False,0.019692262604201535,0.019692262604201535,0.6913439325173737,0.6695629477263951,0.11393612746406312,0.1318396461527781,0.24577577361684122,0.34567196625868685,0.2987305136025895,0.3259797036544853,0.27903825099838797,True,True,True,0,4.0,4,5,False,False,4.0,inf,0.002120365069216888,0.002098772291551179,0.062035859146217454
sbm,12,503,4,2,16,8,11,-0.1,0.1854818856054421,0.48638756044395715,0.3813458663213773,0.616412055721393,False,0.009556413774549303,0.009556413774549303,0.6913439325173737,0.6695629477263951,0.05529180672636711,0.06033599107659343,0.11562779780296054,0.34567196625868685,0.3167732427704031,0.33611555248413755,0.3072168289958538,True,True,True,0,4.0,4,5,False,False,4.0,inf,0.002120365069216888,0.0021094581275900638,0.06278554037534029
sbm,12,503,4,2,16,8,11,-0.05,0.09274094280272137,0.48638756044395715,0.1906729331606893,0.23559441043449844,True,0.004708435691038102,0.004708435691038102,0.6913439325173737,0.6695629477263951,0.02724221892795611,0.028905225853152187,0.056147444781108294,0.34567196625868685,0.3257843903353992,0.3409635305676487,0.32107595464436106,True,True,True,0,0.0,4,5,True,True,0.0,0.007339521449817019,0.002120365069216888,0.0021148890873503206,0.06314203793733564
sbm,12,503,4,2,16,8,11,-0.02,0.037096377121088375,0.48638756044395715,0.07626917326427536,0.08256644799199242,True,0.0018669583089794956,0.0018669583089794956,0.6913439325173737,0.6695629477263951,0.010801907537866926,0.011274425140358885,0.022076332678225813,0.34567196625868685,0.33118465655448337,0.34380500794970736,0.3293176982455039,True,True,True,0,0.0,4,5,True,True,0.0,0.0414106335526995,0.002120365069216888,0.0021181698815698705,0.06335035272905398
sbm,12,503,4,2,16,8,11,0.02,0.037096377121088375,0.48638756044395715,0.07626917326427536,0.08256644799199242,True,0.001845445783020802,0.001845445783020802,0.6913439325173737,0.6695629477263951,0.01067743967203719,0.01114312551682833,0.02182056518886552,0.34567196625868685,0.3312258809673844,0.34382652047566603,0.3293804351843636,True,True,True,0,0.0,4,5,True,True,0.0,0.04166640104205979,0.002120365069216888,0.0021225659764588633,0.0636218040059941
sbm,12,503,4,2,16,8,11,0.05,0.09274094280272094,0.48638756044395715,0.19067293316068842,0.23559441043449708,True,0.004573969202988595,0.004573969202988595,0.6913439325173737,0.6695629477263951,0.0264642183888619,0.028057894558396485,0.05452211294725838,0.34567196625868685,0.326037949388459,0.34109799705569827,0.3214639801854704,True,True,True,0,0.0,4,5,True,True,0.0,0.008964853283666932,0.002120365069216888,0.0021258768515832046,0.0638207948664044
sbm,12,503,4,2,16,8,11,0.1,0.1854818856054432,0.48638756044395715,0.38134586632137957,0.616412055721399,False,0.009018359318524993,0.009018359318524993,0.6913439325173737,0.6695629477263951,0.05217871391847854,0.05676191527464066,0.1089406291931192,0.34567196625868685,0.31776092384796945,0.33665360694016183,0.30874256452944443,True,True,True,0,4.0,4,5,False,False,4.0,inf,0.002120365069216888,0.002131415970830021,0.0641439739552162
sbm,12,503,4,2,16,8,11,0.2,0.37096377121088503,0.48638756044395715,0.7626917326427562,3.2139282003799754,False,0.017537033717234304,0.017537033717234304,0.6913439325173737,0.6695629477263951,0.10146633472793858,0.11595540174240802,0.2174217364703466,0.34567196625868685,0.30247894369237543,0.32813493254145254,0.2849419099751411,True,True,True,0,4.0,4,5,False,False,4.0,inf,0.002120365069216888,0.002142545839432843,0.06476008941629074
sbm,12,503,4,2,17,9,11,-0.2,0.4922613644986285,0.48638756044395715,1.0120763862655326,inf,False,0.014764602264624645,0.014764602264624645,0.6913439325173737,0.6695629477263951,0.08542551150112888,0.09607052392792723,0.18149603542905612,0.34567196625868685,0.307370078999489,0.3309073639940622,0.2926054767348643,True,True,True,0,4.0,4,5,False,False,4.0,inf,0.002120365069216888,0.0021102836616947625,0.06770025045086525
sbm,12,503,4,2,17,9,11,-0.1,0.24613068224931436,0.48638756044395715,0.5060381931327665,1.0244480162183451,False,0.006748947735680001,0.006748947735680001,0.6913439325173737,0.6695629477263951,0.03904827926155494,0.04192403702183916,0.0809723162833941,0.34567196625868685,0.3219607754932725,0.3389230185230068,0.3152118277575925,True,True,True,0,4.0,4,5,False,False,4.0,inf,0.002120365069216888,0.002115795776056242,0.06536079885329965
sbm,12,503,4,2,17,9,11,-0.05,0.12306534112465693,0.48638756044395715,0.2530190965663828,0.3387223092362068,False,0.0032367246947204733,0.0032367246947204733,0.6913439325173737,0.6695629477263951,0.018727146026636363,0.019701869411636118,0.038429015438272485,0.34567196625868685,0.3285703125012931,0.3424352415639664,0.3253335878065726,True,True,True,0,0.0,4,5,True,True,0.0,0.025057950792652828,0.002120365069216888,0.0021181820121507714,0.06437420269463151
sbm,12,503,4,2,17,9,11,-0.02,0.04922613644986273,0.48638756044395715,0.10120763862655302,0.11260402622013538,True,0.001263849672415981,0.001263849672415981,0.6913439325173737,0.6695629477263951,0.007312422156155801,0.007605709674221423,0.014918131830377223,0.34567196625868685,0.33234233925589807,0.34440811658627085,0.33107848958348207,True,True,True,0,0.0,4,5,True,True,0.0,0.048568834400548086,0.002120365069216888,0.0021195144889038066,0.06383085011213419
sbm,12,503,4,2,17,9,11,0.02,0.04922613644986318,0.48638756044395715,0.10120763862655395,0.11260402622013653,True,0.0012250571243111906,0.0012250571243111906,0.6913439325173737,0.6695629477263951,0.007087974981427378,0.007370605847559218,0.014458580828986597,0.34567196625868685,0.3324169409267406,0.34444690913437565,0.3311918838024294,True,True,True,0,0.0,4,5,True,True,0.0,0.04902838540193871,0.002120365069216888,0.0021211872742405223,0.06315681155224451
sbm,12,503,4,2,17,9,11,0.05,0.12306534112465738,0.48638756044395715,0.2530190965663837,0.3387223092362084,False,0.0029939138250521143,0.0029939138250521143,0.6913439325173737,0.6695629477263951,0.017322283073493965,0.018198301098754924,0.03552058417224889,0.34567196625868685,0.32903223315246155,0.34267805243363475,0.32603831932740945,True,True,True,0,0.0,4,5,True,True,0.0,0.027966382058676423,0.002120365069216888,0.0021223704898610607,0.06268569145953234
sbm,12,503,4,2,17,9,11,0.1,0.246130682249315,0.48638756044395715,0.5060381931327679,1.0244480162183505,False,0.00577255931601143,0.00577255931601143,0.6913439325173737,0.6695629477263951,0.03339905968360466,0.03565677086419241,0.06905583054779707,0.34567196625868685,0.32378474977432153,0.3398994069426754,0.3180121904583101,True,True,True,0,4.0,4,5,False,False,4.0,inf,0.002120365069216888,0.0021242196279651865,0.06195919870271699
sbm,12,503,4,2,17,9,11,0.2,0.4922613644986291,0.48638756044395715,1.012076386265534,inf,False,0.01077423772176188,0.01077423772176188,0.6913439325173737,0.6695629477263951,0.06233793175868291,0.06850592771847755,0.13084385947716046,0.34567196625868685,0.3145490640178816,0.33489772853692495,0.3037748262961197,True,True,True,0,4.0,4,5,False,False,4.0,inf,0.002120365069216888,0.0021275183497463353,0.060694450055264915
sbm,12,503,4,2,18,10,11,-0.2,0.42234889721738145,0.48638756044395715,0.8683381968730378,6.595217263094101,False,0.13085195880347114,0.13085195880347114,0.6913439325173737,0.6695629477263951,0.7570874793216344,1.6666627211236484,2.4237502004452827,0.34567196625868685,0.15702272228810873,0.2148200074552157,0.026170763484637594,True,True,True,0,4.0,4,5,False,False,4.0,inf,0.002120365069216888,0.002367445287136066,0.0025546720424123315
sbm,12,503,4,2,18,10,11,-0.1,0.21117444860869072,0.48638756044395715,0.4341690984365189,0.7673124554294232,False,0.05892559483306492,0.05892559483306492,0.6913439325173737,0.6695629477263951,0.34093360517970034,0.49503754396878724,0.8359711491484876,0.34567196625868685,0.23806515506137146,0.2867463714256219,0.17913956022830654,True,True,True,0,4.0,4,5,False,False,4.0,inf,0.002120365069216888,0.0019785058566753138,0.039979179214924554
sbm,12,503,4,2,18,10,11,-0.05,0.10558722430434565,0.48638756044395715,0.21708454921826006,0.27727712999085846,True,0.027955683972134694,0.027955683972134694,0.6913439325173737,0.6695629477263951,0.16174689706375436,0.19632901415590515,0.35807591121965954,0.34567196625868685,0.28478403044325423,0.31771628228655213,0.2568283464711195,True,True,True,0,4.0,4,5,False,False,4.0,inf,0.002120365069216888,0.0021543756734184816,0.05311673315985965
sbm,12,503,4,2,18,10,11,-0.02,0.04223488972173838,0.48638756044395715,0.08683381968730428,0.09509092820057105,True,0.010838374049231613,0.010838374049231613,0.6913439325173737,0.6695629477263951,0.0627090137886427,0.0689393036679544,0.1316483174565971,0.34567196625868685,0.3144323621670029,0.33483359220945524,0.3035939881177713,True,True,True,0,4.0,4,5,False,False,4.0,inf,0.002120365069216888,0.0021881426033605656,0.05963230167692857
sbm,12,503,4,2,18,10,11,0.02,0.04223488972173838,0.48638756044395715,0.08683381968730428,0.09509092820057105,True,0.010401283961401823,0.010401283961401823,0.6913439325173737,0.6695629477263951,0.06018008387534629,0.06599201815212714,0.12617210202747342,0.34567196625868685,0.3152285458954874,0.335270682297285,0.30482726193408555,True,True,True,0,4.0,4,5,False,False,4.0,inf,0.002120365069216888,0.002055870267556209,0.06699027772650246
sbm,12,503,4,2,18,10,11,0.05,0.10558722430434565,0.48638756044395715,0.21708454921826006,0.27727712999085846,True,0.025223889198187317,0.025223889198187317,0.6913439325173737,0.6695629477263951,0.14594119084167087,0.17436611149228207,0.32030730233395294,0.34567196625868685,0.2893210037468066,0.32044807706049955,0.2640971145486193,True,True,True,0,4.0,4,5,False,False,4.0,inf,0.002120365069216888,0.001964985271724756,0.0716536559061034
sbm,12,503,4,2,18,10,11,0.1,0.21117444860869108,0.48638756044395715,0.43416909843651963,0.7673124554294254,False,0.048000119620505516,0.048000119620505516,0.6913439325173737,0.6695629477263951,0.27772063867385866,0.3785501644867019,0.6562708031605606,0.34567196625868685,0.2535997821350397,0.29767184663818136,0.20559966251453418,True,True,True,0,4.0,4,5,False,False,4.0,inf,0.002120365069216888,0.001827952430460419,0.07807274679384835
sbm,12,503,4,2,18,10,11,0.2,0.4223488972173811,0.48638756044395715,0.8683381968730371,6.595217263094062,False,0.08726780273461518,0.08726780273461518,0.6913439325173737,0.6695629477263951,0.5049168648481462,0.8637841449136241,1.3687010097617702,0.34567196625868685,0.20205928355710143,0.2584041635240717,0.11479148082248625,True,True,True,0,4.0,4,5,False,False,4.0,inf,0.002120365069216888,0.001600274847042708,0.08704758159721637
sbm,12,540,4,2,0,0,3,-0.2,0.34230831848429905,0.8274129892713349,0.413709142741105,0.7056380593675518,False,0.06811195404333577,0.06811195404333577,0.36139498710502554,0.2705560174437704,0.7538782382008155,2.140086327815677,2.8939645660164923,0.18069749355251277,0.0636534640290475,0.112585539509177,-0.004458490014288274,True,False,False,0,,3,3,False,False,,,0.00014170624302825186,0.00014301179187914067,0.05189540447743668
sbm,12,540,4,2,0,0,3,-0.1,0.17115415924214938,0.8274129892713349,0.20685457137055233,0.260802828717044,True,0.03318093641505427,0.03318093641505427,0.36139498710502554,0.2705560174437704,0.367253975278982,0.7082519958124645,1.0755059710914465,0.18069749355251277,0.09369810917932136,0.1475165571374585,0.060517172764267095,True,True,True,0,2.0,3,3,True,False,2.0,0.58461618910634,0.00014170624302825186,0.00014229172514458187,0.05442971690375242
sbm,12,540,4,2,0,0,3,-0.05,0.08557707962107486,0.8274129892713349,0.10342728568527636,0.1153585024772127,True,0.016359427281387475,0.016359427281387475,0.36139498710502554,0.2705560174437704,0.18106977534398658,0.2898734862241241,0.4709432615681107,0.18069749355251277,0.11287287771285649,0.1643380662711253,0.09651345043146901,True,True,True,0,2.0,3,3,True,False,2.0,1.1891788986296756,0.00014170624302825186,0.00014198200438207264,0.05611908275731636
sbm,12,540,4,2,0,0,3,-0.02,0.03423083184842979,0.8274129892713349,0.041370914274110354,0.043156331150523794,True,0.006487077845385327,0.006487077845385327,0.36139498710502554,0.2705560174437704,0.07180041867598022,0.10304678081472064,0.17484719949070088,0.18069749355251277,0.1259054925170185,0.17421041570712745,0.11941841467163317,True,True,True,0,2.0,3,3,True,False,2.0,1.4852749607070856,0.00014170624302825186,0.0001418124801033153,0.05725569463029068
sbm,12,540,4,2,0,0,3,0.02,0.03423083184842979,0.8274129892713349,0.041370914274110354,0.043156331150523794,True,0.0064102807014914075,0.0064102807014914075,0.36139498710502554,0.2705560174437704,0.07095041082712646,0.10174034666226689,0.17269075748939333,0.18069749355251277,0.12601255867096095,0.17428721285102136,0.11960227796946954,True,True,True,0,2.0,3,3,True,False,2.0,1.4874314027083932,0.00014170624302825186,0.0001416054009764437,0.05890478817466449
sbm,12,540,4,2,0,0,3,0.05,0.08557707962107486,0.8274129892713349,0.10342728568527636,0.1153585024772127,True,0.015879810631196048,0.015879810631196048,0.36139498710502554,0.2705560174437704,0.17576127171438813,0.2798854121858082,0.45564668390019636,0.18069749355251277,0.11347365700255847,0.1648176829213167,0.09759384637136242,True,True,True,0,2.0,3,3,True,False,2.0,1.2044754762975902,0.00014170624302825186,0.00014146417296471108,0.06023554329177094
sbm,12,540,4,2,0,0,3,0.1,0.17115415924214972,0.8274129892713349,0.20685457137055271,0.2608028287170447,True,0.03126768168974919,0.03126768168974919,0.36139498710502554,0.2705560174437704,0.3460776469559877,0.6534285233422286,0.9995061702982162,0.18069749355251277,0.09570344903163329,0.14942981186276358,0.06443576734188411,True,True,True,0,2.0,3,3,True,False,2.0,0.6606159898995703,0.00014170624302825186,0.00014125513209685428,0.06261798843467359
sbm,12,540,4,2,0,0,3,0.2,0.34230831848429893,0.8274129892713349,0.4137091427411048,0.7056380593675514,False,0.06054172408008609,0.06054172408008609,0.36139498710502554,0.2705560174437704,0.6700892512655906,1.7493376464937453,2.419426897759336,0.18069749355251277,0.06921673949158053,0.12015576947242668,0.008675015411494437,True,True,True,0,3.0,3,3,False,False,3.0,inf,0.00014170624302825186,0.00014093190038803318,0.06791971191436752
sbm,12,540,4,2,1,0,4,-0.2,0.35513683648125877,0.8274129892713349,0.4292135137907512,0.7519685979976104,False,0.1472389578206527,0.1472389578206527,0.36139498710502554,0.2705560174437704,1.6296734938148254,11.106666570341106,12.736340064155932,0.18069749355251277,0.026513618084805925,0.033458535731860084,-0.12072533973584676,True,False,False,0,,3,3,False,False,,,0.00014170624302825186,0.00011923450964780463,0.014299137189577982
sbm,12,540,4,2,1,0,4,-0.1,0.1775684182406293,0.8274129892713349,0.2146067568953755,0.2732475212634177,True,0.06847547266329025,0.06847547266329025,0.36139498710502554,0.2705560174437704,0.7579017430409514,2.1601821711519085,2.91808391419286,0.18069749355251277,0.06339786854807342,0.11222202088922252,-0.0050776041152168355,True,False,False,0,,3,3,False,False,,,0.00014170624302825186,0.0001319271968677649,0.051614520660531404
sbm,12,540,4,2,1,0,4,-0.05,0.0887842091203146,0.8274129892713349,0.10730337844768768,0.12020139413219418,True,0.03288532068355028,0.03288532068355028,0.36139498710502554,0.2705560174437704,0.3639820346926221,0.6996490749245959,1.063631109617218,0.18069749355251277,0.09400518592008275,0.14781217286896248,0.06111986523653247,True,True,True,0,2.0,3,3,True,False,2.0,0.5964910505805685,0.00014170624302825186,0.0001371671893959399,0.05563471189027425
sbm,12,540,4,2,1,0,4,-0.02,0.035513683648126015,0.8274129892713349,0.04292135137907529,0.044846211375545356,True,0.012828736003982707,0.012828736003982707,0.36139498710502554,0.2705560174437704,0.14199129995408075,0.21860127967483128,0.360592579628912,0.18069749355251277,0.1173710970316863,0.16786875754853006,0.10454236102770359,True,True,True,0,2.0,3,3,True,False,2.0,1.2995295805688745,0.00014170624302825186,0.0001399713333951552,0.05726343460104588
sbm,12,540,4,2,1,0,4,0.02,0.03551368364812624,0.8274129892713349,0.04292135137907555,0.04484621137554565,True,0.012398535064099018,0.012398535064099018,0.36139498710502554,0.2705560174437704,0.13722974038370778,0.21026708180527817,0.3474968221889859,0.18069749355251277,0.11793129916151988,0.16829895848841375,0.10553276409742086,True,True,True,0,2.0,3,3,True,False,2.0,1.3126253380088007,0.00014170624302825186,0.00014333826780264596,0.05865156137412919
sbm,12,540,4,2,1,0,4,0.05,0.08878420912031482,0.8274129892713349,0.10730337844768795,0.12020139413219451,True,0.030202288599492807,0.030202288599492807,0.36139498710502554,0.2705560174437704,0.33428563955941837,0.6237650763332531,0.9580507158926714,0.18069749355251277,0.09683866489298903,0.15049520495301996,0.06663637629349622,True,True,True,0,2.0,3,3,True,False,2.0,0.702071444305115,0.00014170624302825186,0.00014560299743818204,0.05918422284170277
sbm,12,540,4,2,1,0,4,0.1,0.1775684182406294,0.8274129892713349,0.21460675689537564,0.27324752126341795,True,0.05782570362148747,0.05782570362148747,0.36139498710502554,0.2705560174437704,0.6400277334747054,1.6213778385681739,2.261405572042879,0.18069749355251277,0.07132909090770957,0.1228717899310253,0.0135033872862221,True,True,True,0,3.0,3,3,False,False,3.0,inf,0.00014170624302825186,0.0001489269482778216,0.059271962690999436
sbm,12,540,4,2,1,0,4,0.2,0.35513683648125904,0.8274129892713349,0.4292135137907515,0.7519685979976114,False,0.10598719162813108,0.10598719162813108,0.36139498710502554,0.2705560174437704,1.1730897816502361,5.0643369985316475,6.237426780181884,0.18069749355251277,0.04185629497360108,0.07471030192438169,-0.06413089665453,True,False,False,0,,3,3,False,False,,,0.00014170624302825186,0.00015414166811872457,0.057255759325170796
sbm,12,540,4,2,2,0,5,-0.2,0.28915652403131414,0.8274129892713349,0.3494706123552172,0.5372095696098563,False,0.06285667524621531,0.06285667524621531,0.36139498710502554,0.2705560174437704,0.6957116450311851,1.8633649745920797,2.559076619623265,0.18069749355251277,0.06746576876060005,0.11784081830629746,0.004609093514384738,True,True,True,2,3.0,3,3,False,False,1.0,inf,0.00014170624302825186,0.0001286519917893009,0.0015900467716025712
sbm,12,540,4,2,2,0,5,-0.1,0.14457826201565707,0.8274129892713349,0.1747353061776086,0.21173243867768574,True,0.030858801313427876,0.030858801313427876,0.36139498710502554,0.2705560174437704,0.34155206811941696,0.6419719083774046,0.9835239764968216,0.18069749355251277,0.09613754405990768,0.1498386922390849,0.06527874274647981,True,True,True,0,2.0,3,3,True,False,2.0,0.6765981837009649,0.00014170624302825186,0.00013526042326922206,0.029179315687621887
sbm,12,540,4,2,2,0,5,-0.05,0.07228913100782841,0.8274129892713349,0.08736765308880415,0.09573148857204104,True,0.015275965894171087,0.015275965894171087,0.36139498710502554,0.2705560174437704,0.16907778402285048,0.267449027153381,0.4365268111762315,0.18069749355251277,0.11423459682588699,0.16542152765834167,0.0989586309317159,True,True,True,0,2.0,3,3,True,False,2.0,1.223595349021555,0.00014170624302825186,0.00013850784958802624,0.043861951401149124
sbm,12,540,4,2,2,0,5,-0.02,0.028915652403131542,0.8274129892713349,0.034947061235521874,0.03621258464873783,True,0.006072328975081551,0.006072328975081551,0.36139498710502554,0.2705560174437704,0.06720988604434475,0.0960167426091861,0.16322662865353085,0.18069749355251277,0.1264847944237717,0.1746251645774312,0.12041246544869015,True,True,True,0,2.0,3,3,True,False,2.0,1.4968955315442556,0.00014170624302825186,0.00014043325985304615,0.052440309429916176
sbm,12,540,4,2,2,0,5,0.02,0.028915652403131768,0.8274129892713349,0.034947061235522145,0.036212584648738125,True,0.006020287702566172,0.006020287702566172,0.36139498710502554,0.2705560174437704,0.06663388167934502,0.0951390404909735,0.16177292217031852,0.18069749355251277,0.12655767120412273,0.1746772058499466,0.12053738350155656,True,True,True,0,2.0,3,3,True,False,2.0,1.498349238027468,0.00014170624302825186,0.00014297019319352248,0.06360471898027686
sbm,12,540,4,2,2,0,5,0.05,0.07228913100782862,0.8274129892713349,0.0873676530888044,0.09573148857204135,True,0.014950924618177505,0.014950924618177505,0.36139498710502554,0.2705560174437704,0.1654801549732907,0.26081824228181666,0.4262983972551073,0.18069749355251277,0.11464631068269286,0.16574656893433526,0.09969538606451536,True,True,True,0,2.0,3,3,True,False,2.0,1.2338237629426791,0.00014170624302825186,0.00014484824072284448,0.07177130224057304
sbm,12,540,4,2,2,0,5,0.1,0.1445782620156576,0.8274129892713349,0.17473530617760924,0.21173243867768668,True,0.029561725059703843,0.029561725059703843,0.36139498710502554,0.2705560174437704,0.3271957400019261,0.6062222494033015,0.9334179894052276,0.18069749355251277,0.09752768094144071,0.15113576849280894,0.06796595588173687,True,True,True,0,2.0,3,3,True,False,2.0,0.7267041707925589,0.00014170624302825186,0.00014792734218193706,0.08498601029443953
sbm,12,540,4,2,2,0,5,0.2,0.28915652403131503,0.8274129892713349,0.34947061235521826,0.5372095696098588,False,0.05771738451095626,0.05771738451095626,0.36139498710502554,0.2705560174437704,0.6388288334966077,1.6164016075379608,2.2552304410345685,0.18069749355251277,0.07141465863656138,0.12298010904155651,0.013697274125605119,True,True,True,0,3.0,3,3,False,False,3.0,inf,0.00014170624302825186,0.0001538752326808448,0.10992554296977364
sbm,12,540,4,2,3,1,2,-0.2,0.5176378304404365,0.8274129892713349,0.6256099881829227,1.6710114277530153,False,0.0680070829850633,0.0680070829850633,0.36139498710502554,0.2705560174437704,0.7527175020310911,2.1343124537129765,2.8870299557440675,0.18069749355251277,0.06372739180409519,0.11269041056744947,-0.004279691180968118,True,False,False,0,,3,3,False,False,,,0.00014170624302825186,0.0001228623523829247,0.14253790077943673
sbm,12,540,4,2,3,1,2,-0.1,0.2588189152202182,0.8274129892713349,0.3128049940914613,0.45519101769068104,False,0.031174880502559187,0.031174880502559187,0.36139498710502554,0.2705560174437704,0.3450505028006867,0.6508203447396524,0.9958708475403392,0.18069749355251277,0.09580180077200896,0.1495226130499536,0.06462692026944977,True,True,True,0,2.0,3,3,True,False,2.0,0.6642513126574473,0.00014170624302825186,0.0001329993713311807,0.0965114221647283
sbm,12,540,4,2,3,1,2,-0.05,0.12940945761010905,0.8274129892713349,0.15640249704573056,0.185399431005913,True,0.014945988582237878,0.014945988582237878,0.36139498710502554,0.2705560174437704,0.16542552183098658,0.2607178891187428,0.42614341094972935,0.18069749355251277,0.11465257434199916,0.16575150497027488,0.09970658575976128,True,True,True,0,2.0,3,3,True,False,2.0,1.2339787492480572,0.00014170624302825186,0.00013751902194925522,0.07642736314078435
sbm,12,540,4,2,3,1,2,-0.02,0.051763783044043825,0.8274129892713349,0.06256099881829247,0.06673607428262528,True,0.005832354264699942,0.005832354264699942,0.36139498710502554,0.2705560174437704,0.06455379264023928,0.09197759412022173,0.15653138676046102,0.18069749355251277,0.1268211964117394,0.17486513928781283,0.12098884214703945,True,True,True,0,2.0,3,3,True,False,2.0,1.5035907734373255,0.00014170624302825186,0.00014006960080064086,0.065212528675338
sbm,12,540,4,2,3,1,2,0.02,0.051763783044043825,0.8274129892713349,0.06256099881829247,0.06673607428262528,True,0.005646415705098132,0.005646415705098132,0.36139498710502554,0.2705560174437704,0.062495783356919875,0.08886223183209357,0.15135801518901346,0.18069749355251277,0.12708246436499845,0.17505107784741464,0.12143604865990032,True,True,True,0,2.0,3,3,True,False,2.0,1.508764145008773,0.00014170624302825186,0.00014329379540141347,0.05115956909520314
sbm,12,540,4,2,3,1,2,0.05,0.12940945761010905,0.8274129892713349,0.15640249704573056,0.185399431005913,True,0.01378316132362807,0.01378316132362807,0.36139498710502554,0.2705560174437704,0.15255509141439777,0.23735887096445268,0.38991396237885045,0.18069749355251277,0.11613773917632311,0.16691433222888472,0.10235457785269504,True,True,True,0,2.0,3,3,True,False,2.0,1.2702081978189361,0.00014170624302825186,0.00014558659776655223,0.041250753519915584
sbm,12,540,4,2,3,1,2,0.1,0.2588189152202182,0.8274129892713349,0.3128049940914613,0.45519101769068104,False,0.026513492149869818,0.026513492149869818,0.36139498710502554,0.2705560174437704,0.29345722100085125,0.5256740989104898,0.819131319911341,0.18069749355251277,0.10087425728154226,0.15418400140264296,0.07436076513167245,True,True,True,0,2.0,3,3,True,False,2.0,0.8409908402864454,0.00014170624302825186,0.0001491849089503217,0.02584290816356516
sbm,12,540,4,2,3,1,2,0.2,0.5176378304404363,0.8274129892713349,0.6256099881829223,1.6710114277530135,False,0.04920558723683517,0.04920558723683517,0.36139498710502554,0.2705560174437704,0.5446183703985408,1.2541282941722263,1.798746664570767,0.18069749355251277,0.07846978250229619,0.1314919063156776,0.02926419526546102,True,True,True,2,3.0,3,3,False,False,1.0,inf,0.00014170624302825186,0.0001556281345899877,0.0013036103242389796
sbm,12,540,4,2,4,1,3,-0.2,0.4721440891466043,0.8274129892713349,0.5706268758995434,1.328976696189394,False,0.06581420992276281,0.06581420992276281,0.36139498710502554,0.2705560174437704,0.728446295837927,2.0159635362813133,2.7444098321192403,0.18069749355251277,0.06529305588945823,0.11488328362974996,-0.0005211540333045772,True,False,False,0,,3,3,False,False,,,0.00014170624302825186,0.00014906916658165227,0.048490583856787506
sbm,12,540,4,2,4,1,3,-0.1,0.23607204457330225,0.8274129892713349,0.2853134379497719,0.3992147790372474,False,0.03128735136240689,0.03128735136240689,0.36139498710502554,0.2705560174437704,0.3462953552625169,0.6539819397702089,1.0002772950327259,0.18069749355251277,0.09568261586367476,0.1494101421901059,0.06439526450126787,True,True,True,0,2.0,3,3,True,False,2.0,0.6598448651650606,0.00014170624302825186,0.00014551584861552142,0.05428033355136486
sbm,12,540,4,2,4,1,3,-0.05,0.11803602228665143,0.8274129892713349,0.1426567189748863,0.16639393126673085,True,0.015250292202508462,0.015250292202508462,0.36139498710502554,0.2705560174437704,0.16879362190020142,0.2669236761259018,0.4357172980261032,0.18069749355251277,0.11426706258395189,0.16544720135000432,0.09901677038144342,True,True,True,0,2.0,3,3,True,False,2.0,1.2244048621716832,0.00014170624302825186,0.00014363126251115002,0.0563882748302762
sbm,12,540,4,2,4,1,3,-0.02,0.04721440891466067,0.8274129892713349,0.05706268758995464,0.06051588672857648,True,0.006007452087552455,0.006007452087552455,0.36139498710502554,0.2705560174437704,0.06649181424098304,0.09492271195725711,0.16141452619824015,0.18069749355251277,0.12657565220550293,0.1746900414649603,0.12056820011795047,True,True,True,0,2.0,3,3,True,False,2.0,1.4987076339995462,0.00014170624302825186,0.00014247979375326105,0.05744060311827237
sbm,12,540,4,2,4,1,3,0.02,0.04721440891466067,0.8274129892713349,0.05706268758995464,0.06051588672857648,True,0.0058860907486986535,0.0058860907486986535,0.36139498710502554,0.2705560174437704,0.06514855998252225,0.09288025678975424,0.15802881677227648,0.18069749355251277,0.12674578973274236,0.17481140280381413,0.12085969898404371,True,True,True,0,2.0,3,3,True,False,2.0,1.50209334342551,0.00014170624302825186,0.00014092934672999474,0.05862279193715403
sbm,12,540,4,2,4,1,3,0.05,0.11803602228665185,0.8274129892713349,0.1426567189748868,0.16639393126673155,True,0.01449197209347293,0.01449197209347293,0.36139498710502554,0.2705560174437704,0.16040036647504904,0.2515308607054269,0.4119312271804759,0.18069749355251277,0.11523017138199027,0.16620552145903983,0.10073819928851734,True,True,True,0,2.0,3,3,True,False,2.0,1.2481909330173107,0.00014170624302825186,0.0001397600934742859,0.05935909446092791
sbm,12,540,4,2,4,1,3,0.1,0.236072044573302,0.8274129892713349,0.28531343794977154,0.39921477903724684,False,0.028256787825901988,0.028256787825901988,0.36139498710502554,0.2705560174437704,0.3127524048106427,0.5711526919065235,0.8839050967171662,0.18069749355251277,0.09894652770200575,0.15244070572661078,0.07068973987610376,True,True,True,0,2.0,3,3,True,False,2.0,0.7762170634806203,0.00014170624302825186,0.0001378089753058613,0.060331811692644566
sbm,12,540,4,2,4,1,3,0.2,0.47214408914660416,0.8274129892713349,0.5706268758995433,1.3289766961893932,False,0.05373712229544313,0.05373712229544313,0.36139498710502554,0.2705560174437704,0.594774407092996,1.440072782842289,2.034847189935285,0.18069749355251277,0.07463111994850916,0.12696037125706966,0.02089399765306603,True,True,True,0,3.0,3,3,False,False,3.0,inf,0.00014170624302825186,0.0001339426973339541,0.06147868981887861
sbm,12,540,4,2,5,1,5,-0.2,0.2852104267418557,0.8274129892713349,0.34470141324833153,0.5260219085120038,False,0.029357923264224112,0.029357923264224112,0.36139498710502554,0.2705560174437704,0.32494001645565007,0.6006863745217327,0.9256263909773828,0.18069749355251277,0.09774792473892531,0.15133957028828865,0.0683900014747012,True,True,True,0,2.0,3,3,True,False,2.0,0.7344957692204037,0.00014170624302825186,0.00014067070239718183,0.0639740548982759
sbm,12,540,4,2,5,1,5,-0.1,0.1426052133709279,0.8274129892713349,0.17235070662416582,0.20824122971358794,True,0.014129638375934249,0.014129638375934249,0.36139498710502554,0.2705560174437704,0.15638997639807342,0.24426044531527946,0.40065042171335286,0.18069749355251277,0.11569321719442868,0.16656785517657852,0.10156357881849443,True,True,True,0,2.0,3,3,True,False,2.0,1.2594717384844336,0.00014170624302825186,0.00014119833153318926,0.060868160969449026
sbm,12,540,4,2,5,1,5,-0.05,0.07130260668546395,0.8274129892713349,0.08617535331208291,0.09430184841743813,True,0.0069335113568296065,0.0069335113568296065,0.36139498710502554,0.2705560174437704,0.07674164395439882,0.11068391127337585,0.18742555522777465,0.18069749355251277,0.12528489962203582,0.17376398219568318,0.1183513882652062,True,True,True,0,2.0,3,3,True,False,2.0,1.4726966049700119,0.00014170624302825186,0.00014145475596139098,0.05943005051539951
sbm,12,540,4,2,5,1,5,-0.02,0.028521042674185537,0.8274129892713349,0.034470141324833115,0.03570075126638823,True,0.002742637152681425,0.002742637152681425,0.36139498710502554,0.2705560174437704,0.030356117273805824,0.04179791734565186,0.07215403461945769,0.18069749355251277,0.13123319662082328,0.17795485639983136,0.12849055946814186,True,True,True,0,2.0,3,3,True,False,2.0,1.5879681255783287,0.00014170624302825186,0.00014160624036961135,0.058600993767201626
sbm,12,540,4,2,5,1,5,0.02,0.028521042674185537,0.8274129892713349,0.034470141324833115,0.03570075126638823,True,0.002702465220597099,0.002702465220597099,0.36139498710502554,0.2705560174437704,0.029911485405432384,0.04116738683638755,0.07107887224181994,0.18069749355251277,0.1312915600563896,0.17799502833191566,0.12858909483579248,True,True,True,0,2.0,3,3,True,False,2.0,1.5890432879559666,0.00014170624302825186,0.00014180545708756062,0.05753293919138236
sbm,12,540,4,2,5,1,5,0.05,0.07130260668546395,0.8274129892713349,0.08617535331208291,0.09430184841743813,True,0.006682405670415974,0.006682405670415974,0.36139498710502554,0.2705560174437704,0.0739623504348608,0.10637928607327247,0.18034163650813329,0.18069749355251277,0.12563358746012326,0.1740150878820968,0.11895118178970729,True,True,True,0,2.0,3,3,True,False,2.0,1.4797805236896533,0.00014170624302825186,0.00014195280221707257,0.056758684263042536
sbm,12,540,4,2,5,1,5,0.1,0.1426052133709279,0.8274129892713349,0.17235070662416582,0.20824122971358794,True,0.0131247719990537,0.0131247719990537,0.36139498710502554,0.2705560174437704,0.14526789211096047,0.22437972189438274,0.3696476140053432,0.18069749355251277,0.11698714917947559,0.16757272155345906,0.10386237718042189,True,True,True,0,2.0,3,3,True,False,2.0,1.2904745461924434,0.00014170624302825186,0.00014219445540943916,0.05551663262735307
sbm,12,540,4,2,5,1,5,0.2,0.2852104267418561,0.8274129892713349,0.344701413248332,0.5260219085120048,False,0.025331410737607994,0.025331410737607994,0.36139498710502554,0.2705560174437704,0.28037368133439433,0.49570912485437135,0.7760828061887657,0.18069749355251277,0.10220272118270898,0.15536608281490477,0.07687131044510098,True,True,True,0,2.0,3,3,True,False,2.0,0.8840393540090208,0.00014170624302825186,0.00014266318562929285,0.053200273229669026
sbm,12,540,4,2,6,1,11,-0.2,0.38293637508484757,0.8274129892713349,0.462811655183323,0.8615444836973593,False,0.04574142512562565,0.04574142512562565,0.36139498710502554,0.2705560174437704,0.506276254599322,1.1219809132164702,1.6282571678157922,0.18069749355251277,0.081536904214342,0.13495606842688712,0.035795479088716345,True,True,True,0,2.0,3,3,True,False,2.0,0.03186499238199425,0.00014170624302825186,0.0001305416337688667,0.07292585943689556
sbm,12,540,4,2,6,1,11,-0.1,0.19146818754242378,0.8274129892713349,0.2314058275916615,0.30107673971371235,True,0.022193479130939917,0.022193479130939917,0.36139498710502554,0.2705560174437704,0.24564235723048627,0.4194781106213157,0.6651204678518019,0.18069749355251277,0.10581471866585719,0.15850401442157286,0.08362123953491728,True,True,True,0,2.0,3,3,True,False,2.0,0.9950016923459846,0.00014170624302825186,0.00013618425295616813,0.06597328557197701
sbm,12,540,4,2,6,1,11,-0.05,0.09573409377121224,0.8274129892713349,0.11570291379583117,0.13084167707990996,True,0.010929574445767302,0.010929574445767302,0.36139498710502554,0.2705560174437704,0.12097095793518621,0.18236566131649534,0.30333661925168154,0.18069749355251277,0.11986439077254836,0.16976791910674546,0.10893481632678106,True,True,True,0,2.0,3,3,True,False,2.0,1.356785540946105,0.00014170624302825186,0.00013896296811801042,0.06211899422374434
sbm,12,540,4,2,6,1,11,-0.02,0.03829363750848469,0.8274129892713349,0.04628116551833222,0.04852705414325319,True,0.0043320418028226955,0.0043320418028226955,0.36139498710502554,0.2705560174437704,0.04794800102264567,0.06719221916752884,0.1151402201901745,0.18069749355251277,0.12894474558197622,0.17636545174969007,0.12461270377915352,True,True,True,0,2.0,3,3,True,False,2.0,1.544981940007612,0.00014170624302825186,0.0001406134786060689,0.059706839909938525
sbm,12,540,4,2,6,1,11,0.02,0.03829363750848469,0.8274129892713349,0.04628116551833222,0.04852705414325319,True,0.00427941646251902,0.00427941646251902,0.36139498710502554,0.2705560174437704,0.047365532065616306,0.0663373221106467,0.11370285417626301,0.18069749355251277,0.12901987377124474,0.17641807708999374,0.12474045730872572,True,True,True,0,2.0,3,3,True,False,2.0,1.5464193060215234,0.00014170624302825186,0.00014279263811438974,0.05638944812493407
sbm,12,540,4,2,6,1,11,0.05,0.09573409377121168,0.8274129892713349,0.1157029137958305,0.1308416770799091,True,0.010600719809907268,0.010600719809907268,0.36139498710502554,0.2705560174437704,0.11733112177149903,0.17623591117783932,0.29356703294933834,0.18069749355251277,0.12030147248718338,0.1700967737426055,0.10970075267727611,True,True,True,0,2.0,3,3,True,False,2.0,1.3665551272484482,0.00014170624302825186,0.0001444097583420217,0.05383421830119195
sbm,12,540,4,2,6,1,11,0.1,0.191468187542424,0.8274129892713349,0.23140582759166176,0.3010767397137128,True,0.020878829920306312,0.020878829920306312,0.36139498710502554,0.2705560174437704,0.231091527722145,0.3889293570081857,0.6200208847303307,0.18069749355251277,0.10736566702454853,0.15981866363220645,0.08648683710424221,True,True,True,0,2.0,3,3,True,False,2.0,1.040101275467456,0.00014170624302825186,0.00014706989121968445,0.04946597084974558
sbm,12,540,4,2,6,1,11,0.2,0.38293637508484757,0.8274129892713349,0.462811655183323,0.8615444836973593,False,0.0404952368517635,0.0404952368517635,0.36139498710502554,0.2705560174437704,0.44821027736054475,0.9372641104806951,1.3854743878412399,0.18069749355251277,0.08641158110918101,0.14020225670074926,0.045916344257417516,True,True,True,0,2.0,3,3,True,False,2.0,0.2746477723565466,0.00014170624302825186,0.00015224862933435336,0.04041124993506018
sbm,12,540,4,2,7,2,5,-0.2,0.4718747092642605,0.8274129892713349,0.5703013070653135,1.327212105697511,False,0.05565138521314427,0.05565138521314427,0.36139498710502554,0.2705560174437704,0.6159618943133967,1.5233076543613004,2.1392695486746973,0.18069749355251277,0.0730665076799316,0.1250461083393685,0.01741512246678733,True,True,True,0,3.0,3,3,False,False,3.0,inf,0.00014170624302825186,0.00013751726845273517,0.12329182921748139
sbm,12,540,4,2,7,2,5,-0.1,0.23593735463213,0.8274129892713349,0.28515065353265645,0.3988961519540019,False,0.026198777396225947,0.026198777396225947,0.36139498710502554,0.2705560174437704,0.2899738881946614,0.5176281401710447,0.8076020283657062,0.18069749355251277,0.10122624858675126,0.15449871615628682,0.07502747119052532,True,True,True,0,2.0,3,3,True,False,2.0,0.8525201318320803,0.00014170624302825186,0.0001398196567433014,0.08877556473265402
sbm,12,540,4,2,7,2,5,-0.05,0.1179686773160651,0.8274129892713349,0.14257532676632834,0.16628320972922675,True,0.012717227189134626,0.012717227189134626,0.36139498710502554,0.2705560174437704,0.14075709562002145,0.21643388424037557,0.35719097986039705,0.18069749355251277,0.11751604637849249,0.16798026636337815,0.10479881918935786,True,True,True,0,2.0,3,3,True,False,2.0,1.3029311803373895,0.00014170624302825186,0.00014080968299439364,0.0729698697755723
sbm,12,540,4,2,7,2,5,-0.02,0.047187470926425494,0.8274129892713349,0.05703013070653068,0.06047927146310745,True,0.004998262243451788,0.004998262243451788,0.36139498710502554,0.2705560174437704,0.05532187685823363,0.07809942170801566,0.1334212985662493,0.18069749355251277,0.12799742006127549,0.17569923130906098,0.1229991578178237,True,True,True,0,2.0,3,3,True,False,2.0,1.5267008616315372,0.00014170624302825186,0.00014135821617320985,0.0639206981172602
sbm,12,540,4,2,7,2,5,0.02,0.04718747092642639,0.8274129892713349,0.05703013070653176,0.060479271463108664,True,0.004883627147080214,0.004883627147080214,0.36139498710502554,0.2705560174437704,0.054053070145779036,0.07621145324931498,0.13026452339509403,0.18069749355251277,0.12815992712024843,0.17581386640543256,0.12327629997316822,True,True,True,0,2.0,3,3,True,False,2.0,1.5298576368026924,0.00014170624302825186,0.00014204082211824944,0.052337921761258954
sbm,12,540,4,2,7,2,5,0.05,0.11796867731606554,0.8274129892713349,0.1425753267663289,0.16628320972922747,True,0.012000630159385068,0.012000630159385068,0.36139498710502554,0.2705560174437704,0.1328256405050527,0.20262465490543669,0.3354502954104894,0.18069749355251277,0.11845182576607637,0.1686968633931277,0.10645119560669129,True,True,True,0,2.0,3,3,True,False,2.0,1.324671864787297,0.00014170624302825186,0.0001425186932183811,0.043998219045428666
sbm,12,540,4,2,7,2,5,0.1,0.23593735463213084,0.8274129892713349,0.28515065353265745,0.3988961519540039,False,0.02333058843708779,0.02333058843708779,0.36139498710502554,0.2705560174437704,0.25822813563606684,0.4465556007972255,0.7047837364332923,0.18069749355251277,0.1044913036380519,0.15736690511542498,0.0811607152009641,True,True,True,0,2.0,3,3,True,False,2.0,0.9553384237644942,0.00014170624302825186,0.0001432555162760916,0.03072747829261746
sbm,12,540,4,2,7,2,5,0.2,0.471874709264261,0.8274129892713349,0.5703013070653141,1.3272121056975144,False,0.0441512784944527,0.0441512784944527,0.36139498710502554,0.2705560174437704,0.4886761584395949,1.0640828333675174,1.5527589918071123,0.18069749355251277,0.08298466455797723,0.13654621505806008,0.03883338606352453,True,True,True,0,2.0,3,3,True,False,2.0,0.10736316839067417,0.00014170624302825186,0.00014453213182369164,0.006366600753565432
sbm,12,540,4,2,8,2,8,-0.2,0.5197554436374914,0.8274129892713349,0.6281693064731996,1.6893960541961637,False,0.05353596321142376,0.05353596321142376,0.36139498710502554,0.2705560174437704,0.5925479336642331,1.431491298645603,2.024039232309836,0.18069749355251277,0.0747974692714884,0.127161530341089,0.021261506060064647,True,True,True,0,3.0,3,3,False,False,3.0,inf,0.00014170624302825186,0.00013331018144255606,0.15767842532243792
sbm,12,540,4,2,8,2,8,-0.1,0.25987772181874624,0.8274129892713349,0.31408465323660045,0.45790585488232444,False,0.026023734230901964,0.026023734230901964,0.36139498710502554,0.2705560174437704,0.2880364715555854,0.5131744895699162,0.8012109611255016,0.18069749355251277,0.10142255610839918,0.15467375932161082,0.07539882187749722,True,True,True,0,2.0,3,3,True,False,2.0,0.8589111990722849,0.00014170624302825186,0.00013756250364305275,0.10701308478787719
sbm,12,540,4,2,8,2,8,-0.05,0.12993886090937323,0.8274129892713349,0.15704232661830037,0.1862991839059872,True,0.012825433011636208,0.012825433011636208,0.36139498710502554,0.2705560174437704,0.1419547417010407,0.21853700730630535,0.36049174900734604,0.18069749355251277,0.1173753879923857,0.16787206054087656,0.1045499549807495,True,True,True,0,2.0,3,3,True,False,2.0,1.2996304111904404,0.00014170624302825186,0.00013964970106807213,0.08230856726315117
sbm,12,540,4,2,8,2,8,-0.02,0.0519755443637493,0.8274129892713349,0.06281693064732016,0.06702738525857956,True,0.00508549132247908,0.00508549132247908,0.36139498710502554,0.2705560174437704,0.05628734768256404,0.07953915921873807,0.1358265069013021,0.18069749355251277,0.12787390192279088,0.1756120022300337,0.1227884106003118,True,True,True,0,2.0,3,3,True,False,2.0,1.5242956532964844,0.00014170624302825186,0.00014088750357527512,0.06770397470996214
sbm,12,540,4,2,8,2,8,0.02,0.0519755443637493,0.8274129892713349,0.06281693064732016,0.06702738525857956,True,0.005026064497160111,0.005026064497160111,0.36139498710502554,0.2705560174437704,0.05562959837845763,0.07855801094976576,0.13418760932822338,0.18069749355251277,0.12795803856016794,0.17567142905535266,0.12293197406300782,True,True,True,0,2.0,3,3,True,False,2.0,1.5259345508695632,0.00014170624302825186,0.00014251960062595243,0.04849648846979737
sbm,12,540,4,2,8,2,8,0.05,0.12993886090937323,0.8274129892713349,0.15704232661830037,0.1862991839059872,True,0.012454125105279394,0.012454125105279394,0.36139498710502554,0.2705560174437704,0.13784502330863913,0.21133982856604738,0.3491848518746865,0.18069749355251277,0.1178587603650607,0.16824336844723337,0.1054046352597813,True,True,True,0,2.0,3,3,True,False,2.0,1.3109373083231,0.00014170624302825186,0.00014372917845688183,0.03429563903675126
sbm,12,540,4,2,8,2,8,0.1,0.25987772181874624,0.8274129892713349,0.31408465323660045,0.45790585488232444,False,0.02454007189069891,0.02454007189069891,0.36139498710502554,0.2705560174437704,0.2716149671834522,0.47603568063146257,0.7476506478149147,0.18069749355251277,0.10310181731817432,0.15615742166181387,0.0785617454274754,True,True,True,0,2.0,3,3,True,False,2.0,0.9124715123828717,0.00014170624302825186,0.00014571598512443841,0.011028705795896432
sbm,12,540,4,2,8,2,8,0.2,0.5197554436374914,0.8274129892713349,0.6281693064731996,1.6893960541961637,False,0.047626507585991115,0.047626507585991115,0.36139498710502554,0.2705560174437704,0.5271407660355876,1.192850057640025,1.7199908236756125,0.18069749355251277,0.07985330139517621,0.13307098596652167,0.0322267938091851,True,True,True,2,3.0,3,3,False,False,1.0,inf,0.00014170624302825186,0.0001495731361552395,0.03395421945493626
sbm,12,540,4,2,9,3,5,-0.2,0.33998537890520475,0.8274129892713349,0.4109016697992794,0.6975094797149991,False,0.05126232135399304,0.05126232135399304,0.36139498710502554,0.2705560174437704,0.5673827605040423,1.336633262977414,1.9040160234814563,0.18069749355251277,0.07670364455812478,0.12943517219851974,0.02544132320413174,True,True,True,0,3.0,3,3,False,False,3.0,inf,0.00014170624302825186,0.00013603374073691333,0.07286506538476822
sbm,12,540,4,2,9,3,5,-0.1,0.16999268945260237,0.8274129892713349,0.2054508348996397,0.2585753581072469,True,0.024869878408564514,0.024869878408564514,0.36139498710502554,0.2705560174437704,0.27526533898863453,0.48419764579919883,0.7594629847878334,0.18069749355251277,0.10272614344299509,0.15582761514394827,0.07785626503443058,True,True,True,0,2.0,3,3,True,False,2.0,0.9006591754099531,0.00014170624302825186,0.00013907562896275656,0.06566071621101766
sbm,12,540,4,2,9,3,5,-0.05,0.0849963447263008,0.8274129892713349,0.10272541744981938,0.1144860441247085,True,0.012245623537975975,0.012245623537975975,0.36139498710502554,0.2705560174437704,0.13553728164377948,0.20732266905740412,0.3428599507011836,0.18069749355251277,0.11813106201700857,0.1684518700145368,0.10588543847903259,True,True,True,0,2.0,3,3,True,False,2.0,1.3172622094966029,0.00014170624302825186,0.00014044027679584417,0.061902332808391414
sbm,12,540,4,2,9,3,5,-0.02,0.03399853789052031,0.8274129892713349,0.04109016697992774,0.042850918371036904,True,0.004853042351084494,0.004853042351084494,0.36139498710502554,0.2705560174437704,0.0537145508293854,0.07570852901609523,0.12942307984548063,0.18069749355251277,0.12820331907525934,0.17584445120142828,0.12335027672417484,True,True,True,0,2.0,3,3,True,False,2.0,1.530699080352306,0.00014170624302825186,0.00014121141879078983,0.05960685429367474
sbm,12,540,4,2,9,3,5,0.02,0.03399853789052121,0.8274129892713349,0.04109016697992882,0.04285091837103808,True,0.004793100903871749,0.004793100903871749,0.36139498710502554,0.2705560174437704,0.053051105575837094,0.07472383761994368,0.12777494319578078,0.18069749355251277,0.1282884031799908,0.17590439264864102,0.12349530227611905,True,True,True,0,2.0,3,3,True,False,2.0,1.5323472170020056,0.00014170624302825186,0.00014218598502254413,0.05650592572978619
sbm,12,540,4,2,9,3,5,0.05,0.08499634472630213,0.8274129892713349,0.10272541744982099,0.1144860441247105,True,0.011871085355688886,0.011871085355688886,0.36139498710502554,0.2705560174437704,0.13139180983978632,0.20015016821711265,0.331541978056899,0.18069749355251277,0.11862178744523204,0.16882640819682387,0.10675070208954315,True,True,True,0,2.0,3,3,True,False,2.0,1.3285801821408874,0.00014170624302825186,0.00014287795434836219,0.054154094719475854
sbm,12,540,4,2,9,3,5,0.1,0.16999268945260246,0.8274129892713349,0.2054508348996398,0.2585753581072471,True,0.023373097426005147,0.023373097426005147,0.36139498710502554,0.2705560174437704,0.25869863456863784,0.44757977394642406,0.706278408515062,0.18069749355251277,0.10444215215499411,0.15732439612650762,0.08106905472898897,True,True,True,0,2.0,3,3,True,False,2.0,0.9538437516827245,0.00014170624302825186,0.00014395996900521817,0.05019340219111146
sbm,12,540,4,2,9,3,5,0.2,0.33998537890520536,0.8274129892713349,0.4109016697992801,0.6975094797150012,False,0.045297285237101935,0.045297285237101935,0.36139498710502554,0.2705560174437704,0.5013604156489091,1.105638187560047,1.606998603208956,0.18069749355251277,0.081938713309216,0.13540020831541083,0.03664142807211406,True,True,True,0,2.0,3,3,True,False,2.0,0.05312355698883042,0.00014170624302825186,0.00014587338786633018,0.042163577627338134
sbm,12,540,4,2,10,3,9,-0.2,0.4428307582073975,0.8274129892713349,0.5351991858350912,1.1514592262422445,False,0.04073691351157729,0.04073691351157729,0.36139498710502554,0.2705560174437704,0.4508852083190481,0.9453831833634824,1.3962683916825305,0.18069749355251277,0.08618074496870903,0.13996058004093548,0.045443831457131746,True,True,True,0,2.0,3,3,True,False,2.0,0.263853768515256,0.00014170624302825186,0.0001455966430789254,0.06500217888543514
sbm,12,540,4,2,10,3,9,-0.1,0.2214153791036989,0.8274129892713349,0.2675995929175458,0.3653733536052216,False,0.01927388408499239,0.01927388408499239,0.36139498710502554,0.2705560174437704,0.2133276306833905,0.3527110366953978,0.5660386673787883,0.18069749355251277,0.10928994037483081,0.16142360946752038,0.09001605628983841,True,True,True,0,2.0,3,3,True,False,2.0,1.0940834928189982,0.00014170624302825186,0.0001434410891523678,0.06215664436892787
sbm,12,540,4,2,10,3,9,-0.05,0.11070768955184973,0.8274129892713349,0.13379979645877324,0.1544675190698048,True,0.009383936088742746,0.009383936088742746,0.36139498710502554,0.2705560174437704,0.10386348924110192,0.1539200427478684,0.2577835319889703,0.18069749355251277,0.12193260762166337,0.17131355746377003,0.11254867153292063,True,True,True,0,2.0,3,3,True,False,2.0,1.4023386282088162,0.00014170624302825186,0.00014252767812508266,0.06016378213325546
sbm,12,540,4,2,10,3,9,-0.02,0.04428307582073999,0.8274129892713349,0.05351991858350941,0.056546270369907996,True,0.003695247561712984,0.003695247561712984,0.36139498710502554,0.2705560174437704,0.040899820900272776,0.056912661987106955,0.09781248288737973,0.18069749355251277,0.12985678169649167,0.17700224599079978,0.12616153413477868,True,True,True,0,2.0,3,3,True,False,2.0,1.5623096773104068,0.00014170624302825186,0.00014202451279064632,0.058913211073672755
sbm,12,540,4,2,10,3,9,0.02,0.04428307582073999,0.8274129892713349,0.05351991858350941,0.056546270369907996,True,0.003620104744705055,0.003620104744705055,0.36139498710502554,0.2705560174437704,0.04006812350889649,0.055708991359262744,0.09577711486815924,0.18069749355251277,0.1299648281678372,0.1770773888078077,0.12634472342313213,True,True,True,0,2.0,3,3,True,False,2.0,1.5643450453296273,0.00014170624302825186,0.0001414009315726282,0.05719857048762189
sbm,12,540,4,2,10,3,9,0.05,0.11070768955184951,0.8274129892713349,0.13379979645877296,0.15446751906980444,True,0.008914054040830387,0.008914054040830387,0.36139498710502554,0.2705560174437704,0.09866273035203844,0.145454357328721,0.24411708768075946,0.18069749355251277,0.12256840158710385,0.17178343951168237,0.11365434754627346,True,True,True,0,2.0,3,3,True,False,2.0,1.416005072517027,0.00014170624302825186,0.0001409659017897763,0.055885965914191926
sbm,12,540,4,2,10,3,9,0.1,0.22141537910369902,0.8274129892713349,0.2675995929175459,0.3653733536052219,False,0.017390922428617787,0.017390922428617787,0.36139498710502554,0.2705560174437704,0.19248659277682548,0.3116888573372974,0.5041754501141229,0.18069749355251277,0.11159155689545884,0.163306571123895,0.09420063446684106,True,True,True,0,2.0,3,3,True,False,2.0,1.1559467100836636,0.00014170624302825186,0.0001402972708649789,0.05366442596679821
sbm,12,540,4,2,10,3,9,0.2,0.4428307582073978,0.8274129892713349,0.5351991858350916,1.1514592262422465,False,0.033149307706756746,0.033149307706756746,0.36139498710502554,0.2705560174437704,0.3669039017093303,0.7073292157447595,1.0742331174540898,0.18069749355251277,0.09373091615296353,0.14754818584575602,0.06058160844620678,True,True,True,0,2.0,3,3,True,False,2.0,0.5858890427436967,0.00014170624302825186,0.00013914372852406423,0.049167801660606525
sbm,12,540,4,2,11,4,5,-0.2,0.4182454923650101,0.8274129892713349,0.5054857704534467,1.0221865019272622,False,0.07657830745400927,0.07657830745400927,0.36139498710502554,0.2705560174437704,0.8475857185230379,2.6424717773281157,3.4900574958511537,0.18069749355251277,0.057959602907426265,0.1041191860985035,-0.018618704546583008,True,False,False,0,,3,3,False,False,,,0.00014170624302825186,0.00014201060074238778,0.11504840735672728
sbm,12,540,4,2,11,4,5,-0.1,0.20912274618250504,0.8274129892713349,0.25274288522672334,0.33822747248570173,False,0.0364530300631585,0.0364530300631585,0.36139498710502554,0.2705560174437704,0.40347023466116677,0.8067915186597318,1.2102617533208986,0.18069749355251277,0.09036542705286603,0.14424446348935427,0.05391239698970753,True,True,True,0,2.0,3,3,True,False,2.0,0.4498604068768879,0.00014170624302825186,0.00014186453963566998,0.09182598235568906
sbm,12,540,4,2,11,4,5,-0.05,0.10456137309125257,0.8274129892713349,0.12637144261336172,0.14465122682274456,True,0.017772628858264475,0.017772628858264475,0.36139498710502554,0.2705560174437704,0.19671140433499754,0.3198785678476723,0.5165899721826699,0.18069749355251277,0.11112109809574916,0.1629248646942483,0.09334846923748469,True,True,True,0,2.0,3,3,True,False,2.0,1.1435321880151166,0.00014170624302825186,0.00014178624549908967,0.07443039175248445
sbm,12,540,4,2,11,4,5,-0.02,0.04182454923650102,0.8274129892713349,0.05054857704534468,0.05323977174950089,True,0.007001313210112292,0.007001313210112292,0.36139498710502554,0.2705560174437704,0.07749208992849288,0.11185018003792896,0.18934226996642184,0.18069749355251277,0.1251909153429724,0.17369618034240047,0.11818960213286009,True,True,True,0,2.0,3,3,True,False,2.0,1.4707798902313647,0.00014170624302825186,0.00014173837656035343,0.06448855024044797
sbm,12,540,4,2,11,4,5,0.02,0.041824549236501474,0.8274129892713349,0.050548577045345225,0.053239771749501494,True,0.006859388966175533,0.006859388966175533,0.36139498710502554,0.2705560174437704,0.07592124086859141,0.10941085207779776,0.18533209294638917,0.18069749355251277,0.12538772591402708,0.17383810458633725,0.11852833694785155,True,True,True,0,2.0,3,3,True,False,2.0,1.4747900672513974,0.00014170624302825186,0.00014167400740940683,0.05179250905444133
sbm,12,540,4,2,11,4,5,0.05,0.10456137309125312,0.8274129892713349,0.12637144261336236,0.14465122682274542,True,0.016886041940414036,0.016886041940414036,0.36139498710502554,0.2705560174437704,0.18689846337582716,0.30095365960547626,0.4878521229813034,0.18069749355251277,0.11221689055085854,0.16381145161209873,0.0953308486104445,True,True,True,0,2.0,3,3,True,False,2.0,1.172270037216483,0.00014170624302825186,0.0001416255881804974,0.042677492091212965
sbm,12,540,4,2,11,4,5,0.1,0.20912274618250556,0.8274129892713349,0.25274288522672395,0.3382274724857029,False,0.03291299392153295,0.03291299392153295,0.36139498710502554,0.2705560174437704,0.3642883282381341,0.700452345919718,1.064740674157852,0.18069749355251277,0.09397639714752345,0.14778449963097984,0.061063403225990506,True,True,True,0,2.0,3,3,True,False,2.0,0.5953814860399345,0.00014170624302825186,0.00014154513220245935,0.028229756299521735
sbm,12,540,4,2,11,4,5,0.2,0.4182454923650106,0.8274129892713349,0.5054857704534472,1.0221865019272647,False,0.06252104720937683,0.06252104720937683,0.36139498710502554,0.2705560174437704,0.6919968393607795,1.8465430889677081,2.5385399283284875,0.18069749355251277,0.06771685706433053,0.11817644634313594,0.005195809854953701,True,True,True,0,3.0,3,3,False,False,3.0,inf,0.00014170624302825186,0.0001413873588185513,0.0019390731156545549
sbm,12,540,4,2,12,4,8,-0.2,0.4590288504460295,0.8274129892713349,0.5547759781367166,1.2460602997451784,False,0.0537246124535591,0.0537246124535591,0.36139498710502554,0.2705560174437704,0.5946359453840029,1.4395382034715847,2.0341741488555876,0.18069749355251277,0.07464145421635497,0.12697288109895366,0.020916841762795874,True,True,True,0,3.0,3,3,False,False,3.0,inf,0.00014170624302825186,0.0001415412209617073,0.07267483807139463
sbm,12,540,4,2,12,4,8,-0.1,0.22951442522301482,0.8274129892713349,0.27738798906835843,0.38386850048441706,False,0.025943931186610043,0.025943931186610043,0.36139498710502554,0.2705560174437704,0.2871531937333756,0.5111491289443189,0.7983023226776944,0.18069749355251277,0.10151217997844303,0.15475356236590274,0.07556824879183299,True,True,True,0,2.0,3,3,True,False,2.0,0.8618198375200921,0.00014170624302825186,0.00014162304281732413,0.06486424662053669
sbm,12,540,4,2,12,4,8,-0.05,0.11475721261150774,0.8274129892713349,0.13869399453417963,0.16102754846016626,True,0.012745308372182844,0.012745308372182844,0.36139498710502554,0.2705560174437704,0.14106790439214267,0.21697922512541512,0.3580471295175578,0.18069749355251277,0.11747952703597304,0.16795218518032992,0.10473421866379021,True,True,True,0,2.0,3,3,True,False,2.0,1.3020750306802287,0.00014170624302825186,0.0001416644895465923,0.06134529961115298
sbm,12,540,4,2,12,4,8,-0.02,0.045902885044602826,0.8274129892713349,0.05547759781367152,0.05873613763448599,True,0.005044215089450641,0.005044215089450641,0.36139498710502554,0.2705560174437704,0.055830493166024286,0.07885754743564573,0.13468804060167,0.18069749355251277,0.1279323350391321,0.17565327846306214,0.12288811994968145,True,True,True,0,2.0,3,3,True,False,2.0,1.5254341195961165,0.00014170624302825186,0.00014168950830553066,0.059347946782115635
sbm,12,540,4,2,12,4,8,0.02,0.045902885044602826,0.8274129892713349,0.05547759781367152,0.05873613763448599,True,0.0049729830122213076,0.0049729830122213076,0.36139498710502554,0.2705560174437704,0.05504208071127563,0.07768268740095871,0.13272476811223433,0.18069749355251277,0.12803323825689208,0.17572451054029148,0.12306025524467078,True,True,True,0,2.0,3,3,True,False,2.0,1.5273973920855521,0.00014170624302825186,0.00014172301754438116,0.05681068764357011
sbm,12,540,4,2,12,4,8,0.05,0.11475721261150774,0.8274129892713349,0.13869399453417963,0.16102754846016626,True,0.012300210700193555,0.012300210700193555,0.36139498710502554,0.2705560174437704,0.13614146448156428,0.20837270590346998,0.3445141703850343,0.18069749355251277,0.1180597108134854,0.16839728285231922,0.10575950011329185,True,True,True,0,2.0,3,3,True,False,2.0,1.3156079898127522,0.00014170624302825186,0.00014174824451695443,0.054997849708566804
sbm,12,540,4,2,12,4,8,0.1,0.22951442522301477,0.8274129892713349,0.2773879890683584,0.38386850048441695,False,0.024165013257634302,0.024165013257634302,0.36139498710502554,0.2705560174437704,0.267463734914637,0.46681828172451617,0.7342820166391532,0.18069749355251277,0.10353070650259931,0.15653248029487848,0.07936569324496501,True,True,True,0,2.0,3,3,True,False,2.0,0.9258401435586333,0.00014170624302825186,0.00014179042511527543,0.052138635385428955
sbm,12,540,4,2,12,4,8,0.2,0.4590288504460289,0.8274129892713349,0.554775978136716,1.246060299745175,False,0.046632753519622906,0.046632753519622906,0.36139498710502554,0.2705560174437704,0.5161416752697888,1.1551844526552215,1.6713261279250102,0.18069749355251277,0.0807364631898158,0.13406474003288987,0.03410370967019289,True,True,True,0,3.0,3,3,False,False,3.0,inf,0.00014170624302825186,0.00014187502221592001,0.04697849847980162
sbm,12,540,4,2,13,6,7,-0.2,0.5147154498696138,0.8274129892713349,0.6220780390732086,1.646048929116648,False,0.0017765656877841611,0.0017765656877841611,0.36139498710502554,0.2705560174437704,0.01966342369068745,0.026786981650283263,0.04645040534097071,0.18069749355251277,0.13264396197959652,0.1789209278647286,0.13086739629181235,True,True,True,0,0.0,3,3,True,True,0.0,0.01161134426286066,0.00014170624302825186,0.00018637441430496013,0.058045531997176214
sbm,12,540,4,2,13,6,7,-0.1,0.2573577249348067,0.8274129892713349,0.31103901953660407,0.4514610091959037,False,0.0008276198751264811,0.0008276198751264811,0.36139498710502554,0.2705560174437704,0.00916028063096476,0.012348436271291206,0.021508716902255965,0.18069749355251277,0.13404448254725318,0.1798698736773863,0.1332168626721267,True,True,True,0,0.0,3,3,True,True,0.0,0.03655303270157541,0.00014170624302825186,0.00016175320200461596,0.058054405577045554
sbm,12,540,4,2,13,6,7,-0.05,0.12867886246740334,0.8274129892713349,0.15551950976830203,0.18415997949891363,True,0.00040014645476252645,0.00040014645476252645,0.36139498710502554,0.2705560174437704,0.004428909852545788,0.005942171997073201,0.01037108184961899,0.18069749355251277,0.13468019941516918,0.18029734709775025,0.13428005296040665,True,True,True,0,0.0,3,3,True,True,0.0,0.04769066775421238,0.00014170624302825186,0.00015123285202947847,0.05805824489397993
sbm,12,540,4,2,13,6,7,-0.02,0.05147154498696116,0.8274129892713349,0.06220780390732059,0.06633431603132339,True,0.00015694922340646328,0.00015694922340646328,0.36139498710502554,0.2705560174437704,0.0017371488704225112,0.002324429609912201,0.004061578480334712,0.18069749355251277,0.13504321467699046,0.18054054432910632,0.134886265453584,True,True,True,0,0.0,3,3,True,True,0.0,0.05400017112349666,0.00014170624302825186,0.00014540584111245714,0.05806038524230828
sbm,12,540,4,2,13,6,7,0.02,0.05147154498696204,0.8274129892713349,0.06220780390732166,0.0663343160313246,True,0.00015298659121080094,0.00015298659121080094,0.36139498710502554,0.2705560174437704,0.0016932895769950598,0.0022656433622387025,0.003958932939233762,0.18069749355251277,0.13504913770685736,0.18054450696130198,0.13489615111564657,True,True,True,0,0.0,3,3,True,True,0.0,0.05410281666459761,0.00014170624302825186,0.0001381460346004897,0.058063066725325685
sbm,12,540,4,2,13,6,7,0.05,0.1286788624674038,0.8274129892713349,0.15551950976830256,0.18415997949891438,True,0.000375358727848912,0.000375358727848912,0.36139498710502554,0.2705560174437704,0.004154553784552949,0.005572545357956397,0.009727099142509346,0.18069749355251277,0.13471715481435442,0.18032213482466386,0.1343417960865055,True,True,True,0,0.0,3,3,True,True,0.0,0.04833465046132202,0.00014170624302825186,0.00013305206949051663,0.05806495867454631
sbm,12,540,4,2,13,6,7,0.1,0.25735772493480774,0.8274129892713349,0.31103901953660534,0.4514610091959065,False,0.0007281638320912201,0.0007281638320912201,0.36139498710502554,0.2705560174437704,0.008059479052813838,0.010852557231646645,0.018912036284460483,0.18069749355251277,0.13419212017013923,0.17996932972042154,0.133463956338048,True,True,True,0,0.0,3,3,True,True,0.0,0.03914971331937089,0.00014170624302825186,0.00012516698333827362,0.05806790548895835
sbm,12,540,4,2,13,6,7,0.2,0.5147154498696147,0.8274129892713349,0.6220780390732097,1.6460489291166556,False,0.0013737833115538564,0.0013737833115538564,0.36139498710502554,0.2705560174437704,0.015205338873774905,0.020621707614844064,0.035827046488618966,0.18069749355251277,0.13323662009105106,0.17932371024095892,0.1318628367794972,True,True,True,0,0.0,3,3,True,True,0.0,0.022234703115212404,0.00014170624302825186,0.00011136248812388798,0.05807312341587845
sbm,12,540,4,2,14,6,8,-0.2,0.3851237671897535,0.8274129892713349,0.4654553073053815,0.8707509655722888,False,0.02260273127989771,0.02260273127989771,0.36139498710502554,0.2705560174437704,0.25017205092918565,0.42915290517187876,0.6793249561010644,0.18069749355251277,0.10533649432406922,0.15809476227261507,0.08273376304417152,True,True,True,0,2.0,3,3,True,False,2.0,0.9807972040967221,0.00014170624302825186,0.000507223870630402,0.05566292337767842
sbm,12,540,4,2,14,6,8,-0.1,0.19256188359487683,0.8274129892713349,0.23272765365269085,0.3033181825992014,True,0.010882179584181206,0.010882179584181206,0.36139498710502554,0.2705560174437704,0.12044638107853686,0.1814796282956537,0.30192600937419056,0.18069749355251277,0.11992728535296238,0.16981531396833158,0.10904510576878117,True,True,True,0,2.0,3,3,True,False,2.0,1.3581961508235958,0.00014170624302825186,0.00028816275855599293,0.05697406576613773
sbm,12,540,4,2,14,6,8,-0.05,0.09628094179743842,0.8274129892713349,0.11636382682634543,0.13168748672704833,True,0.0053413912391259985,0.0053413912391259985,0.36139498710502554,0.2705560174437704,0.05911970480734675,0.0837784932083216,0.14289819801566836,0.18069749355251277,0.12751222979969865,0.17535610231338677,0.12217083856057265,True,True,True,0,2.0,3,3,True,False,2.0,1.5172239621821182,0.00014170624302825186,0.00020670618902113975,0.05754352751870795
sbm,12,540,4,2,14,6,8,-0.02,0.038512376718975234,0.8274129892713349,0.04654553073053801,0.04881778021996294,True,0.0021132496310624703,0.0021132496310624703,0.36139498710502554,0.2705560174437704,0.023389916368135297,0.03198244835283331,0.055372364720968605,0.18069749355251277,0.13215058508022315,0.1785842439214503,0.13003733544916068,True,True,True,0,0.0,3,3,True,True,0.0,0.002689384882862765,0.00014170624302825186,0.00016583108641779883,0.05786033673604507
sbm,12,540,4,2,14,6,8,0.02,0.038512376718975665,0.8274129892713349,0.04654553073053853,0.04881778021996352,True,0.0020828743822970263,0.0020828743822970263,0.36139498710502554,0.2705560174437704,0.02305371636703659,0.03151214557793023,0.05456586194496682,0.18069749355251277,0.13219502157642882,0.17861461917021573,0.13011214719413178,True,True,True,0,0.0,3,3,True,True,0.0,0.0034958876588645493,0.00014170624302825186,0.00011997161497993836,0.058255629487329985
sbm,12,540,4,2,14,6,8,0.05,0.09628094179743851,0.8274129892713349,0.11636382682634554,0.1316874867270485,True,0.005151510017229773,0.005151510017229773,0.36139498710502554,0.2705560174437704,0.057018057261903135,0.08063061458286869,0.1376486718447718,0.18069749355251277,0.127780497367666,0.175545983535283,0.12262898735043623,True,True,True,0,2.0,3,3,True,False,2.0,1.5224734883530147,0.00014170624302825186,9.165446571139973e-05,0.058532865974487036
sbm,12,540,4,2,14,6,8,0.1,0.19256188359487691,0.8274129892713349,0.23272765365269094,0.3033181825992016,True,0.010122141579163892,0.010122141579163892,0.36139498710502554,0.2705560174437704,0.11203411159903312,0.16739057367813165,0.2794246852771648,0.18069749355251277,0.12094040132304387,0.1705753519733489,0.11081825974387999,True,True,True,0,2.0,3,3,True,False,2.0,1.3806974749206216,0.00014170624302825186,5.517571604709188e-05,0.05896065931071082
sbm,12,540,4,2,14,6,8,0.2,0.3851237671897535,0.8274129892713349,0.4654553073053815,0.8707509655722888,False,0.019554368591371964,0.019554368591371964,0.36139498710502554,0.2705560174437704,0.21643209550872092,0.3589565279429227,0.5753886234516437,0.18069749355251277,0.10895117970653696,0.1611431249611408,0.089396811115165,True,True,True,0,2.0,3,3,True,False,2.0,1.0847335367461428,0.00014170624302825186,1.8033763736674307e-05,0.059699835350626174
sbm,12,540,4,2,15,6,9,-0.2,0.37129067262404314,0.8274129892713349,0.44873681878141897,0.8140155810686921,False,0.047927538407130696,0.047927538407130696,0.36139498710502554,0.2705560174437704,0.5304726420369787,1.2043958736588818,1.7348685156958605,0.18069749355251277,0.07958768284638794,0.1327699551453821,0.03166014443925724,True,True,True,0,3.0,3,3,False,False,3.0,inf,0.00014170624302825186,7.652990277444518e-05,0.0464028755135204
sbm,12,540,4,2,15,6,9,-0.1,0.18564533631202185,0.8274129892713349,0.22436840939070982,0.28927188127350417,True,0.023063520953616776,0.023063520953616776,0.36139498710502554,0.2705560174437704,0.25527217340083636,0.44014087140346375,0.6954130448043001,0.18069749355251277,0.10480063294315219,0.157633972598896,0.08173711198953541,True,True,True,0,2.0,3,3,True,False,2.0,0.9647091153934864,0.00014170624302825186,4.0844593733919455e-05,0.058295208929125764
sbm,12,540,4,2,15,6,9,-0.05,0.09282266815601092,0.8274129892713349,0.11218420469535491,0.12635977562987605,True,0.011313006811692833,0.011313006811692833,0.36139498710502554,0.2705560174437704,0.12521487253950364,0.18956622889890398,0.31478110143840765,0.18069749355251277,0.11935677443608458,0.16938448674081993,0.10804376762439175,True,True,True,0,2.0,3,3,True,False,2.0,1.3453410587593788,0.00014170624302825186,7.648272090734763e-05,0.05809500007836377
sbm,12,540,4,2,15,6,9,-0.02,0.03712906726240383,0.8274129892713349,0.04487368187814131,0.04698193424968126,True,0.004473562636115936,0.004473562636115936,0.36139498710502554,0.2705560174437704,0.04951438504392832,0.0694960531174209,0.11901043816134921,0.18069749355251277,0.12874292669707105,0.17622393091639685,0.12426936406095511,True,True,True,0,2.0,3,3,True,False,2.0,1.5411117220364372,0.00014170624302825186,0.00011233284342179712,0.05805608470291257
sbm,12,540,4,2,15,6,9,0.02,0.0371290672624045,0.8274129892713349,0.04487368187814212,0.046981934249682146,True,0.0044057439844178755,0.0044057439844178755,0.36139498710502554,0.2705560174437704,0.04876375314124117,0.06839114577037388,0.11715489891161504,0.18069749355251277,0.1288396015241606,0.1762917495680949,0.12443385753974273,True,True,True,0,2.0,3,3,True,False,2.0,1.5429672612861713,0.00014170624302825186,0.0001751663807628801,0.05809150214611414
sbm,12,540,4,2,15,6,9,0.05,0.09282266815601113,0.8274129892713349,0.11218420469535516,0.12635977562987635,True,0.010889177717730335,0.010889177717730335,0.36139498710502554,0.2705560174437704,0.12052383797527125,0.1816104010069028,0.30213423898217406,0.18069749355251277,0.11991799651735201,0.16980831583478243,0.10902881879962167,True,True,True,0,2.0,3,3,True,False,2.0,1.3579879212156123,0.00014170624302825186,0.00023250015006768813,0.0581791241862013
sbm,12,540,4,2,15,6,9,0.1,0.18564533631202218,0.8274129892713349,0.2243684093907102,0.2892718812735049,True,0.021368744778987103,0.021368744778987103,0.36139498710502554,0.2705560174437704,0.23651401421101725,0.40021976911808604,0.6367337833291034,0.18069749355251277,0.10678505375221577,0.15932874877352568,0.08541630897322866,True,True,True,0,2.0,3,3,True,False,2.0,1.0233883768686831,0.00014170624302825186,0.0003452528866584312,0.05843189177066499
sbm,12,540,4,2,15,6,9,0.2,0.371290672624044,0.8274129892713349,0.44873681878142,0.8140155810686955,False,0.041157374936894336,0.041157374936894336,0.36139498710502554,0.2705560174437704,0.455538968778596,0.9595962042524449,1.4151351730310409,0.18069749355251277,0.08578061220856371,0.13954011861561844,0.04462323727166938,True,True,True,0,2.0,3,3,True,False,2.0,0.2449869871667456,0.00014170624302825186,0.0006240503645578264,0.05928814150586725
sbm,12,540,4,2,16,6,10,-0.2,0.41097811924330613,0.8274129892713349,0.4967025228903355,0.9868965084879772,False,0.07896971353381901,0.07896971353381901,0.36139498710502554,0.2705560174437704,0.8740543322574589,2.798081304742974,3.6721356370004328,0.18069749355251277,0.05644561750222122,0.10172778001869376,-0.022524096031597794,True,False,False,2,,3,3,False,False,,,0.00014170624302825186,0.0006907527501786123,0.050002005541408545
sbm,12,540,4,2,16,6,10,-0.1,0.20548905962165287,0.8274129892713349,0.2483512614451675,0.33040867190526174,True,0.036159643317578226,0.036159643317578226,0.36139498710502554,0.2705560174437704,0.4002229649861725,0.7977036090247527,1.1979265740109253,0.18069749355251277,0.09065934492081806,0.14453785023493454,0.05449970160323984,True,True,True,0,2.0,3,3,True,False,2.0,0.4621955861868612,0.00014170624302825186,0.00032613809042278326,0.008017901319231857
sbm,12,540,4,2,16,6,10,-0.05,0.1027445298108267,0.8274129892713349,0.12417563072258407,0.14178142910665192,True,0.01732203603975461,0.01732203603975461,0.36139498710502554,0.2705560174437704,0.19172414292200046,0.31021762525877133,0.5019417681807719,0.18069749355251277,0.11167667230580627,0.16337545751275817,0.09435463626605167,True,True,True,0,2.0,3,3,True,False,2.0,1.1581803920170146,0.00014170624302825186,0.0002163967613174903,0.03396961346497673
sbm,12,540,4,2,16,6,10,-0.02,0.041097811924330374,0.8274129892713349,0.04967025228903326,0.05226633429993393,True,0.0067560177690704016,0.0067560177690704016,0.36139498710502554,0.2705560174437704,0.07477710549545642,0.10763880341953902,0.18241590891499543,0.18069749355251277,0.1255312685470456,0.17394147578344238,0.1187752507779752,True,True,True,0,2.0,3,3,True,False,2.0,1.477706251282791,0.00014170624302825186,0.000167897863859104,0.04863915788157436
sbm,12,540,4,2,16,6,10,0.02,0.041097811924330596,0.8274129892713349,0.04967025228903353,0.05226633429993423,True,0.006535816334949178,0.006535816334949178,0.36139498710502554,0.2705560174437704,0.07233986710556994,0.10387700951283912,0.17621687661840907,0.18069749355251277,0.125837591313049,0.1741616772175636,0.11930177497809982,True,True,True,0,2.0,3,3,True,False,2.0,1.4839052835793773,0.00014170624302825186,0.00011989659089850107,0.06720899841216399
sbm,12,540,4,2,16,6,10,0.05,0.1027445298108267,0.8274129892713349,0.12417563072258407,0.14178142910665192,True,0.015945091096148153,0.015945091096148153,0.36139498710502554,0.2705560174437704,0.1764838104023211,0.2812391285521872,0.45772293895450833,0.18069749355251277,0.11339169750833125,0.16475240245636463,0.0974466064121831,True,True,True,0,2.0,3,3,True,False,2.0,1.2023992212432781,0.00014170624302825186,9.451028828641659e-05,0.08043276637494756
sbm,12,540,4,2,16,6,10,0.1,0.2054890596216539,0.8274129892713349,0.24835126144516875,0.3304086719052639,True,0.030642214944303005,0.030642214944303005,0.36139498710502554,0.2705560174437704,0.3391548420719851,0.6359398277289564,0.9750946698009415,0.18069749355251277,0.09636828394199272,0.15005527860820977,0.06572606899768971,True,True,True,0,2.0,3,3,True,False,2.0,0.685027490396845,0.00014170624302825186,6.87907962420644e-05,0.101218112159974
sbm,12,540,4,2,16,6,10,0.2,0.4109781192433064,0.8274129892713349,0.49670252289033584,0.9868965084879784,False,0.056755385818103216,0.056755385818103216,0.36139498710502554,0.2705560174437704,0.6281812182592278,1.572626214804094,2.200807433063322,0.18069749355251277,0.07217911705124841,0.12394210773440956,0.015423731233145194,True,True,True,0,3.0,3,3,False,False,3.0,inf,0.00014170624302825186,6.367791711185486e-05,0.13854154607881752
sbm,12,540,4,2,17,6,11,-0.2,0.413293400851323,0.8274129892713349,0.49950074051326143,0.9980049541441856,False,0.017433986609550527,0.017433986609550527,0.36139498710502554,0.2705560174437704,0.19296323669795684,0.3126096432251187,0.5055728799230755,0.18069749355251277,0.11153838013241223,0.16326350694296224,0.0941043935228617,True,True,True,0,2.0,3,3,True,False,2.0,1.1545492802747108,0.00014170624302825186,0.00015395463288002523,0.05116395782009642
sbm,12,540,4,2,17,6,11,-0.1,0.2066467004256615,0.8274129892713349,0.24975037025663072,0.3328896947834022,True,0.008296853113914983,0.008296853113914983,0.36139498710502554,0.2705560174437704,0.09183141338375922,0.1344615370330679,0.22629295041682712,0.18069749355251277,0.12340857165532107,0.1724006404385978,0.11511171854140609,True,True,True,0,2.0,3,3,True,False,2.0,1.4338292097809593,0.00014170624302825186,0.00013308167434638568,0.05471739046080559
sbm,12,540,4,2,17,6,11,-0.05,0.1033233502128308,0.8274129892713349,0.12487518512831541,0.14269414260253296,True,0.004050567431228725,0.004050567431228725,0.36139498710502554,0.2705560174437704,0.04483258014922696,0.06263097929855532,0.10746355944778228,0.18069749355251277,0.12934708914322077,0.17664692612128405,0.12529652171199204,True,True,True,0,2.0,3,3,True,False,2.0,1.5526586007500043,0.00014170624302825186,0.00013421455621645756,0.05641501681214489
sbm,12,540,4,2,17,6,11,-0.02,0.041329340085132456,0.8274129892713349,0.04995007405132633,0.05257626224374326,True,0.0015975877830876853,0.0015975877830876853,0.36139498710502554,0.2705560174437704,0.01768245648214714,0.024040689419467753,0.0417231459016149,0.18069749355251277,0.13290698575341062,0.17909990576942508,0.13130939797032293,True,True,True,0,0.0,3,3,True,True,0.0,0.016338603702216473,0.00014170624302825186,0.00013800366505831196,0.05740907037762266
sbm,12,540,4,2,17,6,11,0.02,0.041329340085132456,0.8274129892713349,0.04995007405132633,0.05257626224374326,True,0.0015683397120454577,0.0015683397120454577,0.36139498710502554,0.2705560174437704,0.017358732334487863,0.02359292216118501,0.04095165449567287,0.18069749355251277,0.1329500179189914,0.17912915384046732,0.13138167820694593,True,True,True,0,0.0,3,3,True,True,0.0,0.017110095108158502,0.00014170624302825186,0.00014628867950590072,0.058706521979537074
sbm,12,540,4,2,17,6,11,0.05,0.1033233502128308,0.8274129892713349,0.12487518512831541,0.14269414260253296,True,0.0038676926377294893,0.0038676926377294893,0.36139498710502554,0.2705560174437704,0.042808481309736524,0.05968239391696492,0.10249087522670144,0.18069749355251277,0.12960916558107713,0.17682980091478329,0.12574147294334764,True,True,True,0,2.0,3,3,True,False,2.0,1.557631284971085,0.00014170624302825186,0.0001547046661810222,0.05965906771961493
sbm,12,540,4,2,17,6,11,0.1,0.2066467004256616,0.8274129892713349,0.24975037025663083,0.3328896947834024,True,0.0075642901594919045,0.0075642901594919045,0.36139498710502554,0.2705560174437704,0.08372324386772564,0.12159942358372354,0.20532266745144917,0.18069749355251277,0.12441325684876697,0.17313320339302088,0.11684896668927507,True,True,True,0,2.0,3,3,True,False,2.0,1.4547994927463372,0.00014170624302825186,0.00017246695477468753,0.06120849571902287
sbm,12,540,4,2,17,6,11,0.2,0.413293400851323,0.8274129892713349,0.49950074051326143,0.9980049541441856,False,0.01448661105039701,0.01448661105039701,0.36139498710502554,0.2705560174437704,0.16034102925934646,0.2514228922339142,0.41176392149326063,0.18069749355251277,0.11523700902238626,0.16621088250211577,0.10075039797198926,True,True,True,0,2.0,3,3,True,False,2.0,1.2483582387045258,0.00014170624302825186,0.0002197704658218753,0.06416987221844384
sbm,12,540,4,2,18,7,8,-0.2,0.3864079299126221,0.8274129892713349,0.4670073287741277,0.8761984056929344,False,0.02160508631977616,0.02160508631977616,0.36139498710502554,0.2705560174437704,0.23912989488697553,0.4057061521423891,0.6448360470293646,0.18069749355251277,0.10650608183133248,0.1590924072327366,0.08490099551155632,True,True,True,0,2.0,3,3,True,False,2.0,1.0152861131684219,0.00014170624302825186,1.6019567240388047e-05,0.0561777586683434
sbm,12,540,4,2,18,7,8,-0.1,0.19320396495631098,0.8274129892713349,0.23350366438706377,0.30463767866592645,True,0.010397754464349951,0.010397754464349951,0.36139498710502554,0.2705560174437704,0.11508465623877892,0.1724737406766163,0.2875583969153952,0.18069749355251277,0.12057202938324929,0.17029973908816282,0.11017427491889933,True,True,True,0,2.0,3,3,True,False,2.0,1.3725637632823913,0.00014170624302825186,5.400662273745251e-05,0.05721690123635348
sbm,12,540,4,2,18,7,8,-0.05,0.09660198247815555,0.8274129892713349,0.11675183219353195,0.13218462992511285,True,0.005102730697131994,0.005102730697131994,0.36139498710502554,0.2705560174437704,0.05647815691089353,0.07982401977874562,0.13630217668963915,0.18069749355251277,0.1278495047299203,0.17559476285538078,0.1227467740327883,True,True,True,0,2.0,3,3,True,False,2.0,1.5238199835081474,0.00014170624302825186,9.233610132067276e-05,0.05766151949992837
sbm,12,540,4,2,18,7,8,-0.02,0.03864079299126211,0.8274129892713349,0.046700732877412644,0.04898853328438285,True,0.0020186303379977357,0.0020186303379977357,0.36139498710502554,0.2705560174437704,0.022342649013126444,0.030518478563192755,0.052861127576319195,0.18069749355251277,0.13228905456855464,0.17867886321451504,0.1302704242305569,True,True,True,0,0.0,3,3,True,True,0.0,0.005200622027512175,0.00014170624302825186,0.000120714143816837,0.05790673808042368
sbm,12,540,4,2,18,7,8,0.02,0.03864079299126255,0.8274129892713349,0.046700732877413186,0.04898853328438344,True,0.0019893718889559867,0.0019893718889559867,0.36139498710502554,0.2705560174437704,0.022018809999463023,0.030066399121451353,0.052085209120914376,0.18069749355251277,0.1323319018629429,0.1787081216635568,0.13034252997398693,True,True,True,0,0.0,3,3,True,True,0.0,0.0059765404829169935,0.00014170624302825186,0.00016426841146170877,0.0582102586235429
sbm,12,540,4,2,18,7,8,0.05,0.0966019824781561,0.8274129892713349,0.11675183219353262,0.1321846299251137,True,0.004919828204826667,0.004919828204826667,0.36139498710502554,0.2705560174437704,0.054453751494864075,0.07680715795963386,0.13126090945449792,0.18069749355251277,0.12810858611412992,0.1757776653476861,0.12318875790930325,True,True,True,0,2.0,3,3,True,False,2.0,1.5288612507432886,0.00014170624302825186,0.000200897627877599,0.05842131614395285
sbm,12,540,4,2,18,7,8,0.1,0.19320396495631154,0.8274129892713349,0.23350366438706444,0.30463767866592756,True,0.009665613150527556,0.009665613150527556,0.36139498710502554,0.2705560174437704,0.10698115353457979,0.15903529826118287,0.26601645179576267,0.18069749355251277,0.1215530546514745,0.17103188040198522,0.11188744150094694,True,True,True,0,2.0,3,3,True,False,2.0,1.3941057084020239,0.00014170624302825186,0.00026880971116793455,0.058743615949621075
sbm,12,540,4,2,18,7,8,0.2,0.38640792991262246,0.8274129892713349,0.46700732877412815,0.876198405692936,False,0.01866801228381635,0.01866801228381635,0.36139498710502554,0.2705560174437704,0.20662170699552299,0.3393403777607325,0.5459620847562555,0.18069749355251277,0.11002529322920179,0.16202948126869643,0.09135728094538545,True,True,True,0,2.0,3,3,True,False,2.0,1.1141600754415308,0.00014170624302825186,0.0004269199306473908,0.05928854317329035
sbm,12,540,4,2,19,7,9,-0.2,0.2941933377948128,0.8274129892713349,0.3555580364454945,0.551730111559413,False,0.04011322886112186,0.04011322886112186,0.36139498710502554,0.2705560174437704,0.4439821280582898,0.9245052961653913,1.368487424223681,0.18069749355251277,0.08677771566588346,0.1405842646913909,0.0466644868047616,True,True,True,0,2.0,3,3,True,False,2.0,0.2916347359741054,0.00014170624302825186,0.0006765110633800179,0.058382324473506886
sbm,12,540,4,2,19,7,9,-0.1,0.14709666889740622,0.8274129892713349,0.177779018222747,0.21621805106271166,True,0.019432739681403646,0.019432739681403646,0.36139498710502554,0.2705560174437704,0.21508587971372461,0.3562439006833176,0.5713297803970423,0.18069749355251277,0.1090979502758047,0.1612647538711091,0.08966521059440105,True,True,True,0,2.0,3,3,True,False,2.0,1.0887923798007442,0.00014170624302825186,0.00034376012342424725,0.058437260858690276
sbm,12,540,4,2,19,7,9,-0.05,0.07354833444870322,0.8274129892713349,0.08888950911137364,0.09756172275513776,True,0.009563862666434008,0.009563862666434008,0.36139498710502554,0.2705560174437704,0.10585495657309313,0.1571840043591067,0.2630389609321998,0.18069749355251277,0.12169002444528842,0.17113363088607877,0.11212616177885441,True,True,True,0,2.0,3,3,True,False,2.0,1.3970831992655866,0.00014170624302825186,0.00022792261674812588,0.05819391409508756
sbm,12,540,4,2,19,7,9,-0.02,0.029419333779481246,0.8274129892713349,0.035555803644549404,0.036866626165527924,True,0.003789415531703825,0.003789415531703825,0.36139498710502554,0.2705560174437704,0.04194209291123983,0.0584238596226952,0.10036595253393503,0.18069749355251277,0.12972150611671662,0.17690807802080893,0.12593209058501278,True,True,True,0,2.0,3,3,True,False,2.0,1.5597562076638514,0.00014170624302825186,0.00017282186263877433,0.058101844498641864
sbm,12,540,4,2,19,7,9,0.02,0.029419333779481246,0.8274129892713349,0.035555803644549404,0.036866626165527924,True,0.003741811731022942,0.003741811731022942,0.36139498710502554,0.2705560174437704,0.04141520347027424,0.05765953296691586,0.0990747364371901,0.18069749355251277,0.12978987301787323,0.17695568182148982,0.12604806128685028,True,True,True,0,2.0,3,3,True,False,2.0,1.5610474237605965,0.00014170624302825186,0.00011488008359796785,0.05803803647653738
sbm,12,540,4,2,19,7,9,0.05,0.07354833444870346,0.8274129892713349,0.08888950911137393,0.09756172275513811,True,0.00926636262897362,0.00926636262897362,0.36139498710502554,0.2705560174437704,0.10256216006981533,0.15179388129516969,0.254356041364985,0.18069749355251277,0.12209138536954309,0.17143113092353915,0.11282502274056946,True,True,True,0,2.0,3,3,True,False,2.0,1.4057661188328014,0.00014170624302825186,8.23130248705372e-05,0.05803200302570599
sbm,12,540,4,2,19,7,9,0.1,0.1470966688974068,0.8274129892713349,0.17777901822274772,0.21621805106271272,True,0.018243079979567922,0.018243079979567922,0.36139498710502554,0.2705560174437704,0.20191846185477136,0.3300601021199621,0.5319785639747334,0.18069749355251277,0.11054398797305938,0.16245441357294485,0.09230090799349146,True,True,True,0,2.0,3,3,True,False,2.0,1.128143596223053,0.00014170624302825186,4.714512701737712e-05,0.05809636416228714
sbm,12,540,4,2,19,7,9,0.2,0.29419333779481305,0.8274129892713349,0.3555580364454948,0.5517301115594136,False,0.03536013915828351,0.03536013915828351,0.36139498710502554,0.2705560174437704,0.3913738753438486,0.7731936412153041,1.1645675165591527,0.18069749355251277,0.0914651576872891,0.14533735439422926,0.056105018529005596,True,True,True,0,2.0,3,3,True,False,2.0,0.4955546436386338,0.00014170624302825186,4.0057152799276676e-05,0.05847647381166632
sbm,12,540,4,2,20,7,10,-0.2,0.4061240046404459,0.8274129892713349,0.49083590650190406,0.9640033788119814,False,0.07602307403354756,0.07602307403354756,0.36139498710502554,0.2705560174437704,0.8414402716820683,2.607240460953774,3.448680732635842,0.18069749355251277,0.0583168872776215,0.10467441951896521,-0.017706186755926064,True,False,False,2,,3,3,False,False,,,0.00014170624302825186,0.00011049798891349802,0.047323428031426085
sbm,12,540,4,2,20,7,10,-0.1,0.20306200232022323,0.8274129892713349,0.2454179532509524,0.3252369365376266,True,0.0347394024221243,0.0347394024221243,0.36139498710502554,0.2705560174437704,0.38450342325339043,0.7544194078701988,1.1389228311235893,0.18069749355251277,0.09209572834346111,0.14595809113038846,0.057356325921336805,True,True,True,0,2.0,3,3,True,False,2.0,0.5211993290741972,0.00014170624302825186,6.226049472421029e-05,0.009265135377171552
sbm,12,540,4,2,20,7,10,-0.05,0.10153100116011161,0.8274129892713349,0.1227089766254762,0.13987260026151044,True,0.01662910431604326,0.01662910431604326,0.36139498710502554,0.2705560174437704,0.18405462067143338,0.295532710938788,0.4795873316102214,0.18069749355251277,0.11253647194058022,0.16406838923646952,0.09590736762453697,True,True,True,0,2.0,3,3,True,False,2.0,1.180534828587565,0.00014170624302825186,9.053213618172411e-05,0.03456727489123734
sbm,12,540,4,2,20,7,10,-0.02,0.04061240046404457,0.8274129892713349,0.04908359065019038,0.05161714548995043,True,0.006483262834012434,0.006483262834012434,0.36139498710502554,0.2705560174437704,0.07175819328261267,0.10298183108401501,0.17474002436662767,0.18069749355251277,0.12591080903821247,0.17421423071850034,0.11942754620420004,True,True,True,0,2.0,3,3,True,False,2.0,1.4853821358311587,0.00014170624302825186,0.00011894146738323488,0.04887182694252501
sbm,12,540,4,2,20,7,10,0.02,0.04061240046404446,0.8274129892713349,0.04908359065019025,0.05161714548995029,True,0.006269172164855131,0.006269172164855131,0.36139498710502554,0.2705560174437704,0.06938859019683344,0.0993454708104621,0.16873406100729554,0.18069749355251277,0.1262095214550017,0.17442832138765765,0.11994034929014656,True,True,True,0,2.0,3,3,True,False,2.0,1.4913880991904909,0.00014170624302825186,0.00016708086904391006,0.06698492918958232
sbm,12,540,4,2,20,7,10,0.05,0.10153100116011161,0.8274129892713349,0.1227089766254762,0.13987260026151044,True,0.015290199347756215,0.015290199347756215,0.36139498710502554,0.2705560174437704,0.16923532304904615,0.2677404002910003,0.4369757233400465,0.18069749355251277,0.11421660183623897,0.16540729420475656,0.09892640248848275,True,True,True,0,2.0,3,3,True,False,2.0,1.22314643685774,0.00014170624302825186,0.00020929773698797873,0.07988870219698518
sbm,12,540,4,2,20,7,10,0.1,0.20306200232022323,0.8274129892713349,0.2454179532509524,0.3252369365376266,True,0.029371930458461232,0.029371930458461232,0.36139498710502554,0.2705560174437704,0.3250950511931192,0.6010661517256172,0.9261612029187364,0.18069749355251277,0.09773277158973787,0.15132556309405154,0.06836084113127663,True,True,True,0,2.0,3,3,True,False,2.0,0.7339609572790501,0.00014170624302825186,0.0002883429230979474,0.1001830729440818
sbm,12,540,4,2,20,7,10,0.2,0.40612400464044646,0.8274129892713349,0.4908359065019048,0.9640033788119841,False,0.05437161732477468,0.05437161732477468,0.36139498710502554,0.2705560174437704,0.6017971390286458,1.4673449512897836,2.0691420903184294,0.18069749355251277,0.07410884165578448,0.12632587622773808,0.019737224331009794,True,True,True,0,3.0,3,3,False,False,3.0,inf,0.00014170624302825186,0.00046660600945311,0.13667504827420407
sbm,12,540,4,2,21,7,11,-0.2,0.516777539157232,0.8274129892713349,0.6245702519274378,1.6636141785086307,False,0.02125186984700114,0.02125186984700114,0.36139498710502554,0.2705560174437704,0.2352204165004104,0.39751623480551856,0.6327366513059289,0.18069749355251277,0.10692328003860488,0.15944562370551163,0.08567141019160374,True,True,True,0,2.0,3,3,True,False,2.0,1.0273855088918575,0.00014170624302825186,0.0002879603081976972,0.05041234329163391
sbm,12,540,4,2,21,7,11,-0.1,0.258388769578616,0.8274129892713349,0.3122851259637189,0.4540909870552603,False,0.010021442241925527,0.010021442241925527,0.36139498710502554,0.2705560174437704,0.11091954896444847,0.16554069326056403,0.27646024222501253,0.18069749355251277,0.12107527212238499,0.17067605131058725,0.11105382988045946,True,True,True,0,2.0,3,3,True,False,2.0,1.3836619179727738,0.00014170624302825186,0.00019146157666873287,0.05435355232709904
sbm,12,540,4,2,21,7,11,-0.05,0.129194384789308,0.8274129892713349,0.15614256298185944,0.18503429149549916,True,0.004871696461892152,0.004871696461892152,0.36139498710502554,0.2705560174437704,0.05392101867175464,0.07601523033165368,0.12993624900340833,0.18069749355251277,0.12817685194498496,0.17582579709062063,0.1233051554830928,True,True,True,0,2.0,3,3,True,False,2.0,1.530185911194378,0.00014170624302825186,0.0001616070382745799,0.0562365406720402
sbm,12,540,4,2,21,7,11,-0.02,0.051677753915722935,0.8274129892713349,0.06245702519274346,0.06661777312723569,True,0.0019167207379144355,0.0019167207379144355,0.36139498710502554,0.2705560174437704,0.0212146909205181,0.028945100293360317,0.05015979121387842,0.18069749355251277,0.1324383552648536,0.17878077281459834,0.13052163452693916,True,True,True,0,0.0,3,3,True,True,0.0,0.007901958389952952,0.00014170624302825186,0.00014856783234890578,0.057338544933564606
sbm,12,540,4,2,21,7,11,0.02,0.05167775391572382,0.8274129892713349,0.06245702519274453,0.0666177731272369,True,0.001875655033603813,0.001875655033603813,0.36139498710502554,0.2705560174437704,0.020760166582595416,0.028312080631186887,0.049072247213782304,0.18069749355251277,0.13249856540304594,0.17882183851890895,0.13062291036944212,True,True,True,0,0.0,3,3,True,True,0.0,0.008989502390049066,0.00014170624302825186,0.00013620803070519175,0.058775860495605015
sbm,12,540,4,2,21,7,11,0.05,0.129194384789308,0.8274129892713349,0.15614256298185944,0.18503429149549916,True,0.004614893440700548,0.004614893440700548,0.36139498710502554,0.2705560174437704,0.05107866578524961,0.07180383726582139,0.122882503051071,0.18069749355251277,0.12854169404946933,0.17608260011181223,0.12392680060876878,True,True,True,0,2.0,3,3,True,False,2.0,1.5372396571467155,0.00014170624302825186,0.00013034076587429213,0.05983014092932515
sbm,12,540,4,2,21,7,11,0.1,0.25838876957861673,0.8274129892713349,0.31228512596371977,0.45409098705526213,False,0.008992192072315686,0.008992192072315686,0.36139498710502554,0.2705560174437704,0.09952757944262743,0.14685632200144805,0.24638390144407546,0.18069749355251277,0.12246244424161759,0.17170530148019708,0.1134702521693019,True,True,True,0,2.0,3,3,True,False,2.0,1.413738258753711,0.00014170624302825186,0.00012629602454513177,0.06154294361123469
sbm,12,540,4,2,21,7,11,0.2,0.516777539157232,0.8274129892713349,0.6245702519274378,1.6636141785086307,False,0.017101993416954023,0.017101993416954023,0.36139498710502554,0.2705560174437704,0.18928866229109023,0.3055318925723245,0.4948205548634147,0.18069749355251277,0.11194899015595039,0.16359550013555874,0.09484699673899637,True,True,True,0,2.0,3,3,True,False,2.0,1.1653016053343719,0.00014170624302825186,0.00013614575626899383,0.06480759141415193
sbm,12,540,4,2,22,8,10,-0.2,0.34147743785982426,0.8274129892713349,0.41270495180471845,0.7027216610678622,False,0.03943384608289774,0.03943384608289774,0.36139498710502554,0.2705560174437704,0.43646256854622956,0.9020387944123721,1.3385013629586018,0.18069749355251277,0.08743270539397739,0.14126364746961503,0.04799885931107965,True,True,True,2,2.0,3,3,True,True,0.0,0.3216207972391847,0.00014170624302825186,0.00014177511694265217,0.013575019577594327
sbm,12,540,4,2,22,8,10,-0.1,0.1707387189299123,0.8274129892713349,0.20635247590235942,0.2600051907639699,True,0.018597544098636096,0.018597544098636096,0.36139498710502554,0.2705560174437704,0.2058417494676697,0.33779586336918926,0.543637612836859,0.18069749355251277,0.11011114175966193,0.16209994945387668,0.09151359766102583,True,True,True,0,2.0,3,3,True,False,2.0,1.1164845473609275,0.00014170624302825186,0.00014172697246914325,0.02388833969793902
sbm,12,540,4,2,22,8,10,-0.05,0.08536935946495583,0.8274129892713349,0.10317623795117932,0.11504628034773534,True,0.009040055741781891,0.009040055741781891,0.36139498710502554,0.2705560174437704,0.10005734516903796,0.14771624359237787,0.2477735887614158,0.18069749355251277,0.12239758501749981,0.1716574378107309,0.11335752927571792,True,True,True,0,2.0,3,3,True,False,2.0,1.4123485714363706,0.00014170624302825186,0.00014171369826111821,0.041363797831882154
sbm,12,540,4,2,22,8,10,-0.02,0.03414774378598273,0.8274129892713349,0.04127049518047221,0.04304706903564109,True,0.0035564272293433187,0.0035564272293433187,0.36139498710502554,0.2705560174437704,0.03936332662311976,0.05469051286734261,0.09405383949046237,0.18069749355251277,0.13005645926085183,0.17714106632316945,0.1265000320315085,True,True,True,0,2.0,3,3,True,False,2.0,1.566068320707324,0.00014170624302825186,0.00014170858462919496,0.05147310367060198
sbm,12,540,4,2,22,8,10,0.02,0.03414774378598273,0.8274129892713349,0.04127049518047221,0.04304706903564109,True,0.0034797294181145985,0.0034797294181145985,0.36139498710502554,0.2705560174437704,0.038514418210270844,0.05346565206784169,0.09198007027811253,0.18069749355251277,0.13016691215882775,0.1772177641343982,0.12668718274071317,True,True,True,0,2.0,3,3,True,False,2.0,1.5681420899196739,0.00014170624302825186,0.0001417046938028201,0.06453281644884123
sbm,12,540,4,2,22,8,10,0.05,0.08536935946495583,0.8274129892713349,0.10317623795117932,0.11504628034773534,True,0.008560470397322738,0.008560470397322738,0.36139498710502554,0.2705560174437704,0.0947491880382388,0.13913919074789613,0.23388837878613494,0.18069749355251277,0.12304901805607457,0.17213702315519003,0.11448854765875183,True,True,True,0,2.0,3,3,True,False,2.0,1.4262337814116515,0.00014170624302825186,0.0001417037484601779,0.07402468374404703
sbm,12,540,4,2,22,8,10,0.1,0.17073871892991244,0.8274129892713349,0.20635247590235958,0.2600051907639701,True,0.016676001428412596,0.016676001428412596,0.36139498710502554,0.2705560174437704,0.18457368832917828,0.2965200412028331,0.48109372953201135,0.18069749355251277,0.11247807305547661,0.16402149212410017,0.09580207162706401,True,True,True,0,2.0,3,3,True,False,2.0,1.1790284306657752,0.00014170624302825186,0.0001417054753285737,0.08929297750837395
sbm,12,540,4,2,22,8,10,0.2,0.34147743785982426,0.8274129892713349,0.41270495180471845,0.7027216610678622,False,0.031696403193714,0.031696403193714,0.36139498710502554,0.2705560174437704,0.3508228318009587,0.6655385197419432,1.016361351542902,0.18069749355251277,0.09525039424015308,0.14900109035879877,0.06355399104643908,True,True,True,0,2.0,3,3,True,False,2.0,0.6437608086548845,0.00014170624302825186,0.0001417191370547197,0.11789648918456486
sbm,12,540,4,2,23,8,11,-0.2,0.4479110020432903,0.8274129892713349,0.5413390989157002,1.180259964684028,False,0.031784532041548005,0.031784532041548005,0.36139498710502554,0.2705560174437704,0.3517982614663225,0.6680402951951325,1.019838556661455,0.18069749355251277,0.09515752947885826,0.14891296151096478,0.06337299743731026,True,True,True,0,2.0,3,3,True,False,2.0,0.6402836035363315,0.00014170624302825186,0.00011701115286972333,0.05418042825604674
sbm,12,540,4,2,23,8,11,-0.1,0.22395550102164546,0.8274129892713349,0.27066954945785043,0.37112059321895524,False,0.015273009406791261,0.015273009406791261,0.36139498710502554,0.2705560174437704,0.16904506096375652,0.2673885155590277,0.43643357652278425,0.18069749355251277,0.11423833499251128,0.1654244841457215,0.09896532558572002,True,True,True,0,2.0,3,3,True,False,2.0,1.2236885836750022,0.00014170624302825186,0.0001294362868421742,0.056135137033134885
sbm,12,540,4,2,23,8,11,-0.05,0.11197775051082283,0.8274129892713349,0.13533477472892536,0.15651696260422357,True,0.007488731016864562,0.007488731016864562,0.36139498710502554,0.2705560174437704,0.08288693849190831,0.1202841394636415,0.2031710779555498,0.18069749355251277,0.12451734784415522,0.1732087625356482,0.11702861682729065,True,True,True,0,2.0,3,3,True,False,2.0,1.4569510822422367,0.00014170624302825186,0.00013559660048702808,0.05710282235617847
sbm,12,540,4,2,23,8,11,-0.02,0.04479110020432864,0.8274129892713349,0.05413390989156954,0.057232107649999205,True,0.0029608991446899696,0.0029608991446899696,0.36139498710502554,0.2705560174437704,0.0327718894875484,0.045233381885016265,0.07800527137256466,0.18069749355251277,0.13091654973827105,0.1777365944078228,0.12795565059358108,True,True,True,0,2.0,3,3,True,False,2.0,1.5821168888252217,0.00014170624302825186,0.00013926912459840315,0.05767932571351664
sbm,12,540,4,2,23,8,11,0.02,0.04479110020432864,0.8274129892713349,0.05413390989156954,0.057232107649999205,True,0.0029157692765068503,0.0029157692765068503,0.36139498710502554,0.2705560174437704,0.03227238208104413,0.04452169260000659,0.07679407468105072,0.18069749355251277,0.13098195985955927,0.17778172427600591,0.1280661905830524,True,True,True,0,2.0,3,3,True,False,2.0,1.5833280855167358,0.00014170624302825186,0.0001441336809258826,0.05844254264954096
sbm,12,540,4,2,23,8,11,0.05,0.11197775051082283,0.8274129892713349,0.13533477472892536,0.15651696260422357,True,0.007206632201158071,0.007206632201158071,0.36139498710502554,0.2705560174437704,0.07976460613233399,0.11539220705654935,0.19515681318888334,0.18069749355251277,0.12490673997814035,0.1734908613513547,0.11770010777698228,True,True,True,0,2.0,3,3,True,False,2.0,1.4649653470089032,0.00014170624302825186,0.00014775548730339724,0.05901049947853276
sbm,12,540,4,2,23,8,11,0.1,0.22395550102164546,0.8274129892713349,0.27066954945785043,0.37112059321895524,False,0.014144084737488532,0.014144084737488532,0.36139498710502554,0.2705560174437704,0.15654987193696848,0.24454928019822825,0.40109915213519676,0.18069749355251277,0.1156747198439802,0.16655340881502423,0.10153063510649167,True,True,True,0,2.0,3,3,True,False,2.0,1.2590230080625897,0.00014170624302825186,0.00015373610878046808,0.059947873021713116
sbm,12,540,4,2,23,8,11,0.2,0.44791100204329043,0.8274129892713349,0.5413390989157003,1.1802599646840286,False,0.027260435987345396,0.027260435987345396,0.36139498710502554,0.2705560174437704,0.30172456132517633,0.5449703861626545,0.8466949474878308,0.18069749355251277,0.1000437333092412,0.15343705756516737,0.0727832973218958,True,True,True,0,2.0,3,3,True,False,2.0,0.8134272127099557,0.00014170624302825186,0.00016546512306191973,0.06178465560172297
sbm,12,540,4,2,24,9,11,-0.2,0.43863351501287273,0.8274129892713349,0.5301264552290355,1.1282321831663042,False,0.04674580447108232,0.04674580447108232,0.36139498710502554,0.2705560174437704,0.517392948314443,1.1594348079375407,1.6768277562519838,0.18069749355251277,0.08063550300725583,0.13395168908143046,0.03388969853617351,True,True,True,0,3.0,3,3,False,False,3.0,inf,0.00014170624302825186,0.0001974488498476162,0.04248165045427821
sbm,12,540,4,2,24,9,11,-0.1,0.21931675750643664,0.8274129892713349,0.26506322761451806,0.3606612671647483,False,0.02195664866990544,0.02195664866990544,0.36139498710502554,0.2705560174437704,0.24302106507663965,0.41391537062567335,0.656936435702313,0.18069749355251277,0.10609245381110553,0.15874084488260734,0.08413580514120009,True,True,True,0,2.0,3,3,True,False,2.0,1.0031857244954736,0.00014170624302825186,0.00016688714530654311,0.057998756716601596
sbm,12,540,4,2,24,9,11,-0.05,0.10965837875321836,0.8274129892713349,0.13253161380725909,0.15277976225615694,True,0.010649099383244265,0.010649099383244265,0.36139498710502554,0.2705560174437704,0.11786659763655785,0.1771350429162512,0.2950016405528091,0.18069749355251277,0.12023707119634278,0.1700483941692685,0.10958797181309851,True,True,True,0,2.0,3,3,True,False,2.0,1.3651205196449774,0.00014170624302825186,0.0001536917790525114,0.05805422778337821
sbm,12,540,4,2,24,9,11,-0.02,0.04386335150128695,0.8274129892713349,0.05301264552290316,0.055980309844977226,True,0.004183643303647843,0.004183643303647843,0.36139498710502554,0.2705560174437704,0.046305493467534216,0.06478398571970166,0.11108947918723588,0.18069749355251277,0.12915671233162618,0.17651385024886493,0.12497306902797833,True,True,True,0,2.0,3,3,True,False,2.0,1.5490326810105506,0.00014170624302825186,0.00014636322365076817,0.058063910880909786
sbm,12,540,4,2,24,9,11,0.02,0.04386335150128695,0.8274129892713349,0.05301264552290316,0.055980309844977226,True,0.004085703325121366,0.004085703325121366,0.36139498710502554,0.2705560174437704,0.04522147202815532,0.06319883281537349,0.1084203048435288,0.18069749355251277,0.1292967968904481,0.1766117902273914,0.12521109356532673,True,True,True,0,2.0,3,3,True,False,2.0,1.5517018553542576,0.00014170624302825186,0.00013722350951858556,0.05805330696906008
sbm,12,540,4,2,24,9,11,0.05,0.10965837875321836,0.8274129892713349,0.13253161380725909,0.15277976225615694,True,0.01003676627893158,0.01003676627893158,0.36139498710502554,0.2705560174437704,0.11108915881021648,0.1658219483089759,0.27691110711919237,0.18069749355251277,0.12105473830557197,0.1706607272735812,0.11101797202664039,True,True,True,0,2.0,3,3,True,False,2.0,1.3832110530785942,0.00014170624302825186,0.00013081056439475142,0.05802991536936952
sbm,12,540,4,2,24,9,11,0.1,0.219316757506437,0.8274129892713349,0.2650632276145185,0.36066126716474906,False,0.019504352754874377,0.019504352754874377,0.36139498710502554,0.2705560174437704,0.21587850911951015,0.3578402446168154,0.5737187537363255,0.18069749355251277,0.10901151029426634,0.16119314079763838,0.08950715753939197,True,True,True,0,2.0,3,3,True,False,2.0,1.086403406461461,0.00014170624302825186,0.00012089636540043676,0.05796591961140196
sbm,12,540,4,2,24,9,11,0.2,0.4386335150128729,0.8274129892713349,0.5301264552290357,1.1282321831663051,False,0.036889931838033144,0.036889931838033144,0.36139498710502554,0.2705560174437704,0.40830596056178836,0.8204189293080524,1.2287248898698406,0.18069749355251277,0.08992949947936085,0.14380756171447961,0.05303956764132771,True,True,True,0,2.0,3,3,True,False,2.0,0.43139727032794584,0.00014170624302825186,0.00010363203893673119,0.05776452874133442
